image_name,true_class,cnn_predicted_class,cnn_confidence_pct,filter_top_class,filter_top_score_pct,is_matched,agreement_status,score_01_Good_pct,passed_01_Good,score_02_Out_of_Focus_pct,passed_02_Out_of_Focus,score_03_Tracking_Error_pct,passed_03_Tracking_Error,score_04_Over_Saturated_pct,passed_04_Over_Saturated,score_05_No_Star_pct,passed_05_No_Star,score_06_Satellite_pct,passed_06_Satellite
260504UA1N_1_1.png,01_Good,01_Good,78.19,01_Good,81.58,True,STRONG_MATCH,81.58,True,0.0,False,31.45,False,4.5,False,5.74,False,3.39,False
260504XO6E_1_2.png,01_Good,01_Good,89.44,01_Good,73.64,True,STRONG_MATCH,73.64,True,0.0,False,13.57,False,4.75,False,2.37,False,22.53,False
260505C86N_1_1.png,01_Good,01_Good,51.21,01_Good,62.49,True,STRONG_MATCH,62.49,True,0.0,False,29.76,False,6.95,False,0.0,False,22.13,False
260505GOYV_1_2.png,01_Good,01_Good,54.16,01_Good,57.56,True,STRONG_MATCH,57.56,True,0.0,False,5.0,False,9.69,False,14.62,False,21.63,False
260505HYM1_1_1.png,01_Good,02_Out_of_Focus,57.66,01_Good,54.8,False,MISMATCH,54.8,True,0.0,False,5.0,False,7.18,False,26.64,False,22.08,False
260505J2WH_1_2.png,01_Good,01_Good,92.86,01_Good,78.04,True,STRONG_MATCH,78.04,True,0.0,False,28.16,False,6.04,False,3.45,False,22.29,False
260505KSCR_1_2.png,01_Good,01_Good,93.26,01_Good,71.62,True,STRONG_MATCH,71.62,True,0.0,False,29.86,False,6.34,False,5.48,False,22.24,False
260505NMQQ_1_1.png,01_Good,01_Good,85.08,01_Good,50.21,True,STRONG_MATCH,50.21,True,0.0,False,37.42,False,4.89,False,12.86,False,28.2,False
260505NMQQ_1_2.png,01_Good,01_Good,93.71,01_Good,44.0,True,WEAK_MATCH,44.0,False,0.0,False,19.8,False,0.0,False,3.56,False,30.44,False
260505VPIS_1_2.png,01_Good,01_Good,68.33,01_Good,58.39,True,STRONG_MATCH,58.39,True,0.0,False,0.0,False,6.45,False,15.28,False,22.22,False
260505YLLO_1_2.png,01_Good,05_No_Star,74.25,05_No_Star,66.8,True,STRONG_MATCH,64.72,True,2.0,False,5.0,False,8.01,False,66.8,True,21.93,False
260505Z6QP_1_1.png,01_Good,02_Out_of_Focus,64.42,01_Good,66.66,False,MISMATCH,66.66,True,0.0,False,16.54,False,5.28,False,13.08,False,22.43,False
260506EJKW_1_1.png,01_Good,01_Good,50.93,01_Good,66.67,True,STRONG_MATCH,66.67,True,0.0,False,25.17,False,5.18,False,14.45,False,22.45,False
260506JODA_1_1.png,01_Good,05_No_Star,60.95,01_Good,77.84,False,MISMATCH,77.84,True,0.0,False,9.83,False,6.87,False,5.74,False,22.14,False
260506M34T_1_2.png,01_Good,01_Good,82.54,01_Good,62.54,True,STRONG_MATCH,62.54,True,0.0,False,17.54,False,16.34,False,0.0,False,22.46,False
260506RU2Q_1_2.png,01_Good,01_Good,93.12,01_Good,79.17,True,STRONG_MATCH,79.17,True,0.0,False,32.59,False,7.19,False,1.93,False,22.08,False
260506VDXY_1_2.png,01_Good,01_Good,88.94,01_Good,59.32,True,STRONG_MATCH,59.32,True,0.0,False,41.74,False,14.41,False,0.0,False,23.87,False
260506Z0E8_1_1.png,01_Good,02_Out_of_Focus,35.7,06_Satellite,47.61,False,MISMATCH,0.99,False,0.0,False,5.0,False,9.35,False,46.72,False,47.61,False
260506ZT35_1_2.png,01_Good,01_Good,74.25,01_Good,47.07,True,WEAK_MATCH,47.07,False,21.29,False,5.0,False,12.32,False,0.0,False,22.58,False
260507FI1X_1_3.png,01_Good,01_Good,83.87,03_Tracking_Error,55.58,False,MISMATCH,46.54,False,0.0,False,55.58,True,15.95,False,0.0,False,22.58,False
260507P0S8_1.png,01_Good,02_Out_of_Focus,76.98,02_Out_of_Focus,49.86,True,WEAK_MATCH,10.0,False,49.86,False,8.0,False,8.11,False,15.0,False,26.97,False
260507S40B_1_1.png,01_Good,01_Good,73.95,01_Good,63.29,True,STRONG_MATCH,63.29,True,0.0,False,3.05,False,11.39,False,0.0,False,22.44,False
260507VMLG_1_4.png,01_Good,01_Good,63.16,02_Out_of_Focus,55.88,False,MISMATCH,10.0,False,55.88,True,8.0,False,6.15,False,0.0,False,22.27,False
260507YJLD_1_1.png,01_Good,02_Out_of_Focus,68.55,01_Good,55.39,False,MISMATCH,55.39,True,0.0,False,12.17,False,7.84,False,0.0,False,22.34,False
260508CSN2_1_9.png,01_Good,01_Good,74.72,01_Good,47.72,True,WEAK_MATCH,47.72,False,0.0,False,2.59,False,7.25,False,0.0,False,22.07,False
260508DPJC_1_2.png,01_Good,01_Good,81.15,01_Good,81.08,True,STRONG_MATCH,81.08,True,0.0,False,5.31,False,9.22,False,5.27,False,21.71,False
260508E9TV_1_2.png,01_Good,01_Good,97.44,03_Tracking_Error,77.31,False,MISMATCH,10.0,False,50.83,True,77.31,True,4.04,False,4.02,False,3.39,False
260508FJSK_1_2.png,01_Good,01_Good,80.75,01_Good,66.88,True,STRONG_MATCH,66.88,True,0.0,False,13.8,False,6.89,False,3.62,False,22.15,False
260508HAQ2_1_2.png,01_Good,01_Good,89.59,01_Good,70.93,True,STRONG_MATCH,70.93,True,0.0,False,17.47,False,6.55,False,0.0,False,22.2,False
260508JO23_1_2.png,01_Good,01_Good,51.87,01_Good,72.23,True,STRONG_MATCH,72.23,True,0.0,False,13.18,False,7.12,False,0.0,False,22.44,False
260508LY6T_1_1.png,01_Good,01_Good,51.82,01_Good,62.74,True,STRONG_MATCH,62.74,True,0.0,False,2.04,False,9.78,False,0.0,False,22.22,False
260508SDDG_1_2.png,01_Good,01_Good,77.42,03_Tracking_Error,68.13,False,MISMATCH,15.33,False,0.0,False,68.13,True,6.95,False,13.4,False,3.32,False
260508TV3G_1_2.png,01_Good,01_Good,75.55,01_Good,41.71,True,WEAK_MATCH,41.71,False,22.23,False,5.0,False,17.55,False,0.0,False,22.58,False
260509D6IM_1_1.png,01_Good,01_Good,77.88,03_Tracking_Error,51.57,False,MISMATCH,18.37,False,0.0,False,51.57,True,7.35,False,0.0,False,3.35,False
260509M4QG_1_2.png,01_Good,01_Good,94.63,01_Good,68.1,True,STRONG_MATCH,68.1,True,0.0,False,44.28,False,6.48,False,0.0,False,22.58,False
260509YJAM_1_1.png,01_Good,01_Good,83.45,01_Good,42.93,True,WEAK_MATCH,42.93,False,19.38,False,5.0,False,17.66,False,0.0,False,3.39,False
26051017OV_1_2.png,01_Good,01_Good,66.4,01_Good,60.61,True,STRONG_MATCH,60.61,True,0.0,False,14.98,False,23.48,False,0.0,False,22.58,False
260510576I_1_2.png,01_Good,01_Good,88.37,01_Good,54.66,True,STRONG_MATCH,54.66,True,0.0,False,46.57,False,18.7,False,0.0,False,22.58,False
260510L3TG_1_1.png,01_Good,01_Good,73.42,02_Out_of_Focus,75.5,False,MISMATCH,10.0,False,75.5,True,5.0,False,6.65,False,9.32,False,29.01,False
260510PZR7_1_1.png,01_Good,01_Good,89.54,01_Good,47.34,True,WEAK_MATCH,47.34,False,0.0,False,20.68,False,0.0,False,4.93,False,4.43,False
260510ZTBS_1_2.png,01_Good,01_Good,70.77,01_Good,44.57,True,WEAK_MATCH,44.57,False,4.07,False,5.0,False,29.82,False,0.0,False,22.58,False
260511162T_1_2.png,01_Good,01_Good,61.2,01_Good,67.31,True,STRONG_MATCH,67.31,True,0.0,False,37.04,False,5.19,False,10.29,False,3.37,False
26051144SS_1_2.png,01_Good,01_Good,95.07,02_Out_of_Focus,79.36,False,MISMATCH,10.0,False,79.36,True,58.22,True,4.48,False,8.02,False,22.58,False
2605116797_4.png,01_Good,01_Good,67.61,03_Tracking_Error,73.34,False,MISMATCH,17.74,False,0.0,False,73.34,True,6.24,False,3.51,False,3.34,False
260511F3EG_1_2.png,01_Good,01_Good,94.54,01_Good,49.07,True,WEAK_MATCH,49.07,False,0.0,False,3.3,False,19.51,False,0.0,False,23.5,False
2605122057_1_8.png,01_Good,01_Good,71.08,01_Good,78.34,True,STRONG_MATCH,78.34,True,0.0,False,1.94,False,9.02,False,0.0,False,22.58,False
260512416I_10.png,01_Good,01_Good,71.81,01_Good,76.66,True,STRONG_MATCH,76.66,True,0.0,False,43.78,False,8.31,False,1.87,False,21.88,False
2605137521_1_2.png,01_Good,01_Good,53.15,03_Tracking_Error,72.05,False,MISMATCH,16.01,False,0.0,False,72.05,True,6.6,False,13.48,False,3.33,False
260522275C_1_2.png,01_Good,01_Good,87.47,01_Good,73.19,True,STRONG_MATCH,73.19,True,0.0,False,54.74,True,7.5,False,0.0,False,22.03,False
26052697R1_1_2.png,01_Good,01_Good,83.63,01_Good,66.83,True,STRONG_MATCH,66.83,True,0.0,False,32.22,False,12.75,False,0.0,False,22.58,False
