image_name,image_path,true_class,cnn_predicted_class,cnn_confidence_pct,cnn_is_correct,filter_top_class,filter_top_score_pct,filter_is_correct,agreement_status,is_matched,both_correct,score_01_Good_pct,passed_01_Good,score_02_Out_of_Focus_pct,passed_02_Out_of_Focus,score_03_Tracking_Error_pct,passed_03_Tracking_Error,score_04_Over_Saturated_pct,passed_04_Over_Saturated,score_05_No_Star_pct,passed_05_No_Star,score_06_Satellite_pct,passed_06_Satellite,feat_fwhm_median,feat_eccentricity_median,feat_star_count,feat_mean_circularity,feat_mean_aspect_ratio,feat_mean_hollowness,feat_saturated_ratio_pct,feat_streak_count,feat_long_line_count,feat_mean_intensity
260504UA1N_1_1.png,D:\Internship\Test_Rule\test_rule_new_v2\Dataset_For_Rule_Base\01_Good\260504UA1N_1_1.png,01_Good,01_Good,78.19,TRUE,03_Tracking_Error,66.88,FALSE,MISMATCH,FALSE,FALSE,42.8,FALSE,5.17,FALSE,66.88,TRUE,4.97,FALSE,32.65,FALSE,29.05,FALSE,15.34,0.422,11,0.795,1.28,0,2.006,0,1213,123.09
260504XO6E_1_2.png,D:\Internship\Test_Rule\test_rule_new_v2\Dataset_For_Rule_Base\01_Good\260504XO6E_1_2.png,01_Good,01_Good,89.44,TRUE,01_Good,57.99,TRUE,STRONG_MATCH,TRUE,TRUE,57.99,TRUE,9.47,FALSE,53.5,TRUE,0.95,FALSE,22.45,FALSE,29.01,FALSE,18.96,0.359,62,0.787,1.15,0.0008,2.034,0,1228,118.47
260505C86N_1_1.png,D:\Internship\Test_Rule\test_rule_new_v2\Dataset_For_Rule_Base\01_Good\260505C86N_1_1.png,01_Good,01_Good,51.21,TRUE,03_Tracking_Error,58.14,FALSE,MISMATCH,FALSE,FALSE,43.4,FALSE,13.58,FALSE,58.14,TRUE,0,FALSE,22.45,FALSE,28.65,FALSE,23.43,0.352,75,0.752,1.23,0.003,2.282,0,1234,117.47
260505GOYV_1_2.png,D:\Internship\Test_Rule\test_rule_new_v2\Dataset_For_Rule_Base\01_Good\260505GOYV_1_2.png,01_Good,01_Good,54.16,TRUE,03_Tracking_Error,58.58,FALSE,MISMATCH,FALSE,FALSE,34.31,FALSE,12.04,FALSE,58.58,TRUE,0,FALSE,55.61,TRUE,28.2,FALSE,23.93,0.373,6,0.801,1.18,0,2.59,0,1208,123.82
260505HYM1_1_1.png,D:\Internship\Test_Rule\test_rule_new_v2\Dataset_For_Rule_Base\01_Good\260505HYM1_1_1.png,01_Good,02_Out_of_Focus,57.66,FALSE,05_No_Star,73.47,FALSE,MISMATCH,FALSE,FALSE,5,FALSE,8.11,FALSE,68.5,TRUE,2.11,FALSE,73.47,TRUE,28.8,FALSE,17.68,0.327,1,0.767,1.5,0,2.308,0,1231,124.58
260505J2WH_1_2.png,D:\Internship\Test_Rule\test_rule_new_v2\Dataset_For_Rule_Base\01_Good\260505J2WH_1_2.png,01_Good,01_Good,92.86,TRUE,01_Good,57.57,TRUE,STRONG_MATCH,TRUE,TRUE,57.57,TRUE,7.5,FALSE,51.7,TRUE,1.96,FALSE,22.45,FALSE,30.22,FALSE,17.85,0.343,51,0.804,1.15,0,2.18,0,1241,118.76
260505KSCR_1_2.png,D:\Internship\Test_Rule\test_rule_new_v2\Dataset_For_Rule_Base\01_Good\260505KSCR_1_2.png,01_Good,01_Good,93.26,TRUE,01_Good,53.33,TRUE,STRONG_MATCH,TRUE,TRUE,53.33,TRUE,13.62,FALSE,45.03,FALSE,0,FALSE,22.45,FALSE,28.75,FALSE,21.56,0.407,20,0.801,1.16,0.0067,2.214,0,1269,112.68
260505NMQQ_1_1.png,D:\Internship\Test_Rule\test_rule_new_v2\Dataset_For_Rule_Base\01_Good\260505NMQQ_1_1.png,01_Good,01_Good,85.08,TRUE,01_Good,57.45,TRUE,STRONG_MATCH,TRUE,TRUE,57.45,TRUE,21.6,FALSE,21.26,FALSE,1.52,FALSE,22.45,FALSE,36.33,FALSE,18.33,0.344,29,0.802,1.1,0.0133,2.05,0,1313,97.88
260505NMQQ_1_2.png,D:\Internship\Test_Rule\test_rule_new_v2\Dataset_For_Rule_Base\01_Good\260505NMQQ_1_2.png,01_Good,01_Good,93.71,TRUE,01_Good,68.4,TRUE,STRONG_MATCH,TRUE,TRUE,68.4,TRUE,46.22,FALSE,5.47,FALSE,2.4,FALSE,22.45,FALSE,39.67,FALSE,17.35,0.328,41,0.789,1.11,0.0104,0,0,1351,65.42
260505VPIS_1_2.png,D:\Internship\Test_Rule\test_rule_new_v2\Dataset_For_Rule_Base\01_Good\260505VPIS_1_2.png,01_Good,01_Good,68.33,TRUE,01_Good,49.55,TRUE,WEAK_MATCH,TRUE,TRUE,49.55,FALSE,16.3,FALSE,35.5,FALSE,0,FALSE,22.45,FALSE,30.26,FALSE,22.86,0.306,15,0.775,1.12,0,2.226,0,1244,111.81
260505YLLO_1_2.png,D:\Internship\Test_Rule\test_rule_new_v2\Dataset_For_Rule_Base\01_Good\260505YLLO_1_2.png,01_Good,05_No_Star,74.25,FALSE,05_No_Star,73.47,FALSE,STRONG_MATCH,TRUE,FALSE,5,FALSE,8,FALSE,69.99,TRUE,2.26,FALSE,73.47,TRUE,28.47,FALSE,17.51,0.362,2,0.778,1.33,0,2.401,0,1208,124.14
260505Z6QP_1_1.png,D:\Internship\Test_Rule\test_rule_new_v2\Dataset_For_Rule_Base\01_Good\260505Z6QP_1_1.png,01_Good,02_Out_of_Focus,64.42,FALSE,01_Good,57.27,TRUE,MISMATCH,FALSE,FALSE,57.27,TRUE,8.13,FALSE,39.07,FALSE,3,FALSE,27.55,FALSE,28.92,FALSE,18.05,0.363,13,0.774,1.08,0,2.095,0,1269,113.82
260506EJKW_1_1.png,D:\Internship\Test_Rule\test_rule_new_v2\Dataset_For_Rule_Base\01_Good\260506EJKW_1_1.png,01_Good,01_Good,50.93,TRUE,01_Good,57.39,TRUE,STRONG_MATCH,TRUE,TRUE,57.39,TRUE,5.22,FALSE,49.58,FALSE,4,FALSE,30.1,FALSE,28.94,FALSE,16.29,0.36,12,0.813,1.11,0,2.083,0,1213,122.18
260506JODA_1_1.png,D:\Internship\Test_Rule\test_rule_new_v2\Dataset_For_Rule_Base\01_Good\260506JODA_1_1.png,01_Good,05_No_Star,60.95,FALSE,01_Good,56.21,TRUE,MISMATCH,FALSE,FALSE,56.21,TRUE,2.58,FALSE,47.97,FALSE,12.79,FALSE,50.51,TRUE,28.66,FALSE,12.25,0.287,7,0.797,1.07,0,2.273,0,1236,126.14
260506M34T_1_2.png,D:\Internship\Test_Rule\test_rule_new_v2\Dataset_For_Rule_Base\01_Good\260506M34T_1_2.png,01_Good,01_Good,82.54,TRUE,01_Good,51.62,TRUE,STRONG_MATCH,TRUE,TRUE,51.62,TRUE,18.29,FALSE,44.17,FALSE,5.26,FALSE,18.63,FALSE,28.95,FALSE,21.06,0.426,252,0.771,1.17,0.0065,2.076,0,1213,107.47
260506RU2Q_1_2.png,D:\Internship\Test_Rule\test_rule_new_v2\Dataset_For_Rule_Base\01_Good\260506RU2Q_1_2.png,01_Good,01_Good,93.12,TRUE,01_Good,57.91,TRUE,STRONG_MATCH,TRUE,TRUE,57.91,TRUE,7.32,FALSE,52.79,TRUE,2.19,FALSE,22.45,FALSE,28.61,FALSE,17.59,0.337,81,0.797,1.13,0,2.309,0,1222,119.04
260506VDXY_1_2.png,D:\Internship\Test_Rule\test_rule_new_v2\Dataset_For_Rule_Base\01_Good\260506VDXY_1_2.png,01_Good,01_Good,88.94,TRUE,01_Good,73.24,TRUE,STRONG_MATCH,TRUE,TRUE,73.24,TRUE,43.47,FALSE,16.35,FALSE,17.06,FALSE,14.48,FALSE,33.9,FALSE,18.46,0.496,446,0.798,1.13,0.0154,0,0,1221,76.25
260506Z0E8_1_1.png,D:\Internship\Test_Rule\test_rule_new_v2\Dataset_For_Rule_Base\01_Good\260506Z0E8_1_1.png,01_Good,02_Out_of_Focus,35.7,FALSE,05_No_Star,73.47,FALSE,MISMATCH,FALSE,FALSE,5,FALSE,4.1,FALSE,40.37,FALSE,5.22,FALSE,73.47,TRUE,54.85,TRUE,16.39,0.378,2,0.8,1.07,0,2.501,0,1197,129.69
260506ZT35_1_2.png,D:\Internship\Test_Rule\test_rule_new_v2\Dataset_For_Rule_Base\01_Good\260506ZT35_1_2.png,01_Good,01_Good,74.25,TRUE,01_Good,71.98,TRUE,STRONG_MATCH,TRUE,TRUE,71.98,TRUE,65.27,TRUE,13.16,FALSE,18.61,FALSE,13.81,FALSE,30.51,FALSE,18.61,0.501,480,0.807,1.12,0.0396,0,0,1233,60.67
260507FI1X_1_3.png,D:\Internship\Test_Rule\test_rule_new_v2\Dataset_For_Rule_Base\01_Good\260507FI1X_1_3.png,01_Good,01_Good,83.87,TRUE,02_Out_of_Focus,67.2,FALSE,MISMATCH,FALSE,FALSE,64.17,TRUE,67.2,TRUE,14.22,FALSE,16.97,FALSE,13.76,FALSE,30.51,FALSE,21.3,0.491,357,0.792,1.21,0.0193,0,0,1203,48.96
260507P0S8_1.png,D:\Internship\Test_Rule\test_rule_new_v2\Dataset_For_Rule_Base\01_Good\260507P0S8_1.png,01_Good,02_Out_of_Focus,76.98,FALSE,03_Tracking_Error,74.87,FALSE,MISMATCH,FALSE,FALSE,5,FALSE,4.89,FALSE,74.87,TRUE,13.01,FALSE,73.47,TRUE,37.74,FALSE,12.27,0.513,1,0.698,1.67,0,2.413,0,1217,127.87
260507S40B_1_1.png,D:\Internship\Test_Rule\test_rule_new_v2\Dataset_For_Rule_Base\01_Good\260507S40B_1_1.png,01_Good,01_Good,73.95,TRUE,01_Good,45.93,TRUE,WEAK_MATCH,TRUE,TRUE,45.93,FALSE,23.53,FALSE,37.81,FALSE,0.15,FALSE,19.16,FALSE,28.93,FALSE,25.37,0.376,182,0.758,1.15,0.0066,2.086,0,1196,105
260507VMLG_1_4.png,D:\Internship\Test_Rule\test_rule_new_v2\Dataset_For_Rule_Base\01_Good\260507VMLG_1_4.png,01_Good,01_Good,63.16,TRUE,03_Tracking_Error,47.55,FALSE,MISMATCH,FALSE,FALSE,47.26,FALSE,13.51,FALSE,47.55,FALSE,0,FALSE,22.45,FALSE,28.78,FALSE,21.26,0.364,76,0.743,1.16,0.0014,2.191,0,1208,113.05
260507YJLD_1_1.png,D:\Internship\Test_Rule\test_rule_new_v2\Dataset_For_Rule_Base\01_Good\260507YJLD_1_1.png,01_Good,02_Out_of_Focus,68.55,FALSE,01_Good,53.73,TRUE,MISMATCH,FALSE,FALSE,53.73,TRUE,13.75,FALSE,50.15,TRUE,0.09,FALSE,22.43,FALSE,28.84,FALSE,19.9,0.392,117,0.722,1.17,0.0072,2.148,0,1213,111.74
260508CSN2_1_9.png,D:\Internship\Test_Rule\test_rule_new_v2\Dataset_For_Rule_Base\01_Good\260508CSN2_1_9.png,01_Good,01_Good,74.72,TRUE,03_Tracking_Error,55.11,FALSE,MISMATCH,FALSE,FALSE,36.19,FALSE,26.35,FALSE,55.11,TRUE,0,FALSE,22.45,FALSE,28.6,FALSE,23.86,0.535,83,0.742,1.2,0.0084,2.316,0,1205,128.98
260508DPJC_1_2.png,D:\Internship\Test_Rule\test_rule_new_v2\Dataset_For_Rule_Base\01_Good\260508DPJC_1_2.png,01_Good,01_Good,81.15,TRUE,01_Good,54.99,TRUE,STRONG_MATCH,TRUE,TRUE,54.99,TRUE,7.4,FALSE,48.9,FALSE,1.96,FALSE,22.45,FALSE,29.64,FALSE,17.84,0.271,23,0.797,1.08,0,2.537,0,1219,122.55
260508E9TV_1_2.png,D:\Internship\Test_Rule\test_rule_new_v2\Dataset_For_Rule_Base\01_Good\260508E9TV_1_2.png,01_Good,01_Good,97.44,TRUE,02_Out_of_Focus,78.83,FALSE,MISMATCH,FALSE,FALSE,56.13,TRUE,78.83,TRUE,6,FALSE,0,FALSE,22.45,FALSE,30.51,FALSE,22.01,0.36,33,0.767,1.16,0.056,0,0,1291,47.97
260508FJSK_1_2.png,D:\Internship\Test_Rule\test_rule_new_v2\Dataset_For_Rule_Base\01_Good\260508FJSK_1_2.png,01_Good,01_Good,80.75,TRUE,03_Tracking_Error,54.65,FALSE,MISMATCH,FALSE,FALSE,47.54,FALSE,11.23,FALSE,54.65,TRUE,0,FALSE,22.45,FALSE,28.67,FALSE,20.18,0.362,50,0.738,1.18,0.0052,2.266,0,1223,117.81
260508HAQ2_1_2.png,D:\Internship\Test_Rule\test_rule_new_v2\Dataset_For_Rule_Base\01_Good\260508HAQ2_1_2.png,01_Good,01_Good,89.59,TRUE,01_Good,54.48,TRUE,STRONG_MATCH,TRUE,TRUE,54.48,TRUE,9.17,FALSE,52.89,TRUE,1.84,FALSE,22.45,FALSE,28.71,FALSE,17.97,0.348,122,0.773,1.16,0.0037,2.237,0,1200,117.46
260508JO23_1_2.png,D:\Internship\Test_Rule\test_rule_new_v2\Dataset_For_Rule_Base\01_Good\260508JO23_1_2.png,01_Good,01_Good,51.87,TRUE,01_Good,56.03,TRUE,STRONG_MATCH,TRUE,TRUE,56.03,TRUE,15.21,FALSE,43.06,FALSE,3.73,FALSE,19.93,FALSE,28.93,FALSE,20.42,0.41,231,0.775,1.14,0.0046,2.085,0,1265,108.43
260508LY6T_1_1.png,D:\Internship\Test_Rule\test_rule_new_v2\Dataset_For_Rule_Base\01_Good\260508LY6T_1_1.png,01_Good,01_Good,51.82,TRUE,03_Tracking_Error,51.43,FALSE,MISMATCH,FALSE,FALSE,41.27,FALSE,17.69,FALSE,51.43,TRUE,0,FALSE,20.73,FALSE,28.73,FALSE,23.93,0.391,164,0.74,1.17,0.0023,2.222,0,1206,109.74
260508SDDG_1_2.png,D:\Internship\Test_Rule\test_rule_new_v2\Dataset_For_Rule_Base\01_Good\260508SDDG_1_2.png,01_Good,01_Good,77.42,TRUE,03_Tracking_Error,64.88,FALSE,MISMATCH,FALSE,FALSE,39.13,FALSE,10.12,FALSE,64.88,TRUE,0,FALSE,22.45,FALSE,28.65,FALSE,20.14,0.351,18,0.737,1.24,0,2.282,0,1226,125.13
260508TV3G_1_2.png,D:\Internship\Test_Rule\test_rule_new_v2\Dataset_For_Rule_Base\01_Good\260508TV3G_1_2.png,01_Good,01_Good,75.55,TRUE,02_Out_of_Focus,66.09,FALSE,MISMATCH,FALSE,FALSE,64.41,TRUE,66.09,TRUE,16.82,FALSE,18.41,FALSE,12.97,FALSE,30.51,FALSE,20.53,0.535,393,0.774,1.17,0.0318,0,0,1202,63.77
260509D6IM_1_1.png,D:\Internship\Test_Rule\test_rule_new_v2\Dataset_For_Rule_Base\01_Good\260509D6IM_1_1.png,01_Good,01_Good,77.88,TRUE,03_Tracking_Error,63.63,FALSE,MISMATCH,FALSE,FALSE,46.52,FALSE,11.88,FALSE,63.63,TRUE,0,FALSE,21.63,FALSE,28.83,FALSE,20.18,0.415,170,0.769,1.24,0.0019,2.159,0,1203,117.43
260509M4QG_1_2.png,D:\Internship\Test_Rule\test_rule_new_v2\Dataset_For_Rule_Base\01_Good\260509M4QG_1_2.png,01_Good,01_Good,94.63,TRUE,01_Good,75.33,TRUE,STRONG_MATCH,TRUE,TRUE,75.33,TRUE,44.61,FALSE,14,FALSE,15.15,FALSE,16.56,FALSE,30.51,FALSE,16.96,0.45,383,0.801,1.14,0.007,0,0,1223,64.38
260509YJAM_1_1.png,D:\Internship\Test_Rule\test_rule_new_v2\Dataset_For_Rule_Base\01_Good\260509YJAM_1_1.png,01_Good,01_Good,83.45,TRUE,01_Good,66.81,TRUE,STRONG_MATCH,TRUE,TRUE,66.81,TRUE,64.15,TRUE,14.95,FALSE,20.69,FALSE,12.34,FALSE,30.51,FALSE,18.75,0.529,482,0.788,1.15,0.027,0,0,1218,57.06
26051017OV_1_2.png,D:\Internship\Test_Rule\test_rule_new_v2\Dataset_For_Rule_Base\01_Good\26051017OV_1_2.png,01_Good,01_Good,66.4,TRUE,01_Good,69.52,TRUE,STRONG_MATCH,TRUE,TRUE,69.52,TRUE,55.59,TRUE,11.4,FALSE,34.31,FALSE,12.05,FALSE,30.51,FALSE,13.41,0.527,729,0.817,1.11,0.0116,0,0,1224,36.59
260510576I_1_2.png,D:\Internship\Test_Rule\test_rule_new_v2\Dataset_For_Rule_Base\01_Good\260510576I_1_2.png,01_Good,01_Good,88.37,TRUE,01_Good,71.53,TRUE,STRONG_MATCH,TRUE,TRUE,71.53,TRUE,57.05,TRUE,14.38,FALSE,24.32,FALSE,13.23,FALSE,31.96,FALSE,16.19,0.527,552,0.796,1.13,0.0225,0,0,1218,54.99
260510L3TG_1_1.png,D:\Internship\Test_Rule\test_rule_new_v2\Dataset_For_Rule_Base\01_Good\260510L3TG_1_1.png,01_Good,01_Good,73.42,TRUE,05_No_Star,65.82,FALSE,MISMATCH,FALSE,FALSE,5,FALSE,28.53,FALSE,20.78,FALSE,13.08,FALSE,65.82,TRUE,36.99,FALSE,12.99,0.355,4,0.829,1.02,0.0392,2.248,0,1225,109.84
260510PZR7_1_1.png,D:\Internship\Test_Rule\test_rule_new_v2\Dataset_For_Rule_Base\01_Good\260510PZR7_1_1.png,01_Good,01_Good,89.54,TRUE,01_Good,51.35,TRUE,STRONG_MATCH,TRUE,TRUE,51.35,TRUE,31.01,FALSE,20.36,FALSE,0,FALSE,22.45,FALSE,38.93,FALSE,20.28,0.359,16,0.757,1.23,0.0023,0,0,1347,90.17
260510ZTBS_1_2.png,D:\Internship\Test_Rule\test_rule_new_v2\Dataset_For_Rule_Base\01_Good\260510ZTBS_1_2.png,01_Good,01_Good,70.77,TRUE,02_Out_of_Focus,68.91,FALSE,MISMATCH,FALSE,FALSE,66.01,TRUE,68.91,TRUE,14.09,FALSE,36.19,FALSE,8.77,FALSE,32.03,FALSE,15.62,0.613,788,0.803,1.13,0.034,0,0,1210,39.47
260511162T_1_2.png,D:\Internship\Test_Rule\test_rule_new_v2\Dataset_For_Rule_Base\01_Good\260511162T_1_2.png,01_Good,01_Good,61.2,TRUE,01_Good,57.9,TRUE,STRONG_MATCH,TRUE,TRUE,57.9,TRUE,7.96,FALSE,48.14,FALSE,1.93,FALSE,22.45,FALSE,29.62,FALSE,17.88,0.32,34,0.806,1.1,0.0078,2.084,0,1214,119.5
26051144SS_1_2.png,D:\Internship\Test_Rule\test_rule_new_v2\Dataset_For_Rule_Base\01_Good\26051144SS_1_2.png,01_Good,01_Good,95.07,TRUE,02_Out_of_Focus,78.87,FALSE,MISMATCH,FALSE,FALSE,62.03,TRUE,78.87,TRUE,6.06,FALSE,0,FALSE,22.45,FALSE,31.7,FALSE,21.28,0.308,29,0.771,1.2,0.0432,0,0,1297,42.57
2605116797_4.png,D:\Internship\Test_Rule\test_rule_new_v2\Dataset_For_Rule_Base\01_Good\2605116797_4.png,01_Good,01_Good,67.61,TRUE,03_Tracking_Error,55.4,FALSE,MISMATCH,FALSE,FALSE,55.29,TRUE,11.31,FALSE,55.4,TRUE,0,FALSE,22.45,FALSE,28.76,FALSE,20.91,0.362,58,0.771,1.17,0.0053,2.202,0,1208,122.9
260511F3EG_1_2.png,D:\Internship\Test_Rule\test_rule_new_v2\Dataset_For_Rule_Base\01_Good\260511F3EG_1_2.png,01_Good,01_Good,94.54,TRUE,01_Good,70.08,TRUE,STRONG_MATCH,TRUE,TRUE,70.08,TRUE,63.77,TRUE,14.48,FALSE,23.49,FALSE,13.25,FALSE,33.51,FALSE,16.29,0.534,542,0.797,1.14,0.032,0,0,1233,53.56
2605122057_1_8.png,D:\Internship\Test_Rule\test_rule_new_v2\Dataset_For_Rule_Base\01_Good\2605122057_1_8.png,01_Good,01_Good,71.08,TRUE,01_Good,75.34,TRUE,STRONG_MATCH,TRUE,TRUE,75.34,TRUE,27.74,FALSE,20.82,FALSE,11.65,FALSE,17.8,FALSE,30.51,FALSE,17.63,0.424,310,0.785,1.13,0.0087,0,0,1195,90.88
260512416I_10.png,D:\Internship\Test_Rule\test_rule_new_v2\Dataset_For_Rule_Base\01_Good\260512416I_10.png,01_Good,01_Good,71.81,TRUE,01_Good,56.99,TRUE,STRONG_MATCH,TRUE,TRUE,56.99,TRUE,5.3,FALSE,54.95,TRUE,4.38,FALSE,22.45,FALSE,28.42,FALSE,16.11,0.385,66,0.801,1.12,0,2.435,0,1211,124.42
2605137521_1_2.png,D:\Internship\Test_Rule\test_rule_new_v2\Dataset_For_Rule_Base\01_Good\2605137521_1_2.png,01_Good,01_Good,53.15,TRUE,03_Tracking_Error,65.38,FALSE,MISMATCH,FALSE,FALSE,38.88,FALSE,11.5,FALSE,65.38,TRUE,0,FALSE,22.45,FALSE,28.7,FALSE,20.68,0.347,15,0.759,1.29,0,2.242,0,1199,122.6
260522275C_1_2.png,D:\Internship\Test_Rule\test_rule_new_v2\Dataset_For_Rule_Base\01_Good\260522275C_1_2.png,01_Good,01_Good,87.47,TRUE,01_Good,55.23,TRUE,STRONG_MATCH,TRUE,TRUE,55.23,TRUE,9.76,FALSE,51.19,TRUE,0.75,FALSE,22.45,FALSE,28.56,FALSE,19.18,0.332,89,0.799,1.13,0,2.344,0,1234,117.17
26052697R1_1_2.png,D:\Internship\Test_Rule\test_rule_new_v2\Dataset_For_Rule_Base\01_Good\26052697R1_1_2.png,01_Good,01_Good,83.63,TRUE,01_Good,73.24,TRUE,STRONG_MATCH,TRUE,TRUE,73.24,TRUE,38.72,FALSE,15.54,FALSE,18.13,FALSE,14.46,FALSE,30.51,FALSE,17.31,0.459,517,0.795,1.16,0.0101,0,0,1216,76
2606063H5R_1_2.png,D:\Internship\Test_Rule\test_rule_new_v2\Dataset_For_Rule_Base\02_Out_of_Focus\2606063H5R_1_2.png,02_Out_of_Focus,02_Out_of_Focus,88.19,TRUE,03_Tracking_Error,39.13,FALSE,MISMATCH,FALSE,FALSE,36.55,FALSE,34.78,FALSE,39.13,FALSE,0,FALSE,20.99,FALSE,28.92,FALSE,26.56,0.391,110,0.702,1.2,0.0164,2.092,0,1236,99.34
2606065NHT_1_2 (2).png,D:\Internship\Test_Rule\test_rule_new_v2\Dataset_For_Rule_Base\02_Out_of_Focus\2606065NHT_1_2 (2).png,02_Out_of_Focus,02_Out_of_Focus,87.89,TRUE,02_Out_of_Focus,89.56,TRUE,STRONG_MATCH,TRUE,TRUE,40.26,FALSE,89.56,TRUE,17.84,FALSE,4.5,FALSE,14.99,FALSE,30.51,FALSE,33.5,0.505,174,0.641,1.21,0.1383,0,0,1247,53.16
260606CXCN_1_2.png,D:\Internship\Test_Rule\test_rule_new_v2\Dataset_For_Rule_Base\02_Out_of_Focus\260606CXCN_1_2.png,02_Out_of_Focus,02_Out_of_Focus,89.49,TRUE,01_Good,57.5,FALSE,MISMATCH,FALSE,FALSE,57.5,TRUE,3.29,FALSE,48.13,FALSE,16.97,FALSE,55.61,TRUE,28.96,FALSE,10.29,0.448,6,0.78,1.03,0,2.066,0,1275,114.78
260606JD06_1_2.png,D:\Internship\Test_Rule\test_rule_new_v2\Dataset_For_Rule_Base\02_Out_of_Focus\260606JD06_1_2.png,02_Out_of_Focus,02_Out_of_Focus,91.93,TRUE,02_Out_of_Focus,92.18,TRUE,STRONG_MATCH,TRUE,TRUE,36.85,FALSE,92.18,TRUE,19.36,FALSE,4.03,FALSE,15.25,FALSE,34.58,FALSE,32.98,0.493,159,0.693,1.24,0.1101,0,0,1253,47.84
260606L395_1_2.png,D:\Internship\Test_Rule\test_rule_new_v2\Dataset_For_Rule_Base\02_Out_of_Focus\260606L395_1_2.png,02_Out_of_Focus,02_Out_of_Focus,90.02,TRUE,02_Out_of_Focus,67.21,TRUE,STRONG_MATCH,TRUE,TRUE,50.83,TRUE,67.21,TRUE,17.41,FALSE,0,FALSE,19.9,FALSE,30.51,FALSE,24.86,0.441,110,0.716,1.18,0.0423,0,0,1228,77.76
260606OYH0_1_1.png,D:\Internship\Test_Rule\test_rule_new_v2\Dataset_For_Rule_Base\02_Out_of_Focus\260606OYH0_1_1.png,02_Out_of_Focus,02_Out_of_Focus,95.28,TRUE,03_Tracking_Error,78.03,FALSE,MISMATCH,FALSE,FALSE,5,FALSE,5.34,FALSE,78.03,TRUE,11.27,FALSE,70.92,TRUE,28.69,FALSE,12.33,0.515,3,0.715,1.56,0,2.254,0,1223,118.46
260606WEOA_1_2.png,D:\Internship\Test_Rule\test_rule_new_v2\Dataset_For_Rule_Base\02_Out_of_Focus\260606WEOA_1_2.png,02_Out_of_Focus,02_Out_of_Focus,93.37,TRUE,03_Tracking_Error,50.44,FALSE,MISMATCH,FALSE,FALSE,38.09,FALSE,15.44,FALSE,50.44,TRUE,0,FALSE,25,FALSE,30.36,FALSE,22.27,0.356,14,0.594,1.19,0.0017,2.137,0,1220,111.04
260606YTIR_1_1.png,D:\Internship\Test_Rule\test_rule_new_v2\Dataset_For_Rule_Base\02_Out_of_Focus\260606YTIR_1_1.png,02_Out_of_Focus,02_Out_of_Focus,93.5,TRUE,03_Tracking_Error,66.38,FALSE,MISMATCH,FALSE,FALSE,41.63,FALSE,5.91,FALSE,66.38,TRUE,12.3,FALSE,22.45,FALSE,28.77,FALSE,12.86,0.363,17,0.636,1.5,0,2.195,0,1249,115.63
260606Z6Z9_1_1.png,D:\Internship\Test_Rule\test_rule_new_v2\Dataset_For_Rule_Base\02_Out_of_Focus\260606Z6Z9_1_1.png,02_Out_of_Focus,02_Out_of_Focus,93.28,TRUE,02_Out_of_Focus,73.43,TRUE,STRONG_MATCH,TRUE,TRUE,38.67,FALSE,73.43,TRUE,26.75,FALSE,0,FALSE,18.67,FALSE,30.51,FALSE,29.68,0.446,128,0.624,1.24,0.0301,0,0,1244,72.45
260606Z6Z9_1_2 (2).png,D:\Internship\Test_Rule\test_rule_new_v2\Dataset_For_Rule_Base\02_Out_of_Focus\260606Z6Z9_1_2 (2).png,02_Out_of_Focus,02_Out_of_Focus,94.1,TRUE,02_Out_of_Focus,90.97,TRUE,STRONG_MATCH,TRUE,TRUE,37.01,FALSE,90.97,TRUE,19.41,FALSE,4.92,FALSE,14.76,FALSE,30.51,FALSE,32.58,0.516,172,0.663,1.22,0.1397,0,0,1246,50.14
260614WALM_15_1.png,D:\Internship\Test_Rule\test_rule_new_v2\Dataset_For_Rule_Base\02_Out_of_Focus\260614WALM_15_1.png,02_Out_of_Focus,02_Out_of_Focus,96.3,TRUE,04_Over_Saturated,79.9,FALSE,MISMATCH,FALSE,FALSE,59.51,TRUE,61.31,TRUE,14.23,FALSE,79.9,TRUE,1.11,FALSE,20.93,FALSE,15.05,0.722,340,0.807,1.16,0.0196,0,0,9,37.31
260614WALM_3_1.png,D:\Internship\Test_Rule\test_rule_new_v2\Dataset_For_Rule_Base\02_Out_of_Focus\260614WALM_3_1.png,02_Out_of_Focus,02_Out_of_Focus,95.7,TRUE,02_Out_of_Focus,74.79,TRUE,STRONG_MATCH,TRUE,TRUE,55.66,TRUE,74.79,TRUE,14.34,FALSE,67.05,TRUE,11.54,FALSE,23.73,FALSE,21.53,0.753,136,0.839,1.19,0.0197,0,0,0,21.81
260614WALM_8_1.png,D:\Internship\Test_Rule\test_rule_new_v2\Dataset_For_Rule_Base\02_Out_of_Focus\260614WALM_8_1.png,02_Out_of_Focus,02_Out_of_Focus,96.27,TRUE,04_Over_Saturated,74.19,FALSE,MISMATCH,FALSE,FALSE,58.72,TRUE,67.02,TRUE,15.72,FALSE,74.19,TRUE,13.3,FALSE,28.81,FALSE,16.72,0.77,201,0.82,1.19,0.0224,0,0,0,18.4
260619J169_11.png,D:\Internship\Test_Rule\test_rule_new_v2\Dataset_For_Rule_Base\02_Out_of_Focus\260619J169_11.png,02_Out_of_Focus,02_Out_of_Focus,92.39,TRUE,04_Over_Saturated,81.99,FALSE,MISMATCH,FALSE,FALSE,61.41,TRUE,66.28,TRUE,13.17,FALSE,81.99,TRUE,6.53,FALSE,27.77,FALSE,11.47,0.705,450,0.804,1.14,0.0278,0,0,111,27.74
260619J169_34.png,D:\Internship\Test_Rule\test_rule_new_v2\Dataset_For_Rule_Base\02_Out_of_Focus\260619J169_34.png,02_Out_of_Focus,02_Out_of_Focus,92.51,TRUE,02_Out_of_Focus,69.48,TRUE,STRONG_MATCH,TRUE,TRUE,61.19,TRUE,69.48,TRUE,13.65,FALSE,61.48,TRUE,7.99,FALSE,30.3,FALSE,13.59,0.664,289,0.818,1.14,0.0402,0,0,457,34.3
260619J169_47.png,D:\Internship\Test_Rule\test_rule_new_v2\Dataset_For_Rule_Base\02_Out_of_Focus\260619J169_47.png,02_Out_of_Focus,02_Out_of_Focus,96.61,TRUE,04_Over_Saturated,79.38,FALSE,MISMATCH,FALSE,FALSE,59.76,TRUE,62.28,TRUE,13.71,FALSE,79.38,TRUE,4.28,FALSE,24.53,FALSE,12.77,0.707,391,0.814,1.16,0.0219,0,0,53,30.7
260619J169_78.png,D:\Internship\Test_Rule\test_rule_new_v2\Dataset_For_Rule_Base\02_Out_of_Focus\260619J169_78.png,02_Out_of_Focus,02_Out_of_Focus,83.63,TRUE,01_Good,62.45,FALSE,MISMATCH,FALSE,FALSE,62.45,TRUE,56.88,TRUE,14.9,FALSE,57.3,TRUE,9.29,FALSE,29.93,FALSE,12.32,0.641,308,0.808,1.15,0.0129,0,0,612,36.5
2606222JG3_1_1.png,D:\Internship\Test_Rule\test_rule_new_v2\Dataset_For_Rule_Base\02_Out_of_Focus\2606222JG3_1_1.png,02_Out_of_Focus,02_Out_of_Focus,85.28,TRUE,02_Out_of_Focus,94.03,TRUE,STRONG_MATCH,TRUE,TRUE,43.65,FALSE,94.03,TRUE,15.72,FALSE,19.53,FALSE,11.69,FALSE,30.51,FALSE,30.6,0.587,226,0.773,1.2,0.063,0,0,1191,36.5
2606227JDP_1_2.png,D:\Internship\Test_Rule\test_rule_new_v2\Dataset_For_Rule_Base\02_Out_of_Focus\2606227JDP_1_2.png,02_Out_of_Focus,04_Over_Saturated,64.99,FALSE,02_Out_of_Focus,87,TRUE,MISMATCH,FALSE,FALSE,16.89,FALSE,87,TRUE,17.03,FALSE,43.45,FALSE,9.58,FALSE,43.8,FALSE,24.85,0.628,396,0.769,1.25,0.1169,0,0,868,28.77
260622AD3U_5.png,D:\Internship\Test_Rule\test_rule_new_v2\Dataset_For_Rule_Base\02_Out_of_Focus\260622AD3U_5.png,02_Out_of_Focus,02_Out_of_Focus,90.93,TRUE,03_Tracking_Error,63.39,FALSE,MISMATCH,FALSE,FALSE,40.54,FALSE,4.19,FALSE,63.39,TRUE,12.35,FALSE,60.71,TRUE,28.52,FALSE,11.96,0.292,5,0.743,1.27,0,2.37,0,1206,123.24
260622DI0V_1_2.png,D:\Internship\Test_Rule\test_rule_new_v2\Dataset_For_Rule_Base\02_Out_of_Focus\260622DI0V_1_2.png,02_Out_of_Focus,02_Out_of_Focus,83.84,TRUE,02_Out_of_Focus,61.43,TRUE,STRONG_MATCH,TRUE,TRUE,37.36,FALSE,61.43,TRUE,33.52,FALSE,0,FALSE,18.71,FALSE,30.51,FALSE,33.19,0.502,142,0.702,1.24,0.0261,0,0,1232,86.44
260623CZEM_1_2.png,D:\Internship\Test_Rule\test_rule_new_v2\Dataset_For_Rule_Base\02_Out_of_Focus\260623CZEM_1_2.png,02_Out_of_Focus,02_Out_of_Focus,86.18,TRUE,01_Good,49.22,FALSE,MISMATCH,FALSE,FALSE,49.22,FALSE,23.96,FALSE,47.77,FALSE,0,FALSE,22.45,FALSE,28.8,FALSE,25.55,0.337,33,0.663,1.16,0.0227,2.247,0,1234,120.5
2607027VZF_1062.png,D:\Internship\Test_Rule\test_rule_new_v2\Dataset_For_Rule_Base\02_Out_of_Focus\2607027VZF_1062.png,02_Out_of_Focus,02_Out_of_Focus,92,TRUE,03_Tracking_Error,51.96,FALSE,MISMATCH,FALSE,FALSE,42.4,FALSE,10.2,FALSE,51.96,TRUE,1.29,FALSE,22.45,FALSE,28.97,FALSE,19.09,0.365,63,0.742,1.21,0.005,2.059,0,1222,111.02
2607027VZF_1867.png,D:\Internship\Test_Rule\test_rule_new_v2\Dataset_For_Rule_Base\02_Out_of_Focus\2607027VZF_1867.png,02_Out_of_Focus,02_Out_of_Focus,93.26,TRUE,03_Tracking_Error,51.46,FALSE,MISMATCH,FALSE,FALSE,41.06,FALSE,19.65,FALSE,51.46,TRUE,15.66,FALSE,40.31,FALSE,31.29,FALSE,10.68,0.41,9,0.675,1.32,0.0187,2.286,0,1251,112.12
2607027VZF_2096.png,D:\Internship\Test_Rule\test_rule_new_v2\Dataset_For_Rule_Base\02_Out_of_Focus\2607027VZF_2096.png,02_Out_of_Focus,02_Out_of_Focus,98.32,TRUE,01_Good,54.95,FALSE,MISMATCH,FALSE,FALSE,54.95,TRUE,18.05,FALSE,21.29,FALSE,14.25,FALSE,22.45,FALSE,28.95,FALSE,11.38,0.351,15,0.639,1.1,0.0137,2.071,0,1238,100.86
2607027VZF_2105.png,D:\Internship\Test_Rule\test_rule_new_v2\Dataset_For_Rule_Base\02_Out_of_Focus\2607027VZF_2105.png,02_Out_of_Focus,02_Out_of_Focus,96.66,TRUE,05_No_Star,73.47,FALSE,MISMATCH,FALSE,FALSE,5,FALSE,6.9,FALSE,38.38,FALSE,18.18,FALSE,73.47,TRUE,28.64,FALSE,0,0,0,0,0,0,2.283,0,1244,115.97
2607027VZF_2115.png,D:\Internship\Test_Rule\test_rule_new_v2\Dataset_For_Rule_Base\02_Out_of_Focus\2607027VZF_2115.png,02_Out_of_Focus,02_Out_of_Focus,96.96,TRUE,01_Good,48.13,FALSE,MISMATCH,FALSE,FALSE,48.13,FALSE,12.73,FALSE,42.29,FALSE,15.07,FALSE,40.31,FALSE,28.92,FALSE,10.83,0.348,9,0.665,1.37,0.0166,2.091,0,1235,106.8
2607027VZF_2116.png,D:\Internship\Test_Rule\test_rule_new_v2\Dataset_For_Rule_Base\02_Out_of_Focus\2607027VZF_2116.png,02_Out_of_Focus,02_Out_of_Focus,90.18,TRUE,05_No_Star,73.47,FALSE,MISMATCH,FALSE,FALSE,5,FALSE,23.37,FALSE,11.3,FALSE,13.98,FALSE,73.47,TRUE,30.51,FALSE,11.07,0.474,1,0.785,1,0,0,0,1298,83.92
2607027VZF_2117.png,D:\Internship\Test_Rule\test_rule_new_v2\Dataset_For_Rule_Base\02_Out_of_Focus\2607027VZF_2117.png,02_Out_of_Focus,02_Out_of_Focus,96.73,TRUE,05_No_Star,73.47,FALSE,MISMATCH,FALSE,FALSE,5,FALSE,7.05,FALSE,37.05,FALSE,18.18,FALSE,73.47,TRUE,28.73,FALSE,0,0,0,0,0,0,2.225,0,1249,113.51
2607027VZF_2126.png,D:\Internship\Test_Rule\test_rule_new_v2\Dataset_For_Rule_Base\02_Out_of_Focus\2607027VZF_2126.png,02_Out_of_Focus,02_Out_of_Focus,96.71,TRUE,05_No_Star,73.47,FALSE,MISMATCH,FALSE,FALSE,5,FALSE,51.28,TRUE,37.19,FALSE,30.68,FALSE,73.47,TRUE,30.51,FALSE,32.05,0.821,1,0.388,4,0,0,0,1280,77.84
2607027VZF_2127.png,D:\Internship\Test_Rule\test_rule_new_v2\Dataset_For_Rule_Base\02_Out_of_Focus\2607027VZF_2127.png,02_Out_of_Focus,02_Out_of_Focus,98.03,TRUE,05_No_Star,73.47,FALSE,MISMATCH,FALSE,FALSE,5,FALSE,4.54,FALSE,32.72,FALSE,12.19,FALSE,73.47,TRUE,31.38,FALSE,12.35,0.299,2,0.774,1.12,0,2.149,0,1252,106
2607027VZF_2129.png,D:\Internship\Test_Rule\test_rule_new_v2\Dataset_For_Rule_Base\02_Out_of_Focus\2607027VZF_2129.png,02_Out_of_Focus,02_Out_of_Focus,94.96,TRUE,05_No_Star,73.47,FALSE,MISMATCH,FALSE,FALSE,5,FALSE,3.28,FALSE,47.01,FALSE,13.96,FALSE,73.47,TRUE,28.69,FALSE,11.48,0.465,1,0.785,1,0,2.25,0,1304,111.06
2607027VZF_2175.png,D:\Internship\Test_Rule\test_rule_new_v2\Dataset_For_Rule_Base\02_Out_of_Focus\2607027VZF_2175.png,02_Out_of_Focus,02_Out_of_Focus,93.52,TRUE,05_No_Star,73.47,FALSE,MISMATCH,FALSE,FALSE,5,FALSE,20.69,FALSE,11.46,FALSE,18.18,FALSE,73.47,TRUE,30.51,FALSE,0,0,0,0,0,0,0,0,1288,91.08
2607027VZF_2176.png,D:\Internship\Test_Rule\test_rule_new_v2\Dataset_For_Rule_Base\02_Out_of_Focus\2607027VZF_2176.png,02_Out_of_Focus,02_Out_of_Focus,98,TRUE,05_No_Star,65.82,FALSE,MISMATCH,FALSE,FALSE,5,FALSE,17.09,FALSE,47.45,FALSE,22.39,FALSE,65.82,TRUE,29.02,FALSE,10.34,0.567,4,0.754,1.17,0.0109,2.026,0,1274,98.39
2607027VZF_2364.png,D:\Internship\Test_Rule\test_rule_new_v2\Dataset_For_Rule_Base\02_Out_of_Focus\2607027VZF_2364.png,02_Out_of_Focus,02_Out_of_Focus,96.92,TRUE,03_Tracking_Error,43.2,FALSE,MISMATCH,FALSE,FALSE,42.5,FALSE,29.19,FALSE,43.2,FALSE,5.62,FALSE,40.31,FALSE,30.4,FALSE,15.87,0.376,9,0.61,1.75,0.0405,2.054,0,1265,102.97
2607027VZF_2371.png,D:\Internship\Test_Rule\test_rule_new_v2\Dataset_For_Rule_Base\02_Out_of_Focus\2607027VZF_2371.png,02_Out_of_Focus,02_Out_of_Focus,96.34,TRUE,05_No_Star,73.47,FALSE,MISMATCH,FALSE,FALSE,5,FALSE,13.37,FALSE,57.22,TRUE,30.77,FALSE,73.47,TRUE,34.52,FALSE,10.14,0.545,2,0.687,1.5,0,2.041,0,1287,98.34
260704R43Z_1_2.png,D:\Internship\Test_Rule\test_rule_new_v2\Dataset_For_Rule_Base\02_Out_of_Focus\260704R43Z_1_2.png,02_Out_of_Focus,02_Out_of_Focus,97.32,TRUE,01_Good,53.06,FALSE,MISMATCH,FALSE,FALSE,53.06,TRUE,36.77,FALSE,32.53,FALSE,15.36,FALSE,22.45,FALSE,33.9,FALSE,10.65,0.493,39,0.673,1.31,0.0147,0,0,1248,81.04
260704RBZH_1_1.png,D:\Internship\Test_Rule\test_rule_new_v2\Dataset_For_Rule_Base\02_Out_of_Focus\260704RBZH_1_1.png,02_Out_of_Focus,02_Out_of_Focus,94.15,TRUE,05_No_Star,73.47,FALSE,MISMATCH,FALSE,FALSE,5,FALSE,12.72,FALSE,22.06,FALSE,18.18,FALSE,73.47,TRUE,28.94,FALSE,0,0,0,0,0,0,2.081,0,1263,101.52
FILE_CURRENT_FOCUS12058 (22).png,D:\Internship\Test_Rule\test_rule_new_v2\Dataset_For_Rule_Base\02_Out_of_Focus\FILE_CURRENT_FOCUS12058 (22).png,02_Out_of_Focus,02_Out_of_Focus,96.73,TRUE,02_Out_of_Focus,89.3,TRUE,STRONG_MATCH,TRUE,TRUE,48.48,FALSE,89.3,TRUE,16.18,FALSE,23.13,FALSE,31.19,FALSE,23.73,FALSE,22.44,0.514,45,0.719,1.22,0.3003,0.504,0,0,15.32
FILE_CURRENT_FOCUS12058 (24).png,D:\Internship\Test_Rule\test_rule_new_v2\Dataset_For_Rule_Base\02_Out_of_Focus\FILE_CURRENT_FOCUS12058 (24).png,02_Out_of_Focus,02_Out_of_Focus,95.26,TRUE,02_Out_of_Focus,96.37,TRUE,STRONG_MATCH,TRUE,TRUE,28.14,FALSE,96.37,TRUE,15,FALSE,16.84,FALSE,20.23,FALSE,24.57,FALSE,30.43,0.492,61,0.683,1.24,0.343,0.51,0,123,25.4
FILE_CURRENT_FOCUS12058 (36).png,D:\Internship\Test_Rule\test_rule_new_v2\Dataset_For_Rule_Base\02_Out_of_Focus\FILE_CURRENT_FOCUS12058 (36).png,02_Out_of_Focus,02_Out_of_Focus,97.5,TRUE,02_Out_of_Focus,98.14,TRUE,STRONG_MATCH,TRUE,TRUE,50.89,TRUE,98.14,TRUE,9.49,FALSE,23.74,FALSE,25.84,FALSE,10.17,FALSE,32.07,0.527,56,0.627,1.13,0.2571,0.512,0,1,24.64
FILE_CURRENT_FOCUS12058 (37).png,D:\Internship\Test_Rule\test_rule_new_v2\Dataset_For_Rule_Base\02_Out_of_Focus\FILE_CURRENT_FOCUS12058 (37).png,02_Out_of_Focus,02_Out_of_Focus,97.69,TRUE,02_Out_of_Focus,91.69,TRUE,STRONG_MATCH,TRUE,TRUE,38.53,FALSE,91.69,TRUE,16.42,FALSE,12.23,FALSE,19.65,FALSE,30.51,FALSE,24.8,0.553,99,0.623,1.23,0.234,0.506,0,1266,30.02
FILE_CURRENT_FOCUS12058 (61).png,D:\Internship\Test_Rule\test_rule_new_v2\Dataset_For_Rule_Base\02_Out_of_Focus\FILE_CURRENT_FOCUS12058 (61).png,02_Out_of_Focus,02_Out_of_Focus,85.98,TRUE,02_Out_of_Focus,97.91,TRUE,STRONG_MATCH,TRUE,TRUE,36.89,FALSE,97.91,TRUE,24.26,FALSE,35.81,FALSE,31.22,FALSE,25.2,FALSE,27.36,0.676,25,0.589,1.41,0.1251,0.504,0,0,11.31
FILE_CURRENT_FOCUS12058 (62).png,D:\Internship\Test_Rule\test_rule_new_v2\Dataset_For_Rule_Base\02_Out_of_Focus\FILE_CURRENT_FOCUS12058 (62).png,02_Out_of_Focus,02_Out_of_Focus,85.98,TRUE,02_Out_of_Focus,97.91,TRUE,STRONG_MATCH,TRUE,TRUE,36.89,FALSE,97.91,TRUE,24.26,FALSE,35.81,FALSE,31.22,FALSE,25.2,FALSE,27.36,0.676,25,0.589,1.41,0.1251,0.504,0,0,11.31
FILE_CURRENT_FOCUS12058 (7).png,D:\Internship\Test_Rule\test_rule_new_v2\Dataset_For_Rule_Base\02_Out_of_Focus\FILE_CURRENT_FOCUS12058 (7).png,02_Out_of_Focus,02_Out_of_Focus,97.21,TRUE,02_Out_of_Focus,87.65,TRUE,STRONG_MATCH,TRUE,TRUE,45.58,FALSE,87.65,TRUE,24.49,FALSE,36.86,FALSE,29.78,FALSE,23.73,FALSE,19.66,0.683,95,0.663,1.25,0.2919,0.509,0,0,20.9
FILE_CURRENT_FOCUS12058 (8).png,D:\Internship\Test_Rule\test_rule_new_v2\Dataset_For_Rule_Base\02_Out_of_Focus\FILE_CURRENT_FOCUS12058 (8).png,02_Out_of_Focus,02_Out_of_Focus,96.49,TRUE,02_Out_of_Focus,77.25,TRUE,STRONG_MATCH,TRUE,TRUE,45.43,FALSE,77.25,TRUE,17.08,FALSE,42.03,FALSE,30.76,FALSE,23.73,FALSE,17.4,0.652,29,0.724,1.18,0.3267,0.504,0,0,5.8
FILE_CURRENT_FOCUS12058 (9).png,D:\Internship\Test_Rule\test_rule_new_v2\Dataset_For_Rule_Base\02_Out_of_Focus\FILE_CURRENT_FOCUS12058 (9).png,02_Out_of_Focus,02_Out_of_Focus,95.42,TRUE,02_Out_of_Focus,85.19,TRUE,STRONG_MATCH,TRUE,TRUE,53.62,TRUE,85.19,TRUE,14.84,FALSE,25.67,FALSE,29.24,FALSE,23.73,FALSE,17.74,0.597,69,0.721,1.16,0.447,0.51,0,0,5.64
FILE_CURRENT_FOCUS12408 (13).png,D:\Internship\Test_Rule\test_rule_new_v2\Dataset_For_Rule_Base\02_Out_of_Focus\FILE_CURRENT_FOCUS12408 (13).png,02_Out_of_Focus,02_Out_of_Focus,93.89,TRUE,02_Out_of_Focus,93.31,TRUE,STRONG_MATCH,TRUE,TRUE,37.54,FALSE,93.31,TRUE,14.16,FALSE,20.07,FALSE,19.18,FALSE,14.04,FALSE,30.25,0.481,108,0.632,1.19,0.3151,0.505,0,10,24.04
FILE_CURRENT_FOCUS12408 (14).png,D:\Internship\Test_Rule\test_rule_new_v2\Dataset_For_Rule_Base\02_Out_of_Focus\FILE_CURRENT_FOCUS12408 (14).png,02_Out_of_Focus,02_Out_of_Focus,97,TRUE,02_Out_of_Focus,86.98,TRUE,STRONG_MATCH,TRUE,TRUE,56.42,TRUE,86.98,TRUE,13.1,FALSE,22.14,FALSE,29.44,FALSE,23.73,FALSE,22,0.475,108,0.65,1.2,0.1858,0.505,0,0,22.34
FILE_CURRENT_FOCUS12408 (42).png,D:\Internship\Test_Rule\test_rule_new_v2\Dataset_For_Rule_Base\02_Out_of_Focus\FILE_CURRENT_FOCUS12408 (42).png,02_Out_of_Focus,02_Out_of_Focus,94.58,TRUE,02_Out_of_Focus,90.03,TRUE,STRONG_MATCH,TRUE,TRUE,35.27,FALSE,90.03,TRUE,23.24,FALSE,18.94,FALSE,19.83,FALSE,25.87,FALSE,23.16,0.51,97,0.662,1.43,0.1922,0.511,0,45,26.4
260511AAJR_1_1.png,D:\Internship\Test_Rule\test_rule_new_v2\Dataset_For_Rule_Base\03_Tracking_Error\260511AAJR_1_1.png,03_Tracking_Error,03_Tracking_Error,98.01,TRUE,02_Out_of_Focus,59.68,FALSE,MISMATCH,FALSE,FALSE,54.56,TRUE,59.68,TRUE,7.55,FALSE,0,FALSE,22.45,FALSE,51.57,TRUE,20.13,0.309,38,0.735,1.17,0.0265,0,0,1298,70.81
260511BJ9M_1_1.png,D:\Internship\Test_Rule\test_rule_new_v2\Dataset_For_Rule_Base\03_Tracking_Error\260511BJ9M_1_1.png,03_Tracking_Error,03_Tracking_Error,66.87,TRUE,01_Good,54.8,FALSE,MISMATCH,FALSE,FALSE,54.8,TRUE,8.67,FALSE,52.65,TRUE,0.87,FALSE,22.45,FALSE,28.39,FALSE,19.05,0.366,36,0.793,1.13,0.0024,2.458,0,1219,123.9
260512N494_1_1.png,D:\Internship\Test_Rule\test_rule_new_v2\Dataset_For_Rule_Base\03_Tracking_Error\260512N494_1_1.png,03_Tracking_Error,03_Tracking_Error,87.64,TRUE,01_Good,56.13,FALSE,MISMATCH,FALSE,FALSE,56.13,TRUE,17.34,FALSE,44.6,FALSE,6.79,FALSE,18.56,FALSE,32.18,FALSE,20.62,0.461,273,0.775,1.16,0.003,2.008,0,1204,106.8
260514T5PO_50.png,D:\Internship\Test_Rule\test_rule_new_v2\Dataset_For_Rule_Base\03_Tracking_Error\260514T5PO_50.png,03_Tracking_Error,03_Tracking_Error,99.74,TRUE,01_Good,61.42,FALSE,MISMATCH,FALSE,FALSE,61.42,TRUE,53.6,TRUE,14.06,FALSE,40.97,FALSE,16.57,FALSE,30,FALSE,10.7,0.645,248,0.794,1.11,0.0003,0,0,558,33
260520XBLU_1_1.png,D:\Internship\Test_Rule\test_rule_new_v2\Dataset_For_Rule_Base\03_Tracking_Error\260520XBLU_1_1.png,03_Tracking_Error,03_Tracking_Error,99.74,TRUE,01_Good,48.81,FALSE,MISMATCH,FALSE,FALSE,48.81,FALSE,14.81,FALSE,39.78,FALSE,0,FALSE,22.45,FALSE,28.83,FALSE,21.07,0.305,35,0.767,1.16,0,2.158,0,1285,109.04
260522DUJD_1_5.png,D:\Internship\Test_Rule\test_rule_new_v2\Dataset_For_Rule_Base\03_Tracking_Error\260522DUJD_1_5.png,03_Tracking_Error,03_Tracking_Error,90.58,TRUE,01_Good,59.52,FALSE,MISMATCH,FALSE,FALSE,59.52,TRUE,9.7,FALSE,50.02,TRUE,1.79,FALSE,22.01,FALSE,31.59,FALSE,18.04,0.385,162,0.781,1.16,0.0015,2.231,0,1223,111.18
260523AB0J_14.png,D:\Internship\Test_Rule\test_rule_new_v2\Dataset_For_Rule_Base\03_Tracking_Error\260523AB0J_14.png,03_Tracking_Error,03_Tracking_Error,99.7,TRUE,06_Satellite,90.4,FALSE,MISMATCH,FALSE,FALSE,0,FALSE,34.59,FALSE,14.92,FALSE,15.84,FALSE,14.92,FALSE,90.4,TRUE,13.43,0.53,145,0.768,1.17,0,0,1,553,66.38
2605290YVA_1_2.png,D:\Internship\Test_Rule\test_rule_new_v2\Dataset_For_Rule_Base\03_Tracking_Error\2605290YVA_1_2.png,03_Tracking_Error,03_Tracking_Error,74.36,TRUE,02_Out_of_Focus,60.42,FALSE,MISMATCH,FALSE,FALSE,52.88,TRUE,60.42,TRUE,30.47,FALSE,18.14,FALSE,13.12,FALSE,33.36,FALSE,21.88,0.556,436,0.704,1.57,0.0167,0,0,1203,68.88
2605293B2B_1_1.png,D:\Internship\Test_Rule\test_rule_new_v2\Dataset_For_Rule_Base\03_Tracking_Error\2605293B2B_1_1.png,03_Tracking_Error,03_Tracking_Error,90.02,TRUE,01_Good,58.88,FALSE,MISMATCH,FALSE,FALSE,58.88,TRUE,28.12,FALSE,37.23,FALSE,9.64,FALSE,17.38,FALSE,28.97,FALSE,21.27,0.474,310,0.696,1.14,0.0087,2.127,0,1194,112.25
2605295C5R_6.png,D:\Internship\Test_Rule\test_rule_new_v2\Dataset_For_Rule_Base\03_Tracking_Error\2605295C5R_6.png,03_Tracking_Error,03_Tracking_Error,99.45,TRUE,01_Good,57.2,FALSE,MISMATCH,FALSE,FALSE,57.2,TRUE,7.93,FALSE,52.14,TRUE,1.64,FALSE,22.45,FALSE,30.73,FALSE,18.2,0.379,43,0.798,1.1,0,2.251,0,1208,125.75
2605295MGR_1_2.png,D:\Internship\Test_Rule\test_rule_new_v2\Dataset_For_Rule_Base\03_Tracking_Error\2605295MGR_1_2.png,03_Tracking_Error,03_Tracking_Error,46.27,TRUE,01_Good,62.71,FALSE,MISMATCH,FALSE,FALSE,62.71,TRUE,20.06,FALSE,32.06,FALSE,22.42,FALSE,15.09,FALSE,28.89,FALSE,14.62,0.486,560,0.78,1.15,0.006,2.115,0,1190,114.96
260604ANWK_1_4.png,D:\Internship\Test_Rule\test_rule_new_v2\Dataset_For_Rule_Base\03_Tracking_Error\260604ANWK_1_4.png,03_Tracking_Error,03_Tracking_Error,75.69,TRUE,03_Tracking_Error,59.47,TRUE,STRONG_MATCH,TRUE,TRUE,39.14,FALSE,15.74,FALSE,59.47,TRUE,0,FALSE,22.45,FALSE,28.83,FALSE,20.67,0.476,78,0.715,1.21,0.0026,2.157,0,1228,111.26
260605NSHC_1_9.png,D:\Internship\Test_Rule\test_rule_new_v2\Dataset_For_Rule_Base\03_Tracking_Error\260605NSHC_1_9.png,03_Tracking_Error,01_Good,55.59,FALSE,01_Good,46.06,FALSE,WEAK_MATCH,TRUE,FALSE,46.06,FALSE,29.45,FALSE,40.19,FALSE,11.72,FALSE,16.85,FALSE,29.04,FALSE,19.59,0.508,389,0.744,1.27,0.0099,2.01,0,1206,97.69
2606061WXB_1_1.png,D:\Internship\Test_Rule\test_rule_new_v2\Dataset_For_Rule_Base\03_Tracking_Error\2606061WXB_1_1.png,03_Tracking_Error,03_Tracking_Error,94.14,TRUE,05_No_Star,73.47,FALSE,MISMATCH,FALSE,FALSE,5,FALSE,4.49,FALSE,55,TRUE,5.93,FALSE,73.47,TRUE,28.63,FALSE,15.12,0.235,1,0.803,1.25,0,2.294,0,1214,126.02
2606061WXB_1_2.png,D:\Internship\Test_Rule\test_rule_new_v2\Dataset_For_Rule_Base\03_Tracking_Error\2606061WXB_1_2.png,03_Tracking_Error,03_Tracking_Error,99.29,TRUE,05_No_Star,73.47,FALSE,MISMATCH,FALSE,FALSE,5,FALSE,5.39,FALSE,47.85,FALSE,18.18,FALSE,73.47,TRUE,40.72,FALSE,0,0,0,0,0,0,2.112,0,1216,122.58
2606064I4S_1_2.png,D:\Internship\Test_Rule\test_rule_new_v2\Dataset_For_Rule_Base\03_Tracking_Error\2606064I4S_1_2.png,03_Tracking_Error,03_Tracking_Error,94.06,TRUE,02_Out_of_Focus,56.9,FALSE,MISMATCH,FALSE,FALSE,0,FALSE,56.9,TRUE,26.52,FALSE,34.32,FALSE,21.58,FALSE,52.27,TRUE,16,0.834,46,0.547,1.18,0.0555,0,0,1216,75.24
2606064KHQ_1_1.png,D:\Internship\Test_Rule\test_rule_new_v2\Dataset_For_Rule_Base\03_Tracking_Error\2606064KHQ_1_1.png,03_Tracking_Error,03_Tracking_Error,99.81,TRUE,03_Tracking_Error,64.85,TRUE,STRONG_MATCH,TRUE,TRUE,0,FALSE,4.37,FALSE,64.85,TRUE,44.75,FALSE,22.45,FALSE,56.67,TRUE,11.17,0.777,42,0.712,1.27,0,2.165,0,1223,113.02
2606068CP4_1_1.png,D:\Internship\Test_Rule\test_rule_new_v2\Dataset_For_Rule_Base\03_Tracking_Error\2606068CP4_1_1.png,03_Tracking_Error,03_Tracking_Error,99.88,TRUE,05_No_Star,73.47,FALSE,MISMATCH,FALSE,FALSE,5,FALSE,3.58,FALSE,47.85,FALSE,11.36,FALSE,73.47,TRUE,30.29,FALSE,12.07,0.224,1,0.785,1,0,2.035,0,1215,121.76
260606AAWX_1_1.png,D:\Internship\Test_Rule\test_rule_new_v2\Dataset_For_Rule_Base\03_Tracking_Error\260606AAWX_1_1.png,03_Tracking_Error,03_Tracking_Error,99.92,TRUE,03_Tracking_Error,66.8,TRUE,STRONG_MATCH,TRUE,TRUE,14.45,FALSE,5.41,FALSE,66.8,TRUE,10.44,FALSE,60.71,TRUE,47.87,FALSE,13.62,0.592,5,0.697,1.21,0,2.181,0,1212,122.15
260606BH5T_1_1.png,D:\Internship\Test_Rule\test_rule_new_v2\Dataset_For_Rule_Base\03_Tracking_Error\260606BH5T_1_1.png,03_Tracking_Error,03_Tracking_Error,99.58,TRUE,05_No_Star,65.82,FALSE,MISMATCH,FALSE,FALSE,5,FALSE,3.23,FALSE,61.57,TRUE,12.81,FALSE,65.82,TRUE,41.25,FALSE,11.79,0.568,4,0.783,1.13,0,2.221,0,1215,118.51
260606X3Y8_1_2.png,D:\Internship\Test_Rule\test_rule_new_v2\Dataset_For_Rule_Base\03_Tracking_Error\260606X3Y8_1_2.png,03_Tracking_Error,03_Tracking_Error,99.84,TRUE,03_Tracking_Error,63.04,TRUE,STRONG_MATCH,TRUE,TRUE,0,FALSE,5.37,FALSE,63.04,TRUE,43.16,FALSE,22.45,FALSE,51.49,TRUE,11.75,0.777,24,0.626,1.17,0.0011,2.116,0,1245,120.43
260606XE8Z_1_1.png,D:\Internship\Test_Rule\test_rule_new_v2\Dataset_For_Rule_Base\03_Tracking_Error\260606XE8Z_1_1.png,03_Tracking_Error,03_Tracking_Error,93.28,TRUE,05_No_Star,73.47,FALSE,MISMATCH,FALSE,FALSE,5,FALSE,5.45,FALSE,47.18,FALSE,18.18,FALSE,73.47,TRUE,29.05,FALSE,0,0,0,0,0,0,2.007,0,1208,121.44
260607JBMC_1_1.png,D:\Internship\Test_Rule\test_rule_new_v2\Dataset_For_Rule_Base\03_Tracking_Error\260607JBMC_1_1.png,03_Tracking_Error,02_Out_of_Focus,61.73,FALSE,05_No_Star,73.47,FALSE,MISMATCH,FALSE,FALSE,5,FALSE,5.39,FALSE,47.85,FALSE,18.18,FALSE,73.47,TRUE,29.1,FALSE,0,0,0,0,0,0,2.084,0,1217,121.75
260607JBMC_1_2.png,D:\Internship\Test_Rule\test_rule_new_v2\Dataset_For_Rule_Base\03_Tracking_Error\260607JBMC_1_2.png,03_Tracking_Error,03_Tracking_Error,99.11,TRUE,05_No_Star,73.47,FALSE,MISMATCH,FALSE,FALSE,5,FALSE,5.63,FALSE,43.37,FALSE,18.18,FALSE,73.47,TRUE,45.26,FALSE,0,0,0,0,0,0,2.153,0,1214,116.96
2607027VZF_1555.png,D:\Internship\Test_Rule\test_rule_new_v2\Dataset_For_Rule_Base\03_Tracking_Error\2607027VZF_1555.png,03_Tracking_Error,03_Tracking_Error,98.66,TRUE,01_Good,56.3,FALSE,MISMATCH,FALSE,FALSE,56.3,TRUE,10.08,FALSE,48.78,FALSE,1.13,FALSE,22.45,FALSE,31.46,FALSE,18.76,0.395,94,0.777,1.16,0.0038,2.065,0,1244,111.45
2607027VZF_1597.png,D:\Internship\Test_Rule\test_rule_new_v2\Dataset_For_Rule_Base\03_Tracking_Error\2607027VZF_1597.png,03_Tracking_Error,03_Tracking_Error,95.65,TRUE,03_Tracking_Error,58.48,TRUE,STRONG_MATCH,TRUE,TRUE,51.04,TRUE,7.54,FALSE,58.48,TRUE,2.42,FALSE,22.45,FALSE,32.27,FALSE,17.34,0.384,57,0.764,1.21,0.0025,2.013,0,1224,118.57
2607027VZF_1603.png,D:\Internship\Test_Rule\test_rule_new_v2\Dataset_For_Rule_Base\03_Tracking_Error\2607027VZF_1603.png,03_Tracking_Error,03_Tracking_Error,99.64,TRUE,06_Satellite,85.84,FALSE,MISMATCH,FALSE,FALSE,0,FALSE,6.15,FALSE,49.95,FALSE,2.44,FALSE,22.45,FALSE,85.84,TRUE,17.31,0.383,152,0.782,1.17,0.0053,2.26,1,1225,113.92
2607027VZF_1636.png,D:\Internship\Test_Rule\test_rule_new_v2\Dataset_For_Rule_Base\03_Tracking_Error\2607027VZF_1636.png,03_Tracking_Error,03_Tracking_Error,99.62,TRUE,03_Tracking_Error,49.31,TRUE,WEAK_MATCH,TRUE,TRUE,47.75,FALSE,12.46,FALSE,49.31,FALSE,0.25,FALSE,22.45,FALSE,31.08,FALSE,19.72,0.396,63,0.736,1.16,0.0037,2.049,0,1219,115.07
2607027VZF_1642.png,D:\Internship\Test_Rule\test_rule_new_v2\Dataset_For_Rule_Base\03_Tracking_Error\2607027VZF_1642.png,03_Tracking_Error,03_Tracking_Error,99.73,TRUE,01_Good,55.92,FALSE,MISMATCH,FALSE,FALSE,55.92,TRUE,12.52,FALSE,48.08,FALSE,0,FALSE,22.45,FALSE,31.15,FALSE,20.12,0.365,70,0.765,1.15,0.0086,2.156,0,1207,115.18
2607027VZF_1731.png,D:\Internship\Test_Rule\test_rule_new_v2\Dataset_For_Rule_Base\03_Tracking_Error\2607027VZF_1731.png,03_Tracking_Error,03_Tracking_Error,99.79,TRUE,01_Good,49.43,FALSE,MISMATCH,FALSE,FALSE,49.43,FALSE,44.64,FALSE,15.54,FALSE,3.41,FALSE,22.45,FALSE,35.16,FALSE,19.98,0.354,40,0.799,1.12,0.0543,2.351,0,1177,101.18
2607027VZF_1747.png,D:\Internship\Test_Rule\test_rule_new_v2\Dataset_For_Rule_Base\03_Tracking_Error\2607027VZF_1747.png,03_Tracking_Error,03_Tracking_Error,99.79,TRUE,02_Out_of_Focus,60.48,FALSE,MISMATCH,FALSE,FALSE,41.43,FALSE,60.48,TRUE,14.64,FALSE,0,FALSE,22.45,FALSE,34.16,FALSE,28.69,0.371,29,0.758,1.1,0.0438,2.337,0,1197,99.1
2607027VZF_1751.png,D:\Internship\Test_Rule\test_rule_new_v2\Dataset_For_Rule_Base\03_Tracking_Error\2607027VZF_1751.png,03_Tracking_Error,03_Tracking_Error,99.76,TRUE,02_Out_of_Focus,59.47,FALSE,MISMATCH,FALSE,FALSE,39.38,FALSE,59.47,TRUE,16.17,FALSE,0,FALSE,22.45,FALSE,34.78,FALSE,30.93,0.322,24,0.7,1.12,0.0621,2.308,0,1193,102.85
2607027VZF_1999.png,D:\Internship\Test_Rule\test_rule_new_v2\Dataset_For_Rule_Base\03_Tracking_Error\2607027VZF_1999.png,03_Tracking_Error,03_Tracking_Error,99.69,TRUE,03_Tracking_Error,58.29,TRUE,STRONG_MATCH,TRUE,TRUE,39.18,FALSE,13.33,FALSE,58.29,TRUE,0,FALSE,22.45,FALSE,32.87,FALSE,20.18,0.394,45,0.761,1.22,0.0012,2.337,0,1214,117.91
2607027VZF_2219.png,D:\Internship\Test_Rule\test_rule_new_v2\Dataset_For_Rule_Base\03_Tracking_Error\2607027VZF_2219.png,03_Tracking_Error,03_Tracking_Error,96.55,TRUE,06_Satellite,96.71,FALSE,MISMATCH,FALSE,FALSE,6.99,FALSE,26.23,FALSE,39.28,FALSE,35.51,FALSE,22.45,FALSE,96.71,TRUE,11.03,0.71,83,0.67,1.36,0.0124,0,1,1231,83.01
2607027VZF_223.png,D:\Internship\Test_Rule\test_rule_new_v2\Dataset_For_Rule_Base\03_Tracking_Error\2607027VZF_223.png,03_Tracking_Error,03_Tracking_Error,81.85,TRUE,03_Tracking_Error,82.27,TRUE,STRONG_MATCH,TRUE,TRUE,43.14,FALSE,10.79,FALSE,82.27,TRUE,1,FALSE,22.45,FALSE,28.96,FALSE,18.9,0.456,88,0.728,1.3,0.0016,2.065,0,1213,115.3
2607027VZF_2231.png,D:\Internship\Test_Rule\test_rule_new_v2\Dataset_For_Rule_Base\03_Tracking_Error\2607027VZF_2231.png,03_Tracking_Error,03_Tracking_Error,96.88,TRUE,06_Satellite,94.29,FALSE,MISMATCH,FALSE,FALSE,7.9,FALSE,37.17,FALSE,40.95,FALSE,24.31,FALSE,22.45,FALSE,94.29,TRUE,21.06,0.723,69,0.587,1.64,0.0143,0,1,1264,83.77
2607027VZF_2236.png,D:\Internship\Test_Rule\test_rule_new_v2\Dataset_For_Rule_Base\03_Tracking_Error\2607027VZF_2236.png,03_Tracking_Error,03_Tracking_Error,95.63,TRUE,06_Satellite,90.3,FALSE,MISMATCH,FALSE,FALSE,25.02,FALSE,9.82,FALSE,35.98,FALSE,5.47,FALSE,22.45,FALSE,90.3,TRUE,15.97,0.414,32,0.684,1.23,0.0007,2.055,1,1232,104.67
2607027VZF_250.png,D:\Internship\Test_Rule\test_rule_new_v2\Dataset_For_Rule_Base\03_Tracking_Error\2607027VZF_250.png,03_Tracking_Error,03_Tracking_Error,84.24,TRUE,03_Tracking_Error,74.68,TRUE,STRONG_MATCH,TRUE,TRUE,42.63,FALSE,8.52,FALSE,74.68,TRUE,2.87,FALSE,22.45,FALSE,28.73,FALSE,17.07,0.484,89,0.733,1.28,0.0019,2.226,0,1197,116.68
2607027VZF_619.png,D:\Internship\Test_Rule\test_rule_new_v2\Dataset_For_Rule_Base\03_Tracking_Error\2607027VZF_619.png,03_Tracking_Error,03_Tracking_Error,93.08,TRUE,03_Tracking_Error,76.38,TRUE,STRONG_MATCH,TRUE,TRUE,38.4,FALSE,5.09,FALSE,76.38,TRUE,13.95,FALSE,22.45,FALSE,29.15,FALSE,13.18,0.623,54,0.713,1.24,0.0009,2.03,0,1226,116.87
2607027VZF_899.png,D:\Internship\Test_Rule\test_rule_new_v2\Dataset_For_Rule_Base\03_Tracking_Error\2607027VZF_899.png,03_Tracking_Error,03_Tracking_Error,86.09,TRUE,01_Good,59.3,FALSE,MISMATCH,FALSE,FALSE,59.3,TRUE,5.83,FALSE,58.87,TRUE,5.2,FALSE,22.35,FALSE,29.03,FALSE,15.53,0.381,185,0.784,1.17,0.0026,2.021,0,1207,116.2
2607027VZF_906.png,D:\Internship\Test_Rule\test_rule_new_v2\Dataset_For_Rule_Base\03_Tracking_Error\2607027VZF_906.png,03_Tracking_Error,03_Tracking_Error,97.5,TRUE,03_Tracking_Error,56.51,TRUE,STRONG_MATCH,TRUE,TRUE,52.11,TRUE,9.04,FALSE,56.51,TRUE,2.26,FALSE,21.7,FALSE,28.83,FALSE,18,0.383,186,0.788,1.19,0.004,2.157,0,1215,111.11
260702HJAK_3.png,D:\Internship\Test_Rule\test_rule_new_v2\Dataset_For_Rule_Base\03_Tracking_Error\260702HJAK_3.png,03_Tracking_Error,03_Tracking_Error,58.01,TRUE,01_Good,59.13,FALSE,MISMATCH,FALSE,FALSE,59.13,TRUE,5.41,FALSE,58.87,TRUE,5.55,FALSE,22.45,FALSE,28.92,FALSE,15.08,0.388,178,0.785,1.16,0.001,2.095,0,1203,116.8
260702HJAK_4.png,D:\Internship\Test_Rule\test_rule_new_v2\Dataset_For_Rule_Base\03_Tracking_Error\260702HJAK_4.png,03_Tracking_Error,02_Out_of_Focus,47.72,FALSE,03_Tracking_Error,58.32,TRUE,MISMATCH,FALSE,FALSE,54.63,TRUE,13.05,FALSE,58.32,TRUE,0,FALSE,21.89,FALSE,28.73,FALSE,21.58,0.379,165,0.721,1.13,0.0033,2.225,0,1223,119.02
260702HJAK_6.png,D:\Internship\Test_Rule\test_rule_new_v2\Dataset_For_Rule_Base\03_Tracking_Error\260702HJAK_6.png,03_Tracking_Error,03_Tracking_Error,94.72,TRUE,01_Good,60.22,FALSE,MISMATCH,FALSE,FALSE,60.22,TRUE,5.09,FALSE,55.48,TRUE,7.86,FALSE,22.07,FALSE,32.65,FALSE,15.03,0.38,209,0.798,1.15,0.0006,2.333,0,1207,117.7
2607044ILE_1_1.png,D:\Internship\Test_Rule\test_rule_new_v2\Dataset_For_Rule_Base\03_Tracking_Error\2607044ILE_1_1.png,03_Tracking_Error,01_Good,57.56,FALSE,03_Tracking_Error,66.83,TRUE,MISMATCH,FALSE,FALSE,37.15,FALSE,17.89,FALSE,66.83,TRUE,0,FALSE,22.45,FALSE,29.66,FALSE,24.05,0.43,54,0.732,1.32,0,2.069,0,1208,107.99
FILE_CURRENT_FOCUS12758.png,D:\Internship\Test_Rule\test_rule_new_v2\Dataset_For_Rule_Base\03_Tracking_Error\FILE_CURRENT_FOCUS12758.png,03_Tracking_Error,03_Tracking_Error,68.2,TRUE,02_Out_of_Focus,99.2,FALSE,MISMATCH,FALSE,FALSE,40.65,FALSE,99.2,TRUE,16.64,FALSE,21.18,FALSE,29.38,FALSE,23.73,FALSE,33.45,0.615,71,0.599,1.19,0.1629,0.509,0,0,21.76
FILE_CURRENT_FOCUS13458 (2).png,D:\Internship\Test_Rule\test_rule_new_v2\Dataset_For_Rule_Base\03_Tracking_Error\FILE_CURRENT_FOCUS13458 (2).png,03_Tracking_Error,03_Tracking_Error,99.87,TRUE,02_Out_of_Focus,94.33,FALSE,MISMATCH,FALSE,FALSE,26.65,FALSE,94.33,TRUE,27.4,FALSE,34.63,FALSE,20.31,FALSE,34.85,FALSE,24.44,0.737,87,0.548,1.26,0.1077,0.507,0,1198,35.51
FILE_CURRENT_FOCUS13458 (3).png,D:\Internship\Test_Rule\test_rule_new_v2\Dataset_For_Rule_Base\03_Tracking_Error\FILE_CURRENT_FOCUS13458 (3).png,03_Tracking_Error,03_Tracking_Error,99.81,TRUE,02_Out_of_Focus,88.88,FALSE,MISMATCH,FALSE,FALSE,35.64,FALSE,88.88,TRUE,27.22,FALSE,9.35,FALSE,20.41,FALSE,31.58,FALSE,23.37,0.571,116,0.673,1.34,0.084,0.507,0,1182,34.13
FILE_CURRENT_FOCUS13458 (4).png,D:\Internship\Test_Rule\test_rule_new_v2\Dataset_For_Rule_Base\03_Tracking_Error\FILE_CURRENT_FOCUS13458 (4).png,03_Tracking_Error,03_Tracking_Error,99.87,TRUE,02_Out_of_Focus,94.33,FALSE,MISMATCH,FALSE,FALSE,26.65,FALSE,94.33,TRUE,27.4,FALSE,34.63,FALSE,20.31,FALSE,34.85,FALSE,24.44,0.737,87,0.548,1.26,0.1077,0.507,0,1198,35.51
FILE_CURRENT_FOCUS14158 (2).png,D:\Internship\Test_Rule\test_rule_new_v2\Dataset_For_Rule_Base\03_Tracking_Error\FILE_CURRENT_FOCUS14158 (2).png,03_Tracking_Error,03_Tracking_Error,73.34,TRUE,02_Out_of_Focus,83.99,FALSE,MISMATCH,FALSE,FALSE,31.82,FALSE,83.99,TRUE,24.49,FALSE,56.06,TRUE,16.87,FALSE,17.06,FALSE,20.94,0.742,208,0.738,1.43,0.1145,0.515,0,3,21.59
2605045QHM_1_2.png,D:\Internship\Test_Rule\test_rule_new_v2\Dataset_For_Rule_Base\04_Over_Saturated\2605045QHM_1_2.png,04_Over_Saturated,04_Over_Saturated,89.98,TRUE,01_Good,57.7,FALSE,MISMATCH,FALSE,FALSE,57.7,TRUE,15.34,FALSE,28.03,FALSE,2.11,FALSE,22.45,FALSE,29.41,FALSE,17.68,0.354,39,0.785,1.14,0.0052,2.097,0,1235,103.1
2605082ZGH_1_12.png,D:\Internship\Test_Rule\test_rule_new_v2\Dataset_For_Rule_Base\04_Over_Saturated\2605082ZGH_1_12.png,04_Over_Saturated,04_Over_Saturated,90.72,TRUE,01_Good,72.37,FALSE,MISMATCH,FALSE,FALSE,72.37,TRUE,63.34,TRUE,12.89,FALSE,60.76,TRUE,9.96,FALSE,26.44,FALSE,15.29,0.63,574,0.833,1.11,0.0224,0,0,2,21.88
2605082ZGH_1_5.png,D:\Internship\Test_Rule\test_rule_new_v2\Dataset_For_Rule_Base\04_Over_Saturated\2605082ZGH_1_5.png,04_Over_Saturated,04_Over_Saturated,94.25,TRUE,01_Good,71.79,FALSE,MISMATCH,FALSE,FALSE,71.79,TRUE,60.7,TRUE,13.2,FALSE,62.29,TRUE,10.19,FALSE,23.73,FALSE,14.73,0.645,658,0.826,1.11,0.0188,0,0,5,23.67
260511JK92_1_2.png,D:\Internship\Test_Rule\test_rule_new_v2\Dataset_For_Rule_Base\04_Over_Saturated\260511JK92_1_2.png,04_Over_Saturated,04_Over_Saturated,91.25,TRUE,01_Good,52.37,FALSE,MISMATCH,FALSE,FALSE,52.37,TRUE,15.75,FALSE,36.67,FALSE,0,FALSE,22.45,FALSE,31.37,FALSE,22.82,0.361,62,0.798,1.13,0.0015,2.163,0,1260,106.83
260515BCA7_11_1.png,D:\Internship\Test_Rule\test_rule_new_v2\Dataset_For_Rule_Base\04_Over_Saturated\260515BCA7_11_1.png,04_Over_Saturated,04_Over_Saturated,97.44,TRUE,04_Over_Saturated,91.06,TRUE,STRONG_MATCH,TRUE,TRUE,73.97,TRUE,53.37,TRUE,12.28,FALSE,91.06,TRUE,22.23,FALSE,25.08,FALSE,9.73,0.757,311,0.806,1.11,0.0017,0,0,0,11.61
260515BCA7_9_1.png,D:\Internship\Test_Rule\test_rule_new_v2\Dataset_For_Rule_Base\04_Over_Saturated\260515BCA7_9_1.png,04_Over_Saturated,04_Over_Saturated,91.99,TRUE,06_Satellite,79.66,FALSE,MISMATCH,FALSE,FALSE,0,FALSE,42.28,FALSE,13.11,FALSE,78.08,TRUE,15.67,FALSE,79.66,TRUE,9.03,0.737,199,0.771,1.36,0.0032,0,1,4,9.37
260515ELKI_13_1.png,D:\Internship\Test_Rule\test_rule_new_v2\Dataset_For_Rule_Base\04_Over_Saturated\260515ELKI_13_1.png,04_Over_Saturated,04_Over_Saturated,94.93,TRUE,04_Over_Saturated,94.25,TRUE,STRONG_MATCH,TRUE,TRUE,70.52,TRUE,53.67,TRUE,12.08,FALSE,94.25,TRUE,19.53,FALSE,10.17,FALSE,9.74,0.753,310,0.799,1.13,0.0007,0,0,1,14.96
260515ELKI_6_1.png,D:\Internship\Test_Rule\test_rule_new_v2\Dataset_For_Rule_Base\04_Over_Saturated\260515ELKI_6_1.png,04_Over_Saturated,04_Over_Saturated,97.03,TRUE,04_Over_Saturated,87.08,TRUE,STRONG_MATCH,TRUE,TRUE,32.42,FALSE,53.84,TRUE,13.04,FALSE,87.08,TRUE,20,FALSE,10.17,FALSE,9.4,0.733,277,0.803,1.15,0.0057,0,0,1,16.62
260515ELKI_8_1.png,D:\Internship\Test_Rule\test_rule_new_v2\Dataset_For_Rule_Base\04_Over_Saturated\260515ELKI_8_1.png,04_Over_Saturated,04_Over_Saturated,97.57,TRUE,04_Over_Saturated,88.19,TRUE,STRONG_MATCH,TRUE,TRUE,0,FALSE,41.64,FALSE,11.84,FALSE,88.19,TRUE,13.09,FALSE,79.66,TRUE,9.24,0.75,236,0.786,1.28,0.0012,0,1,3,13.52
260515EVU6_16_1.png,D:\Internship\Test_Rule\test_rule_new_v2\Dataset_For_Rule_Base\04_Over_Saturated\260515EVU6_16_1.png,04_Over_Saturated,04_Over_Saturated,97.75,TRUE,04_Over_Saturated,87.42,TRUE,STRONG_MATCH,TRUE,TRUE,65.81,TRUE,54.12,TRUE,13.97,FALSE,87.42,TRUE,13.94,FALSE,30.01,FALSE,9.53,0.747,314,0.787,1.13,0.0022,0,0,2,12.79
260515EVU6_17_1.png,D:\Internship\Test_Rule\test_rule_new_v2\Dataset_For_Rule_Base\04_Over_Saturated\260515EVU6_17_1.png,04_Over_Saturated,04_Over_Saturated,97.36,TRUE,04_Over_Saturated,79.35,TRUE,STRONG_MATCH,TRUE,TRUE,67.84,TRUE,54.17,TRUE,13.23,FALSE,79.35,TRUE,13.64,FALSE,24.54,FALSE,9.79,0.711,328,0.786,1.13,0.0012,0,0,4,12.82
260515EVU6_2_1.png,D:\Internship\Test_Rule\test_rule_new_v2\Dataset_For_Rule_Base\04_Over_Saturated\260515EVU6_2_1.png,04_Over_Saturated,04_Over_Saturated,91.77,TRUE,04_Over_Saturated,83.99,TRUE,STRONG_MATCH,TRUE,TRUE,70.21,TRUE,59.24,TRUE,12.07,FALSE,83.99,TRUE,18.78,FALSE,23.73,FALSE,10.59,0.731,230,0.827,1.12,0.0164,0,0,0,13.89
260515EVU6_6_1.png,D:\Internship\Test_Rule\test_rule_new_v2\Dataset_For_Rule_Base\04_Over_Saturated\260515EVU6_6_1.png,04_Over_Saturated,04_Over_Saturated,95.2,TRUE,04_Over_Saturated,90.97,TRUE,STRONG_MATCH,TRUE,TRUE,0,FALSE,42.2,FALSE,10.22,FALSE,90.97,TRUE,12.65,FALSE,79.73,TRUE,9.34,0.763,263,0.788,1.2,0.0037,0,1,3,10.56
260515GFRS_9_1.png,D:\Internship\Test_Rule\test_rule_new_v2\Dataset_For_Rule_Base\04_Over_Saturated\260515GFRS_9_1.png,04_Over_Saturated,04_Over_Saturated,87.22,TRUE,04_Over_Saturated,85.51,TRUE,STRONG_MATCH,TRUE,TRUE,0,FALSE,42.04,FALSE,11.63,FALSE,85.51,TRUE,13.84,FALSE,79.66,TRUE,9.19,0.754,218,0.785,1.29,0.0039,0,1,3,10.67
260515IC2A_1_2.png,D:\Internship\Test_Rule\test_rule_new_v2\Dataset_For_Rule_Base\04_Over_Saturated\260515IC2A_1_2.png,04_Over_Saturated,04_Over_Saturated,87.02,TRUE,02_Out_of_Focus,72.04,FALSE,MISMATCH,FALSE,FALSE,0,FALSE,72.04,TRUE,11.69,FALSE,26.6,FALSE,22.45,FALSE,31.6,FALSE,13.58,0.446,38,0.768,1.4,0.0441,0,0,912,34.26
260515P2R1_15_1.png,D:\Internship\Test_Rule\test_rule_new_v2\Dataset_For_Rule_Base\04_Over_Saturated\260515P2R1_15_1.png,04_Over_Saturated,04_Over_Saturated,97.77,TRUE,04_Over_Saturated,94.33,TRUE,STRONG_MATCH,TRUE,TRUE,0,FALSE,49.76,FALSE,12.39,FALSE,94.33,TRUE,16.04,FALSE,79.66,TRUE,10.3,0.762,246,0.8,1.24,0.0152,0,1,1,12.67
260515P2R1_17_1.png,D:\Internship\Test_Rule\test_rule_new_v2\Dataset_For_Rule_Base\04_Over_Saturated\260515P2R1_17_1.png,04_Over_Saturated,04_Over_Saturated,97.2,TRUE,04_Over_Saturated,93.46,TRUE,STRONG_MATCH,TRUE,TRUE,74.34,TRUE,53.43,TRUE,12.38,FALSE,93.46,TRUE,18.12,FALSE,25.25,FALSE,9.88,0.74,362,0.805,1.13,0.0047,0,0,0,13.87
260515P2R1_1_1.png,D:\Internship\Test_Rule\test_rule_new_v2\Dataset_For_Rule_Base\04_Over_Saturated\260515P2R1_1_1.png,04_Over_Saturated,04_Over_Saturated,96.39,TRUE,04_Over_Saturated,89.73,TRUE,STRONG_MATCH,TRUE,TRUE,60.57,TRUE,53.49,TRUE,12.31,FALSE,89.73,TRUE,20.35,FALSE,23.73,FALSE,9.9,0.742,266,0.817,1.13,0.006,0,0,0,16.65
260515QBWE_15_1.png,D:\Internship\Test_Rule\test_rule_new_v2\Dataset_For_Rule_Base\04_Over_Saturated\260515QBWE_15_1.png,04_Over_Saturated,04_Over_Saturated,96.62,TRUE,04_Over_Saturated,87.05,TRUE,STRONG_MATCH,TRUE,TRUE,68.35,TRUE,54.15,TRUE,12.34,FALSE,87.05,TRUE,12.23,FALSE,24.01,FALSE,9.8,0.731,355,0.787,1.12,0.0027,0,0,3,13.03
260515QBWE_16_1.png,D:\Internship\Test_Rule\test_rule_new_v2\Dataset_For_Rule_Base\04_Over_Saturated\260515QBWE_16_1.png,04_Over_Saturated,04_Over_Saturated,96.37,TRUE,04_Over_Saturated,95.45,TRUE,STRONG_MATCH,TRUE,TRUE,73.97,TRUE,53.18,TRUE,12.01,FALSE,95.45,TRUE,20.19,FALSE,23.73,FALSE,9.8,0.764,332,0.811,1.11,0.0021,0,0,0,13.98
260515QBWE_1_1.png,D:\Internship\Test_Rule\test_rule_new_v2\Dataset_For_Rule_Base\04_Over_Saturated\260515QBWE_1_1.png,04_Over_Saturated,04_Over_Saturated,95.68,TRUE,04_Over_Saturated,91.07,TRUE,STRONG_MATCH,TRUE,TRUE,66.91,TRUE,54.02,TRUE,12.35,FALSE,91.07,TRUE,19.18,FALSE,23.73,FALSE,9.26,0.765,326,0.802,1.11,0.0059,0,0,1,12.73
260515QBWE_3_1.png,D:\Internship\Test_Rule\test_rule_new_v2\Dataset_For_Rule_Base\04_Over_Saturated\260515QBWE_3_1.png,04_Over_Saturated,04_Over_Saturated,93.86,TRUE,04_Over_Saturated,89.16,TRUE,STRONG_MATCH,TRUE,TRUE,65.48,TRUE,53.16,TRUE,12.37,FALSE,89.16,TRUE,21.77,FALSE,23.73,FALSE,9.55,0.747,279,0.811,1.13,0.0004,0,0,0,14.59
260515QBWE_7_1.png,D:\Internship\Test_Rule\test_rule_new_v2\Dataset_For_Rule_Base\04_Over_Saturated\260515QBWE_7_1.png,04_Over_Saturated,04_Over_Saturated,94.93,TRUE,04_Over_Saturated,94.36,TRUE,STRONG_MATCH,TRUE,TRUE,66.18,TRUE,53.51,TRUE,12.32,FALSE,94.36,TRUE,16.53,FALSE,29.15,FALSE,9.99,0.754,305,0.812,1.13,0.0057,0,0,1,13.38
260515QBWE_9_1.png,D:\Internship\Test_Rule\test_rule_new_v2\Dataset_For_Rule_Base\04_Over_Saturated\260515QBWE_9_1.png,04_Over_Saturated,04_Over_Saturated,96.73,TRUE,04_Over_Saturated,89.48,TRUE,STRONG_MATCH,TRUE,TRUE,69.49,TRUE,53.7,TRUE,12.66,FALSE,89.48,TRUE,8.29,FALSE,27.12,FALSE,10.79,0.728,328,0.81,1.14,0.0058,0,0,2,18.3
260515SYWS_11_1.png,D:\Internship\Test_Rule\test_rule_new_v2\Dataset_For_Rule_Base\04_Over_Saturated\260515SYWS_11_1.png,04_Over_Saturated,04_Over_Saturated,92.36,TRUE,04_Over_Saturated,77.78,TRUE,STRONG_MATCH,TRUE,TRUE,61.1,TRUE,53.85,TRUE,12.6,FALSE,77.78,TRUE,14.65,FALSE,24.24,FALSE,10.35,0.723,287,0.794,1.12,0.0038,0,0,27,20.04
260515U1R3_10_1.png,D:\Internship\Test_Rule\test_rule_new_v2\Dataset_For_Rule_Base\04_Over_Saturated\260515U1R3_10_1.png,04_Over_Saturated,04_Over_Saturated,70.73,TRUE,04_Over_Saturated,86.18,TRUE,STRONG_MATCH,TRUE,TRUE,0,FALSE,43.05,FALSE,11.65,FALSE,86.18,TRUE,13.27,FALSE,80.59,TRUE,9.27,0.765,213,0.785,1.27,0.008,0,1,5,9.53
260515UVGY_6_1.png,D:\Internship\Test_Rule\test_rule_new_v2\Dataset_For_Rule_Base\04_Over_Saturated\260515UVGY_6_1.png,04_Over_Saturated,04_Over_Saturated,98.74,TRUE,04_Over_Saturated,89.47,TRUE,STRONG_MATCH,TRUE,TRUE,0,FALSE,48.51,FALSE,15.14,FALSE,89.47,TRUE,22.22,FALSE,82.91,TRUE,9.65,0.753,289,0.796,1.24,0.0039,0,1,0,14.06
2605163NVR_1_1.png,D:\Internship\Test_Rule\test_rule_new_v2\Dataset_For_Rule_Base\04_Over_Saturated\2605163NVR_1_1.png,04_Over_Saturated,04_Over_Saturated,56.67,TRUE,02_Out_of_Focus,75.74,FALSE,MISMATCH,FALSE,FALSE,61.09,TRUE,75.74,TRUE,6.31,FALSE,0.9,FALSE,22.45,FALSE,46.55,FALSE,19.64,0.355,16,0.777,1.2,0.0865,0,0,1241,47.95
260519OWU3_1_2.png,D:\Internship\Test_Rule\test_rule_new_v2\Dataset_For_Rule_Base\04_Over_Saturated\260519OWU3_1_2.png,04_Over_Saturated,04_Over_Saturated,54.51,TRUE,01_Good,49.07,FALSE,MISMATCH,FALSE,FALSE,49.07,FALSE,23.87,FALSE,30.39,FALSE,0,FALSE,22.45,FALSE,29.14,FALSE,26.08,0.352,55,0.767,1.15,0.0004,2.038,0,1245,101.53
260523C52A_1_2.png,D:\Internship\Test_Rule\test_rule_new_v2\Dataset_For_Rule_Base\04_Over_Saturated\260523C52A_1_2.png,04_Over_Saturated,04_Over_Saturated,77.43,TRUE,01_Good,54.58,FALSE,MISMATCH,FALSE,FALSE,54.58,TRUE,17.55,FALSE,29.93,FALSE,0,FALSE,22.45,FALSE,28.87,FALSE,21.16,0.327,67,0.802,1.11,0.0028,2.127,0,1283,102.02
26061473C1_14_1.png,D:\Internship\Test_Rule\test_rule_new_v2\Dataset_For_Rule_Base\04_Over_Saturated\26061473C1_14_1.png,04_Over_Saturated,04_Over_Saturated,91.26,TRUE,04_Over_Saturated,91.46,TRUE,STRONG_MATCH,TRUE,TRUE,0,FALSE,41.31,FALSE,10.59,FALSE,91.46,TRUE,11.38,FALSE,79.66,TRUE,9.55,0.766,238,0.794,1.25,0.0044,0,1,3,9.8
26061473C1_16_1.png,D:\Internship\Test_Rule\test_rule_new_v2\Dataset_For_Rule_Base\04_Over_Saturated\26061473C1_16_1.png,04_Over_Saturated,04_Over_Saturated,96.6,TRUE,04_Over_Saturated,84.14,TRUE,STRONG_MATCH,TRUE,TRUE,69.13,TRUE,53.97,TRUE,13.92,FALSE,84.14,TRUE,18.8,FALSE,23.73,FALSE,9.49,0.719,316,0.791,1.14,0.002,0,0,1,12.25
26061473C1_17_1.png,D:\Internship\Test_Rule\test_rule_new_v2\Dataset_For_Rule_Base\04_Over_Saturated\26061473C1_17_1.png,04_Over_Saturated,04_Over_Saturated,97.17,TRUE,04_Over_Saturated,80.68,TRUE,STRONG_MATCH,TRUE,TRUE,69.35,TRUE,54.09,TRUE,13.28,FALSE,80.68,TRUE,12.48,FALSE,23.73,FALSE,9.87,0.708,355,0.788,1.14,0.0013,0,0,6,13
26061473C1_6_1.png,D:\Internship\Test_Rule\test_rule_new_v2\Dataset_For_Rule_Base\04_Over_Saturated\26061473C1_6_1.png,04_Over_Saturated,04_Over_Saturated,91.3,TRUE,04_Over_Saturated,88.22,TRUE,STRONG_MATCH,TRUE,TRUE,0,FALSE,41.44,FALSE,11.77,FALSE,88.22,TRUE,12.35,FALSE,81.81,TRUE,9.16,0.756,218,0.788,1.34,0.0069,0,1,4,9.35
26061473C1_7_1.png,D:\Internship\Test_Rule\test_rule_new_v2\Dataset_For_Rule_Base\04_Over_Saturated\26061473C1_7_1.png,04_Over_Saturated,04_Over_Saturated,93.63,TRUE,04_Over_Saturated,81.07,TRUE,STRONG_MATCH,TRUE,TRUE,71.15,TRUE,53.76,TRUE,11.54,FALSE,81.07,TRUE,20.99,FALSE,23.73,FALSE,10.07,0.721,239,0.819,1.11,0.0066,0,0,0,16.01
260614WALM_16_1.png,D:\Internship\Test_Rule\test_rule_new_v2\Dataset_For_Rule_Base\04_Over_Saturated\260614WALM_16_1.png,04_Over_Saturated,04_Over_Saturated,93,TRUE,04_Over_Saturated,83.47,TRUE,STRONG_MATCH,TRUE,TRUE,0,FALSE,58.55,TRUE,16.78,FALSE,83.47,TRUE,14.58,FALSE,65.03,TRUE,13.3,0.742,167,0.818,1.26,0.0204,0,1,1,11.74
260627KRXQ_1_2.png,D:\Internship\Test_Rule\test_rule_new_v2\Dataset_For_Rule_Base\04_Over_Saturated\260627KRXQ_1_2.png,04_Over_Saturated,01_Good,46.44,FALSE,01_Good,50.15,FALSE,STRONG_MATCH,TRUE,FALSE,50.15,TRUE,8.9,FALSE,46.38,FALSE,1.91,FALSE,22.45,FALSE,28.78,FALSE,17.9,0.366,31,0.78,1.16,0,2.191,0,1277,115.34
260702AT87_1_2.png,D:\Internship\Test_Rule\test_rule_new_v2\Dataset_For_Rule_Base\04_Over_Saturated\260702AT87_1_2.png,04_Over_Saturated,04_Over_Saturated,78.98,TRUE,02_Out_of_Focus,59.99,FALSE,MISMATCH,FALSE,FALSE,56.74,TRUE,59.99,TRUE,9.68,FALSE,0,FALSE,22.45,FALSE,30.51,FALSE,22.51,0.302,21,0.762,1.22,0.0332,0,0,1315,82.1
260709WSBP_1_2.png,D:\Internship\Test_Rule\test_rule_new_v2\Dataset_For_Rule_Base\04_Over_Saturated\260709WSBP_1_2.png,04_Over_Saturated,04_Over_Saturated,83.81,TRUE,01_Good,76.54,FALSE,MISMATCH,FALSE,FALSE,76.54,TRUE,64.63,TRUE,13.24,FALSE,74.46,TRUE,18.32,FALSE,26.05,FALSE,13.64,0.679,819,0.824,1.13,0.026,0,0,0,20.73
2607131ERW_19_1.png,D:\Internship\Test_Rule\test_rule_new_v2\Dataset_For_Rule_Base\04_Over_Saturated\2607131ERW_19_1.png,04_Over_Saturated,04_Over_Saturated,91.27,TRUE,04_Over_Saturated,87.35,TRUE,STRONG_MATCH,TRUE,TRUE,0,FALSE,42.07,FALSE,11.24,FALSE,87.35,TRUE,12.71,FALSE,82.58,TRUE,9.33,0.763,215,0.783,1.39,0.0076,0,1,4,9.32
260713EY9C_15_1.png,D:\Internship\Test_Rule\test_rule_new_v2\Dataset_For_Rule_Base\04_Over_Saturated\260713EY9C_15_1.png,04_Over_Saturated,04_Over_Saturated,97.84,TRUE,04_Over_Saturated,94.69,TRUE,STRONG_MATCH,TRUE,TRUE,5.31,FALSE,52.35,TRUE,14.23,FALSE,94.69,TRUE,12.01,FALSE,20.14,FALSE,9.95,0.76,298,0.797,1.18,0.0033,0,0,3,11.47
260713EY9C_3_1.png,D:\Internship\Test_Rule\test_rule_new_v2\Dataset_For_Rule_Base\04_Over_Saturated\260713EY9C_3_1.png,04_Over_Saturated,04_Over_Saturated,95.79,TRUE,04_Over_Saturated,81.25,TRUE,STRONG_MATCH,TRUE,TRUE,71.26,TRUE,53.27,TRUE,12.17,FALSE,81.25,TRUE,24.24,FALSE,23.73,FALSE,9.27,0.741,252,0.808,1.11,0.0005,0,0,0,14.32
FILE_CURRENT_FOCUS13108 (10).png,D:\Internship\Test_Rule\test_rule_new_v2\Dataset_For_Rule_Base\04_Over_Saturated\FILE_CURRENT_FOCUS13108 (10).png,04_Over_Saturated,04_Over_Saturated,86.94,TRUE,01_Good,70.31,FALSE,MISMATCH,FALSE,FALSE,70.31,TRUE,68.87,TRUE,15.57,FALSE,42.82,FALSE,29.24,FALSE,23.73,FALSE,10.11,0.62,188,0.853,1.13,0.0316,0.509,0,0,4.23
FILE_CURRENT_FOCUS13108 (22).png,D:\Internship\Test_Rule\test_rule_new_v2\Dataset_For_Rule_Base\04_Over_Saturated\FILE_CURRENT_FOCUS13108 (22).png,04_Over_Saturated,04_Over_Saturated,43.6,TRUE,02_Out_of_Focus,96.22,FALSE,MISMATCH,FALSE,FALSE,33.24,FALSE,96.22,TRUE,27.62,FALSE,33.61,FALSE,20.27,FALSE,19.85,FALSE,27.3,0.678,97,0.671,1.75,0.1246,0.508,0,4,25.16
FILE_CURRENT_FOCUS13458 (54).png,D:\Internship\Test_Rule\test_rule_new_v2\Dataset_For_Rule_Base\04_Over_Saturated\FILE_CURRENT_FOCUS13458 (54).png,04_Over_Saturated,04_Over_Saturated,78.25,TRUE,01_Good,64.87,FALSE,MISMATCH,FALSE,FALSE,64.87,TRUE,52.83,TRUE,14.91,FALSE,46.94,FALSE,31.03,FALSE,23.73,FALSE,7.36,0.643,82,0.819,1.09,0,0.506,0,0,7.42
FILE_CURRENT_FOCUS13458 (67).png,D:\Internship\Test_Rule\test_rule_new_v2\Dataset_For_Rule_Base\04_Over_Saturated\FILE_CURRENT_FOCUS13458 (67).png,04_Over_Saturated,04_Over_Saturated,96.35,TRUE,01_Good,74.32,FALSE,MISMATCH,FALSE,FALSE,74.32,TRUE,66.81,TRUE,14.56,FALSE,43.61,FALSE,29.79,FALSE,23.73,FALSE,8.26,0.558,217,0.838,1.16,0.0293,0.506,0,0,4.23
FILE_CURRENT_FOCUS13458 (72).png,D:\Internship\Test_Rule\test_rule_new_v2\Dataset_For_Rule_Base\04_Over_Saturated\FILE_CURRENT_FOCUS13458 (72).png,04_Over_Saturated,01_Good,50.66,FALSE,01_Good,71.3,FALSE,STRONG_MATCH,TRUE,FALSE,71.3,TRUE,69.91,TRUE,15.21,FALSE,68.15,TRUE,17.62,FALSE,23.73,FALSE,9.8,0.693,651,0.814,1.12,0.0352,0.512,0,2,16.39
FILE_CURRENT_FOCUS13808 (81).png,D:\Internship\Test_Rule\test_rule_new_v2\Dataset_For_Rule_Base\04_Over_Saturated\FILE_CURRENT_FOCUS13808 (81).png,04_Over_Saturated,01_Good,64.17,FALSE,01_Good,80.98,FALSE,STRONG_MATCH,TRUE,FALSE,80.98,TRUE,69.73,TRUE,7.29,FALSE,43.17,FALSE,29.43,FALSE,23.73,FALSE,13.78,0.45,258,0.824,1.12,0.065,0.506,0,0,19.51
FILE_CURRENT_FOCUS14158 (5).png,D:\Internship\Test_Rule\test_rule_new_v2\Dataset_For_Rule_Base\04_Over_Saturated\FILE_CURRENT_FOCUS14158 (5).png,04_Over_Saturated,04_Over_Saturated,75.21,TRUE,02_Out_of_Focus,71.64,FALSE,MISMATCH,FALSE,FALSE,49.35,FALSE,71.64,TRUE,25.08,FALSE,59.91,TRUE,29.4,FALSE,23.73,FALSE,12.31,0.71,147,0.828,1.29,0.0378,0.505,0,0,3.95
FILE_CURRENT_FOCUS14508 (6).png,D:\Internship\Test_Rule\test_rule_new_v2\Dataset_For_Rule_Base\04_Over_Saturated\FILE_CURRENT_FOCUS14508 (6).png,04_Over_Saturated,04_Over_Saturated,47.94,TRUE,02_Out_of_Focus,74.89,FALSE,MISMATCH,FALSE,FALSE,44.28,FALSE,74.89,TRUE,21.55,FALSE,65.34,TRUE,29.75,FALSE,23.73,FALSE,15.68,0.75,90,0.812,1.22,0.1861,0.504,0,0,3.55
2026_05_27T08.35.17.466Z_V.png,D:\Internship\Test_Rule\test_rule_new_v2\Dataset_For_Rule_Base\05_No_Star\2026_05_27T08.35.17.466Z_V.png,05_No_Star,05_No_Star,81.26,TRUE,05_No_Star,73.47,TRUE,STRONG_MATCH,TRUE,TRUE,5,FALSE,5.39,FALSE,47.85,FALSE,18.18,FALSE,73.47,TRUE,29.08,FALSE,0,0,0,0,0,0,2.182,0,1208,124.35
2026_05_27T08.36.07.943Z_R.png,D:\Internship\Test_Rule\test_rule_new_v2\Dataset_For_Rule_Base\05_No_Star\2026_05_27T08.36.07.943Z_R.png,05_No_Star,05_No_Star,80.97,TRUE,05_No_Star,73.47,TRUE,STRONG_MATCH,TRUE,TRUE,5,FALSE,5.45,FALSE,47.18,FALSE,18.18,FALSE,73.47,TRUE,28.75,FALSE,0,0,0,0,0,0,2.211,0,1205,124.76
2026_05_27T08.38.40.684Z_V.png,D:\Internship\Test_Rule\test_rule_new_v2\Dataset_For_Rule_Base\05_No_Star\2026_05_27T08.38.40.684Z_V.png,05_No_Star,05_No_Star,81.15,TRUE,05_No_Star,73.47,TRUE,STRONG_MATCH,TRUE,TRUE,5,FALSE,5.39,FALSE,47.85,FALSE,18.18,FALSE,73.47,TRUE,28.97,FALSE,0,0,0,0,0,0,2.797,0,1225,129.57
260504MUFN_1_2.png,D:\Internship\Test_Rule\test_rule_new_v2\Dataset_For_Rule_Base\05_No_Star\260504MUFN_1_2.png,05_No_Star,05_No_Star,80.49,TRUE,05_No_Star,73.47,TRUE,STRONG_MATCH,TRUE,TRUE,5,FALSE,4.61,FALSE,67.2,TRUE,10.32,FALSE,73.47,TRUE,28.69,FALSE,12.57,0.496,1,0.754,1.33,0,2.767,0,1228,125.99
260504WJNU_1_1.png,D:\Internship\Test_Rule\test_rule_new_v2\Dataset_For_Rule_Base\05_No_Star\260504WJNU_1_1.png,05_No_Star,05_No_Star,80.39,TRUE,05_No_Star,73.47,TRUE,STRONG_MATCH,TRUE,TRUE,5,FALSE,5.39,FALSE,47.85,FALSE,18.18,FALSE,73.47,TRUE,28.81,FALSE,0,0,0,0,0,0,2.167,0,1219,124.09
260505ZCMG_1_1.png,D:\Internship\Test_Rule\test_rule_new_v2\Dataset_For_Rule_Base\05_No_Star\260505ZCMG_1_1.png,05_No_Star,05_No_Star,79.64,TRUE,05_No_Star,73.47,TRUE,STRONG_MATCH,TRUE,TRUE,5,FALSE,5.39,FALSE,47.85,FALSE,18.18,FALSE,73.47,TRUE,28.53,FALSE,0,0,0,0,0,0,2.363,0,1210,125.3
260506AAMN_1_1.png,D:\Internship\Test_Rule\test_rule_new_v2\Dataset_For_Rule_Base\05_No_Star\260506AAMN_1_1.png,05_No_Star,05_No_Star,79,TRUE,05_No_Star,73.47,TRUE,STRONG_MATCH,TRUE,TRUE,5,FALSE,5.45,FALSE,47.18,FALSE,18.18,FALSE,73.47,TRUE,28.98,FALSE,0,0,0,0,0,0,2.054,0,1235,123.66
260506ABYO_1_1.png,D:\Internship\Test_Rule\test_rule_new_v2\Dataset_For_Rule_Base\05_No_Star\260506ABYO_1_1.png,05_No_Star,05_No_Star,81.39,TRUE,05_No_Star,73.47,TRUE,STRONG_MATCH,TRUE,TRUE,5,FALSE,5.41,FALSE,47.64,FALSE,18.18,FALSE,73.47,TRUE,29,FALSE,0,0,0,0,0,0,2.039,0,1216,125.37
260506ABYO_1_2.png,D:\Internship\Test_Rule\test_rule_new_v2\Dataset_For_Rule_Base\05_No_Star\260506ABYO_1_2.png,05_No_Star,05_No_Star,81.56,TRUE,05_No_Star,73.47,TRUE,STRONG_MATCH,TRUE,TRUE,5,FALSE,5.39,FALSE,47.85,FALSE,18.18,FALSE,73.47,TRUE,28.51,FALSE,0,0,0,0,0,0,2.372,0,1225,127.17
260506ECSQ_1_1.png,D:\Internship\Test_Rule\test_rule_new_v2\Dataset_For_Rule_Base\05_No_Star\260506ECSQ_1_1.png,05_No_Star,05_No_Star,81.01,TRUE,05_No_Star,73.47,TRUE,STRONG_MATCH,TRUE,TRUE,5,FALSE,3.38,FALSE,47.85,FALSE,11.88,FALSE,73.47,TRUE,29.79,FALSE,11.98,0.315,1,0.785,1,0,2.332,0,1222,125.89
260506GXR2_1_1.png,D:\Internship\Test_Rule\test_rule_new_v2\Dataset_For_Rule_Base\05_No_Star\260506GXR2_1_1.png,05_No_Star,05_No_Star,76.29,TRUE,05_No_Star,73.47,TRUE,STRONG_MATCH,TRUE,TRUE,5,FALSE,5.39,FALSE,47.85,FALSE,18.18,FALSE,73.47,TRUE,30.37,FALSE,0,0,0,0,0,0,2.496,0,1194,127.8
260506GXR2_1_2.png,D:\Internship\Test_Rule\test_rule_new_v2\Dataset_For_Rule_Base\05_No_Star\260506GXR2_1_2.png,05_No_Star,05_No_Star,68.52,TRUE,05_No_Star,73.47,TRUE,STRONG_MATCH,TRUE,TRUE,5,FALSE,5.56,FALSE,46.35,FALSE,18.18,FALSE,73.47,TRUE,28.44,FALSE,0,0,0,0,0,0,2.421,0,1203,131.34
260506I5WM_1_1.png,D:\Internship\Test_Rule\test_rule_new_v2\Dataset_For_Rule_Base\05_No_Star\260506I5WM_1_1.png,05_No_Star,05_No_Star,80.6,TRUE,05_No_Star,73.47,TRUE,STRONG_MATCH,TRUE,TRUE,5,FALSE,5.39,FALSE,47.85,FALSE,18.18,FALSE,73.47,TRUE,28.96,FALSE,0,0,0,0,0,0,2.064,0,1210,125.37
260506I5WM_1_2.png,D:\Internship\Test_Rule\test_rule_new_v2\Dataset_For_Rule_Base\05_No_Star\260506I5WM_1_2.png,05_No_Star,05_No_Star,81.06,TRUE,05_No_Star,73.47,TRUE,STRONG_MATCH,TRUE,TRUE,5,FALSE,5.39,FALSE,47.85,FALSE,18.18,FALSE,73.47,TRUE,30.75,FALSE,0,0,0,0,0,0,2.235,0,1200,124.16
260506JLM7_1_1.png,D:\Internship\Test_Rule\test_rule_new_v2\Dataset_For_Rule_Base\05_No_Star\260506JLM7_1_1.png,05_No_Star,05_No_Star,80.91,TRUE,05_No_Star,73.47,TRUE,STRONG_MATCH,TRUE,TRUE,5,FALSE,5.41,FALSE,47.64,FALSE,18.18,FALSE,73.47,TRUE,28.21,FALSE,0,0,0,0,0,0,2.702,0,1210,126.35
260506JLM7_1_2.png,D:\Internship\Test_Rule\test_rule_new_v2\Dataset_For_Rule_Base\05_No_Star\260506JLM7_1_2.png,05_No_Star,05_No_Star,82.67,TRUE,05_No_Star,73.47,TRUE,STRONG_MATCH,TRUE,TRUE,5,FALSE,3.22,FALSE,56.65,TRUE,12.49,FALSE,73.47,TRUE,28.28,FALSE,11.69,0.489,1,0.785,1,0,2.536,0,1222,125
260506N1AS_1_1.png,D:\Internship\Test_Rule\test_rule_new_v2\Dataset_For_Rule_Base\05_No_Star\260506N1AS_1_1.png,05_No_Star,05_No_Star,80.82,TRUE,05_No_Star,73.47,TRUE,STRONG_MATCH,TRUE,TRUE,5,FALSE,5.39,FALSE,47.85,FALSE,18.18,FALSE,73.47,TRUE,29.17,FALSE,0,0,0,0,0,0,2.496,0,1209,125.03
260506NO2C_1_1.png,D:\Internship\Test_Rule\test_rule_new_v2\Dataset_For_Rule_Base\05_No_Star\260506NO2C_1_1.png,05_No_Star,05_No_Star,80.4,TRUE,05_No_Star,73.47,TRUE,STRONG_MATCH,TRUE,TRUE,5,FALSE,5.41,FALSE,47.64,FALSE,18.18,FALSE,73.47,TRUE,27.93,FALSE,0,0,0,0,0,0,2.773,0,1195,126.2
260506NO2C_1_2.png,D:\Internship\Test_Rule\test_rule_new_v2\Dataset_For_Rule_Base\05_No_Star\260506NO2C_1_2.png,05_No_Star,05_No_Star,79.51,TRUE,05_No_Star,73.47,TRUE,STRONG_MATCH,TRUE,TRUE,5,FALSE,5.39,FALSE,47.85,FALSE,18.18,FALSE,73.47,TRUE,28.46,FALSE,0,0,0,0,0,0,2.413,0,1204,124.55
260506PWQ3_1_1.png,D:\Internship\Test_Rule\test_rule_new_v2\Dataset_For_Rule_Base\05_No_Star\260506PWQ3_1_1.png,05_No_Star,05_No_Star,79.68,TRUE,05_No_Star,73.47,TRUE,STRONG_MATCH,TRUE,TRUE,5,FALSE,5.39,FALSE,47.85,FALSE,18.18,FALSE,73.47,TRUE,28,FALSE,0,0,0,0,0,0,2.724,0,1202,125.36
26051002DR_1_1.png,D:\Internship\Test_Rule\test_rule_new_v2\Dataset_For_Rule_Base\05_No_Star\26051002DR_1_1.png,05_No_Star,05_No_Star,82.76,TRUE,05_No_Star,73.47,TRUE,STRONG_MATCH,TRUE,TRUE,5,FALSE,5.39,FALSE,47.85,FALSE,18.18,FALSE,73.47,TRUE,28.58,FALSE,0,0,0,0,0,0,2.361,0,1192,126.13
26051002DR_1_2.png,D:\Internship\Test_Rule\test_rule_new_v2\Dataset_For_Rule_Base\05_No_Star\26051002DR_1_2.png,05_No_Star,05_No_Star,82.67,TRUE,05_No_Star,73.47,TRUE,STRONG_MATCH,TRUE,TRUE,5,FALSE,2.9,FALSE,47.85,FALSE,13.08,FALSE,73.47,TRUE,28.02,FALSE,11.76,0.162,1,0.785,1,0,2.711,0,1245,125.64
260523769Y_1_2.png,D:\Internship\Test_Rule\test_rule_new_v2\Dataset_For_Rule_Base\05_No_Star\260523769Y_1_2.png,05_No_Star,05_No_Star,81.5,TRUE,05_No_Star,73.47,TRUE,STRONG_MATCH,TRUE,TRUE,5,FALSE,5.41,FALSE,47.64,FALSE,18.18,FALSE,73.47,TRUE,29.3,FALSE,0,0,0,0,0,0,2.408,0,1215,127.19
260526D8K1_1_2.png,D:\Internship\Test_Rule\test_rule_new_v2\Dataset_For_Rule_Base\05_No_Star\260526D8K1_1_2.png,05_No_Star,05_No_Star,80.97,TRUE,05_No_Star,73.47,TRUE,STRONG_MATCH,TRUE,TRUE,5,FALSE,5.45,FALSE,47.18,FALSE,18.18,FALSE,73.47,TRUE,28.75,FALSE,0,0,0,0,0,0,2.211,0,1205,124.76
260526HU0Q_1_1.png,D:\Internship\Test_Rule\test_rule_new_v2\Dataset_For_Rule_Base\05_No_Star\260526HU0Q_1_1.png,05_No_Star,05_No_Star,79.98,TRUE,05_No_Star,73.47,TRUE,STRONG_MATCH,TRUE,TRUE,5,FALSE,5.39,FALSE,47.85,FALSE,18.18,FALSE,73.47,TRUE,28.63,FALSE,0,0,0,0,0,0,2.29,0,1198,124.88
260526HU0Q_1_2.png,D:\Internship\Test_Rule\test_rule_new_v2\Dataset_For_Rule_Base\05_No_Star\260526HU0Q_1_2.png,05_No_Star,05_No_Star,79.64,TRUE,05_No_Star,73.47,TRUE,STRONG_MATCH,TRUE,TRUE,5,FALSE,5.39,FALSE,47.85,FALSE,18.18,FALSE,73.47,TRUE,28.61,FALSE,0,0,0,0,0,0,2.308,0,1207,125.78
260526WG4W_1_1.png,D:\Internship\Test_Rule\test_rule_new_v2\Dataset_For_Rule_Base\05_No_Star\260526WG4W_1_1.png,05_No_Star,05_No_Star,81.65,TRUE,05_No_Star,73.47,TRUE,STRONG_MATCH,TRUE,TRUE,5,FALSE,5.39,FALSE,47.85,FALSE,18.18,FALSE,73.47,TRUE,29.88,FALSE,0,0,0,0,0,0,2.363,0,1230,124.34
260526WG4W_1_2.png,D:\Internship\Test_Rule\test_rule_new_v2\Dataset_For_Rule_Base\05_No_Star\260526WG4W_1_2.png,05_No_Star,05_No_Star,82.33,TRUE,05_No_Star,73.47,TRUE,STRONG_MATCH,TRUE,TRUE,5,FALSE,5.39,FALSE,47.85,FALSE,18.18,FALSE,73.47,TRUE,28.87,FALSE,0,0,0,0,0,0,2.333,0,1207,126.63
2605290VX9_1_1.png,D:\Internship\Test_Rule\test_rule_new_v2\Dataset_For_Rule_Base\05_No_Star\2605290VX9_1_1.png,05_No_Star,05_No_Star,82.31,TRUE,05_No_Star,73.47,TRUE,STRONG_MATCH,TRUE,TRUE,5,FALSE,4.84,FALSE,52.32,TRUE,4.42,FALSE,73.47,TRUE,29.46,FALSE,15.56,0.431,1,0.898,1,0,2.657,0,1192,129.85
2605290VX9_1_2.png,D:\Internship\Test_Rule\test_rule_new_v2\Dataset_For_Rule_Base\05_No_Star\2605290VX9_1_2.png,05_No_Star,05_No_Star,79.72,TRUE,05_No_Star,73.47,TRUE,STRONG_MATCH,TRUE,TRUE,5,FALSE,5.39,FALSE,47.85,FALSE,18.18,FALSE,73.47,TRUE,28.25,FALSE,0,0,0,0,0,0,2.551,0,1218,124.78
2605308JZK_1_1.png,D:\Internship\Test_Rule\test_rule_new_v2\Dataset_For_Rule_Base\05_No_Star\2605308JZK_1_1.png,05_No_Star,05_No_Star,76.86,TRUE,05_No_Star,73.47,TRUE,STRONG_MATCH,TRUE,TRUE,5,FALSE,2.86,FALSE,47.85,FALSE,14.87,FALSE,73.47,TRUE,28.47,FALSE,11.14,0.219,1,0.785,1,0,2.405,0,1220,126.04
260530NIO7_1_2.png,D:\Internship\Test_Rule\test_rule_new_v2\Dataset_For_Rule_Base\05_No_Star\260530NIO7_1_2.png,05_No_Star,05_No_Star,81.01,TRUE,05_No_Star,73.47,TRUE,STRONG_MATCH,TRUE,TRUE,5,FALSE,2.81,FALSE,51.36,TRUE,12.12,FALSE,73.47,TRUE,32.22,FALSE,12.06,0.401,2,0.803,1,0,2.309,0,1212,124.22
260530WJIM_1_1.png,D:\Internship\Test_Rule\test_rule_new_v2\Dataset_For_Rule_Base\05_No_Star\260530WJIM_1_1.png,05_No_Star,05_No_Star,82.62,TRUE,05_No_Star,73.47,TRUE,STRONG_MATCH,TRUE,TRUE,5,FALSE,5.45,FALSE,47.18,FALSE,18.18,FALSE,73.47,TRUE,30.53,FALSE,0,0,0,0,0,0,2.767,0,1210,129.42
260530WJIM_1_2.png,D:\Internship\Test_Rule\test_rule_new_v2\Dataset_For_Rule_Base\05_No_Star\260530WJIM_1_2.png,05_No_Star,05_No_Star,83.17,TRUE,05_No_Star,73.47,TRUE,STRONG_MATCH,TRUE,TRUE,5,FALSE,5.39,FALSE,47.85,FALSE,18.18,FALSE,73.47,TRUE,28.81,FALSE,0,0,0,0,0,0,2.172,0,1217,123.38
260531W5F3_1_1.png,D:\Internship\Test_Rule\test_rule_new_v2\Dataset_For_Rule_Base\05_No_Star\260531W5F3_1_1.png,05_No_Star,05_No_Star,83.68,TRUE,05_No_Star,73.47,TRUE,STRONG_MATCH,TRUE,TRUE,5,FALSE,2.26,FALSE,49.13,FALSE,11.4,FALSE,73.47,TRUE,32.96,FALSE,12.26,0.365,2,0.821,1,0,2.298,0,1215,124.52
260531W5F3_1_2.png,D:\Internship\Test_Rule\test_rule_new_v2\Dataset_For_Rule_Base\05_No_Star\260531W5F3_1_2.png,05_No_Star,05_No_Star,88.97,TRUE,05_No_Star,73.47,TRUE,STRONG_MATCH,TRUE,TRUE,5,FALSE,4.54,FALSE,39.51,FALSE,13.63,FALSE,73.47,TRUE,33.66,FALSE,11.44,0.204,1,0.785,1,0,2.352,0,1195,126.94
2606017E79_1_1.png,D:\Internship\Test_Rule\test_rule_new_v2\Dataset_For_Rule_Base\05_No_Star\2606017E79_1_1.png,05_No_Star,05_No_Star,87.19,TRUE,05_No_Star,73.47,TRUE,STRONG_MATCH,TRUE,TRUE,5,FALSE,3.52,FALSE,56.32,TRUE,10.84,FALSE,73.47,TRUE,31.01,FALSE,13.02,0.462,2,0.774,1.12,0,2.445,0,1220,124.19
260601RI1U_1_1.png,D:\Internship\Test_Rule\test_rule_new_v2\Dataset_For_Rule_Base\05_No_Star\260601RI1U_1_1.png,05_No_Star,05_No_Star,88.19,TRUE,05_No_Star,73.47,TRUE,STRONG_MATCH,TRUE,TRUE,5,FALSE,5.42,FALSE,47.09,FALSE,18.18,FALSE,73.47,TRUE,30.27,FALSE,0,0,0,0,0,0,2.346,0,1203,124.24
260601RI1U_1_2.png,D:\Internship\Test_Rule\test_rule_new_v2\Dataset_For_Rule_Base\05_No_Star\260601RI1U_1_2.png,05_No_Star,05_No_Star,89.52,TRUE,05_No_Star,73.47,TRUE,STRONG_MATCH,TRUE,TRUE,5,FALSE,5.44,FALSE,45.03,FALSE,18.18,FALSE,73.47,TRUE,31.76,FALSE,0,0,0,0,0,0,2.375,0,1212,122.13
260603S572_1_1.png,D:\Internship\Test_Rule\test_rule_new_v2\Dataset_For_Rule_Base\05_No_Star\260603S572_1_1.png,05_No_Star,05_No_Star,80.8,TRUE,05_No_Star,73.47,TRUE,STRONG_MATCH,TRUE,TRUE,5,FALSE,5.39,FALSE,47.85,FALSE,18.18,FALSE,73.47,TRUE,29.88,FALSE,0,0,0,0,0,0,2.421,0,1232,127.16
2606068CP4_1_2.png,D:\Internship\Test_Rule\test_rule_new_v2\Dataset_For_Rule_Base\05_No_Star\2606068CP4_1_2.png,05_No_Star,05_No_Star,79.23,TRUE,05_No_Star,73.47,TRUE,STRONG_MATCH,TRUE,TRUE,5,FALSE,5.45,FALSE,47.18,FALSE,18.18,FALSE,73.47,TRUE,28.94,FALSE,0,0,0,0,0,0,2.081,0,1212,124.37
260606TVIO_1_1.png,D:\Internship\Test_Rule\test_rule_new_v2\Dataset_For_Rule_Base\05_No_Star\260606TVIO_1_1.png,05_No_Star,05_No_Star,81.57,TRUE,05_No_Star,73.47,TRUE,STRONG_MATCH,TRUE,TRUE,5,FALSE,5.39,FALSE,47.85,FALSE,18.18,FALSE,73.47,TRUE,28.9,FALSE,0,0,0,0,0,0,2.107,0,1212,123.96
260606TVIO_1_2.png,D:\Internship\Test_Rule\test_rule_new_v2\Dataset_For_Rule_Base\05_No_Star\260606TVIO_1_2.png,05_No_Star,05_No_Star,80.06,TRUE,05_No_Star,73.47,TRUE,STRONG_MATCH,TRUE,TRUE,5,FALSE,5.39,FALSE,47.85,FALSE,18.18,FALSE,73.47,TRUE,28.9,FALSE,0,0,0,0,0,0,2.106,0,1225,123.04
2607027VZF_2070.png,D:\Internship\Test_Rule\test_rule_new_v2\Dataset_For_Rule_Base\05_No_Star\2607027VZF_2070.png,05_No_Star,05_No_Star,90.27,TRUE,05_No_Star,73.47,TRUE,STRONG_MATCH,TRUE,TRUE,5,FALSE,5.56,FALSE,45.39,FALSE,18.18,FALSE,73.47,TRUE,30.34,FALSE,0,0,0,0,0,0,2.517,0,1208,124.23
2607027VZF_2071.png,D:\Internship\Test_Rule\test_rule_new_v2\Dataset_For_Rule_Base\05_No_Star\2607027VZF_2071.png,05_No_Star,05_No_Star,89.57,TRUE,05_No_Star,73.47,TRUE,STRONG_MATCH,TRUE,TRUE,5,FALSE,4.35,FALSE,46.83,FALSE,18.18,FALSE,73.47,TRUE,38.88,FALSE,0,0,0,0,0,0,2.288,0,1203,122.82
2607027VZF_2072.png,D:\Internship\Test_Rule\test_rule_new_v2\Dataset_For_Rule_Base\05_No_Star\2607027VZF_2072.png,05_No_Star,05_No_Star,87.41,TRUE,05_No_Star,73.47,TRUE,STRONG_MATCH,TRUE,TRUE,5,FALSE,7.09,FALSE,39.98,FALSE,18.18,FALSE,73.47,TRUE,34.59,FALSE,0,0,0,0,0,0,2.414,0,1201,125.14
2607027VZF_2075.png,D:\Internship\Test_Rule\test_rule_new_v2\Dataset_For_Rule_Base\05_No_Star\2607027VZF_2075.png,05_No_Star,05_No_Star,94.17,TRUE,05_No_Star,73.47,TRUE,STRONG_MATCH,TRUE,TRUE,5,FALSE,10.02,FALSE,27.53,FALSE,18.18,FALSE,73.47,TRUE,41.81,FALSE,0,0,0,0,0,0,2.411,0,1211,110.84
2607027VZF_2076.png,D:\Internship\Test_Rule\test_rule_new_v2\Dataset_For_Rule_Base\05_No_Star\2607027VZF_2076.png,05_No_Star,05_No_Star,88.49,TRUE,05_No_Star,73.47,TRUE,STRONG_MATCH,TRUE,TRUE,5,FALSE,7.99,FALSE,39.59,FALSE,18.18,FALSE,73.47,TRUE,29.82,FALSE,0,0,0,0,0,0,2.447,0,1216,127.58
2607027VZF_2092.png,D:\Internship\Test_Rule\test_rule_new_v2\Dataset_For_Rule_Base\05_No_Star\2607027VZF_2092.png,05_No_Star,05_No_Star,89.82,TRUE,05_No_Star,73.47,TRUE,STRONG_MATCH,TRUE,TRUE,5,FALSE,8.47,FALSE,36.02,FALSE,18.18,FALSE,73.47,TRUE,43.9,FALSE,0,0,0,0,0,0,2.517,0,1206,130.36
2607027VZF_2093.png,D:\Internship\Test_Rule\test_rule_new_v2\Dataset_For_Rule_Base\05_No_Star\2607027VZF_2093.png,05_No_Star,05_No_Star,89.87,TRUE,05_No_Star,73.47,TRUE,STRONG_MATCH,TRUE,TRUE,5,FALSE,9.23,FALSE,36.68,FALSE,18.18,FALSE,73.47,TRUE,36.01,FALSE,0,0,0,0,0,0,2.635,0,1209,125.35
2605064OPV_1_2.png,D:\Internship\Test_Rule\test_rule_new_v2\Dataset_For_Rule_Base\06_Satellite\2605064OPV_1_2.png,06_Satellite,06_Satellite,97.5,TRUE,06_Satellite,98.28,TRUE,STRONG_MATCH,TRUE,TRUE,0,FALSE,13.81,FALSE,35.7,FALSE,0,FALSE,21.25,FALSE,98.28,TRUE,20.45,0.399,47,0.705,1.72,0.0028,2.185,1,1240,110.63
2605092ZPI_1_2.png,D:\Internship\Test_Rule\test_rule_new_v2\Dataset_For_Rule_Base\06_Satellite\2605092ZPI_1_2.png,06_Satellite,06_Satellite,98.86,TRUE,06_Satellite,97.65,TRUE,STRONG_MATCH,TRUE,TRUE,0,FALSE,7.93,FALSE,33.42,FALSE,0,FALSE,22.45,FALSE,97.65,TRUE,20.36,0.305,35,0.766,1.12,0,2.095,1,1258,113.91
2605099O7J_1_2.png,D:\Internship\Test_Rule\test_rule_new_v2\Dataset_For_Rule_Base\06_Satellite\2605099O7J_1_2.png,06_Satellite,06_Satellite,90.94,TRUE,06_Satellite,100,TRUE,STRONG_MATCH,TRUE,TRUE,0,FALSE,49.87,FALSE,4.15,FALSE,34.27,FALSE,13.08,FALSE,100,TRUE,15.42,0.418,283,0.808,1.14,0.0222,0,1,1205,30.89
2605106HDV_1_2.png,D:\Internship\Test_Rule\test_rule_new_v2\Dataset_For_Rule_Base\06_Satellite\2605106HDV_1_2.png,06_Satellite,06_Satellite,98.08,TRUE,06_Satellite,92.96,TRUE,STRONG_MATCH,TRUE,TRUE,0,FALSE,50.23,TRUE,13.93,FALSE,0,FALSE,22.45,FALSE,92.96,TRUE,22.11,0.346,46,0.75,1.46,0.0076,0,1,1321,63.33
260520GFOW_1_1.png,D:\Internship\Test_Rule\test_rule_new_v2\Dataset_For_Rule_Base\06_Satellite\260520GFOW_1_1.png,06_Satellite,06_Satellite,98.93,TRUE,06_Satellite,93.6,TRUE,STRONG_MATCH,TRUE,TRUE,0,FALSE,8.81,FALSE,36.54,FALSE,0,FALSE,22.45,FALSE,93.6,TRUE,21.04,0.299,39,0.802,1.11,0,2.159,1,1214,116.48
260520GFOW_1_2.png,D:\Internship\Test_Rule\test_rule_new_v2\Dataset_For_Rule_Base\06_Satellite\260520GFOW_1_2.png,06_Satellite,06_Satellite,98.29,TRUE,06_Satellite,87.88,TRUE,STRONG_MATCH,TRUE,TRUE,0,FALSE,6.46,FALSE,39.73,FALSE,1.61,FALSE,22.45,FALSE,87.88,TRUE,18.23,0.333,49,0.814,1.09,0,2.141,1,1214,114.73
260520XBLU_1_2.png,D:\Internship\Test_Rule\test_rule_new_v2\Dataset_For_Rule_Base\06_Satellite\260520XBLU_1_2.png,06_Satellite,03_Tracking_Error,50.25,FALSE,06_Satellite,98.33,TRUE,MISMATCH,FALSE,FALSE,0,FALSE,7.95,FALSE,45,FALSE,35.37,FALSE,22.45,FALSE,98.33,TRUE,11.73,0.715,113,0.747,1.27,0.0123,2.152,1,1293,102.59
260521IVPQ_1_7.png,D:\Internship\Test_Rule\test_rule_new_v2\Dataset_For_Rule_Base\06_Satellite\260521IVPQ_1_7.png,06_Satellite,06_Satellite,97.77,TRUE,06_Satellite,85,TRUE,STRONG_MATCH,TRUE,TRUE,0,FALSE,8.92,FALSE,65.09,TRUE,27.38,FALSE,22.45,FALSE,85,TRUE,13.74,0.697,155,0.715,1.22,0.0095,2.351,1,1188,125.94
260521KBNT_1_2.png,D:\Internship\Test_Rule\test_rule_new_v2\Dataset_For_Rule_Base\06_Satellite\260521KBNT_1_2.png,06_Satellite,06_Satellite,86.45,TRUE,01_Good,55.96,FALSE,MISMATCH,FALSE,FALSE,55.96,TRUE,5.77,FALSE,43.38,FALSE,6.74,FALSE,22.45,FALSE,28.98,FALSE,15.04,0.376,69,0.792,1.14,0.001,2.05,0,1233,111.67
260521U870_1_4.png,D:\Internship\Test_Rule\test_rule_new_v2\Dataset_For_Rule_Base\06_Satellite\260521U870_1_4.png,06_Satellite,06_Satellite,97.41,TRUE,06_Satellite,98.27,TRUE,STRONG_MATCH,TRUE,TRUE,0,FALSE,7.42,FALSE,53.85,TRUE,26.96,FALSE,22.45,FALSE,98.27,TRUE,17.65,0.725,111,0.682,1.24,0.0048,2.191,1,1216,116
2605233165_27.png,D:\Internship\Test_Rule\test_rule_new_v2\Dataset_For_Rule_Base\06_Satellite\2605233165_27.png,06_Satellite,06_Satellite,90.98,TRUE,06_Satellite,98.75,TRUE,STRONG_MATCH,TRUE,TRUE,10.67,FALSE,44.28,FALSE,13.79,FALSE,20.1,FALSE,13.91,FALSE,98.75,TRUE,13.27,0.617,165,0.75,1.15,0,0,1,550,42.94
2605233165_28.png,D:\Internship\Test_Rule\test_rule_new_v2\Dataset_For_Rule_Base\06_Satellite\2605233165_28.png,06_Satellite,06_Satellite,93.09,TRUE,06_Satellite,98.43,TRUE,STRONG_MATCH,TRUE,TRUE,0,FALSE,11.78,FALSE,26.7,FALSE,4.44,FALSE,18.24,FALSE,98.43,TRUE,17.93,0.454,215,0.797,1.13,0.0067,2.077,1,1225,108.05
260525AKJ5_1_2.png,D:\Internship\Test_Rule\test_rule_new_v2\Dataset_For_Rule_Base\06_Satellite\260525AKJ5_1_2.png,06_Satellite,06_Satellite,64.61,TRUE,06_Satellite,48.99,TRUE,WEAK_MATCH,TRUE,TRUE,0,FALSE,10.1,FALSE,45.24,FALSE,1.66,FALSE,22.45,FALSE,48.99,FALSE,18.18,0.336,46,0.785,1.58,0,2.28,0,1203,129.45
260525RJGL_1_1.png,D:\Internship\Test_Rule\test_rule_new_v2\Dataset_For_Rule_Base\06_Satellite\260525RJGL_1_1.png,06_Satellite,06_Satellite,98.77,TRUE,03_Tracking_Error,55.26,FALSE,MISMATCH,FALSE,FALSE,6.74,FALSE,14.03,FALSE,55.26,TRUE,0,FALSE,22.45,FALSE,47.95,FALSE,26.15,0.331,17,0.746,1.28,0,2.399,0,1208,125.35
260526U046_1_2.png,D:\Internship\Test_Rule\test_rule_new_v2\Dataset_For_Rule_Base\06_Satellite\260526U046_1_2.png,06_Satellite,06_Satellite,97.69,TRUE,06_Satellite,98.31,TRUE,STRONG_MATCH,TRUE,TRUE,0,FALSE,25.83,FALSE,38.2,FALSE,0,FALSE,21.61,FALSE,98.31,TRUE,21.07,0.443,16,0.662,1.47,0.024,2.162,1,1215,115.65
260529B1BO_1_3.png,D:\Internship\Test_Rule\test_rule_new_v2\Dataset_For_Rule_Base\06_Satellite\260529B1BO_1_3.png,06_Satellite,06_Satellite,94.32,TRUE,01_Good,41.53,FALSE,MISMATCH,FALSE,FALSE,41.53,FALSE,15.9,FALSE,39.66,FALSE,2.83,FALSE,22.45,FALSE,38.53,FALSE,16.88,0.464,31,0.789,1.16,0.0053,2.284,0,1242,132.29
260529EDNE_1_2.png,D:\Internship\Test_Rule\test_rule_new_v2\Dataset_For_Rule_Base\06_Satellite\260529EDNE_1_2.png,06_Satellite,06_Satellite,75.12,TRUE,06_Satellite,49.17,TRUE,WEAK_MATCH,TRUE,TRUE,0,FALSE,7.56,FALSE,42.06,FALSE,2,FALSE,22.45,FALSE,49.17,FALSE,17.79,0.364,105,0.798,1.12,0,2.154,0,1245,113.97
260529IQAR_1_1.png,D:\Internship\Test_Rule\test_rule_new_v2\Dataset_For_Rule_Base\06_Satellite\260529IQAR_1_1.png,06_Satellite,06_Satellite,71.68,TRUE,05_No_Star,60.71,FALSE,MISMATCH,FALSE,FALSE,55.22,TRUE,7.76,FALSE,47.85,FALSE,1.37,FALSE,60.71,TRUE,28.53,FALSE,18.49,0.317,5,0.821,1.05,0,2.36,0,1203,125.37
260529RQEE_1_2.png,D:\Internship\Test_Rule\test_rule_new_v2\Dataset_For_Rule_Base\06_Satellite\260529RQEE_1_2.png,06_Satellite,06_Satellite,83.13,TRUE,03_Tracking_Error,54.87,FALSE,MISMATCH,FALSE,FALSE,34.55,FALSE,14.66,FALSE,54.87,TRUE,0,FALSE,25,FALSE,28.82,FALSE,27.15,0.355,14,0.781,1.19,0,2.163,0,1206,119.78
260530UW9U_1_1.png,D:\Internship\Test_Rule\test_rule_new_v2\Dataset_For_Rule_Base\06_Satellite\260530UW9U_1_1.png,06_Satellite,06_Satellite,98.44,TRUE,06_Satellite,97.96,TRUE,STRONG_MATCH,TRUE,TRUE,0,FALSE,11.37,FALSE,58.33,TRUE,5.35,FALSE,22.45,FALSE,97.96,TRUE,21.41,0.639,19,0.539,1.34,0,2.405,1,1204,124.96
260604O3OW_1_1.png,D:\Internship\Test_Rule\test_rule_new_v2\Dataset_For_Rule_Base\06_Satellite\260604O3OW_1_1.png,06_Satellite,06_Satellite,87.4,TRUE,06_Satellite,85.63,TRUE,STRONG_MATCH,TRUE,TRUE,10.91,FALSE,5.74,FALSE,40.94,FALSE,1.21,FALSE,22.45,FALSE,85.63,TRUE,18.67,0.37,16,0.803,1.17,0,2.105,1,1221,116.53
260604UWOD_1_5.png,D:\Internship\Test_Rule\test_rule_new_v2\Dataset_For_Rule_Base\06_Satellite\260604UWOD_1_5.png,06_Satellite,06_Satellite,93.27,TRUE,06_Satellite,98.26,TRUE,STRONG_MATCH,TRUE,TRUE,0,FALSE,8.2,FALSE,41.9,FALSE,3.64,FALSE,21.22,FALSE,98.26,TRUE,18.01,0.465,205,0.708,1.2,0.0032,2.197,1,1205,115.22
260604ZQ9Q_1_3.png,D:\Internship\Test_Rule\test_rule_new_v2\Dataset_For_Rule_Base\06_Satellite\260604ZQ9Q_1_3.png,06_Satellite,06_Satellite,39.57,TRUE,01_Good,64.25,FALSE,MISMATCH,FALSE,FALSE,64.25,TRUE,56.86,TRUE,11.19,FALSE,1.31,FALSE,22.45,FALSE,30.51,FALSE,18.56,0.396,64,0.753,1.16,0.0287,0,0,1308,72.31
260605U5VZ_212.png,D:\Internship\Test_Rule\test_rule_new_v2\Dataset_For_Rule_Base\06_Satellite\260605U5VZ_212.png,06_Satellite,06_Satellite,92.56,TRUE,06_Satellite,100,TRUE,STRONG_MATCH,TRUE,TRUE,0,FALSE,72.4,TRUE,12.41,FALSE,8.44,FALSE,12.83,FALSE,100,TRUE,27.19,0.426,133,0.76,1.32,0.0704,0,1,1207,39.57
260605U5VZ_305.png,D:\Internship\Test_Rule\test_rule_new_v2\Dataset_For_Rule_Base\06_Satellite\260605U5VZ_305.png,06_Satellite,06_Satellite,98.16,TRUE,06_Satellite,100,TRUE,STRONG_MATCH,TRUE,TRUE,0,FALSE,47.71,FALSE,18.47,FALSE,4.53,FALSE,14.98,FALSE,100,TRUE,28.67,0.466,170,0.758,1.31,0.0186,0,1,1207,73.89
260606GCAW_1_5.png,D:\Internship\Test_Rule\test_rule_new_v2\Dataset_For_Rule_Base\06_Satellite\260606GCAW_1_5.png,06_Satellite,06_Satellite,98.28,TRUE,06_Satellite,98.18,TRUE,STRONG_MATCH,TRUE,TRUE,0,FALSE,6.68,FALSE,45.62,FALSE,2.83,FALSE,21.77,FALSE,98.18,TRUE,17.85,0.448,192,0.722,1.27,0.0017,2.256,1,1199,114.97
260606RV5I_1_1.png,D:\Internship\Test_Rule\test_rule_new_v2\Dataset_For_Rule_Base\06_Satellite\260606RV5I_1_1.png,06_Satellite,06_Satellite,98.01,TRUE,06_Satellite,98.33,TRUE,STRONG_MATCH,TRUE,TRUE,0,FALSE,9.02,FALSE,36.84,FALSE,0,FALSE,21.8,FALSE,98.33,TRUE,20.83,0.377,139,0.764,1.18,0.0034,2.147,1,1209,114.09
260607WITF_1_1.png,D:\Internship\Test_Rule\test_rule_new_v2\Dataset_For_Rule_Base\06_Satellite\260607WITF_1_1.png,06_Satellite,06_Satellite,67.93,TRUE,06_Satellite,88.08,TRUE,STRONG_MATCH,TRUE,TRUE,22.2,FALSE,10.67,FALSE,52.08,TRUE,0,FALSE,22.45,FALSE,88.08,TRUE,20.92,0.36,20,0.711,1.26,0.0027,2.072,1,1201,112.72
260608E4T8_1_2.png,D:\Internship\Test_Rule\test_rule_new_v2\Dataset_For_Rule_Base\06_Satellite\260608E4T8_1_2.png,06_Satellite,06_Satellite,99.01,TRUE,06_Satellite,97.88,TRUE,STRONG_MATCH,TRUE,TRUE,0,FALSE,11.09,FALSE,38.3,FALSE,0,FALSE,32.65,FALSE,97.88,TRUE,23.53,0.378,11,0.754,1.16,0.0103,2.459,1,1213,119.42
260611908J_1_3.png,D:\Internship\Test_Rule\test_rule_new_v2\Dataset_For_Rule_Base\06_Satellite\260611908J_1_3.png,06_Satellite,06_Satellite,99.09,TRUE,06_Satellite,98.26,TRUE,STRONG_MATCH,TRUE,TRUE,0,FALSE,11.66,FALSE,56.21,TRUE,1.15,FALSE,22.45,FALSE,98.26,TRUE,23.77,0.616,65,0.628,1.27,0,2.198,1,1219,116.13
260611DM0H_1_4.png,D:\Internship\Test_Rule\test_rule_new_v2\Dataset_For_Rule_Base\06_Satellite\260611DM0H_1_4.png,06_Satellite,06_Satellite,99.26,TRUE,06_Satellite,98.3,TRUE,STRONG_MATCH,TRUE,TRUE,0,FALSE,9.97,FALSE,40.41,FALSE,0.66,FALSE,22.45,FALSE,98.3,TRUE,19.28,0.398,96,0.743,1.32,0.0035,2.167,1,1219,116.47
260624PWME_1_2.png,D:\Internship\Test_Rule\test_rule_new_v2\Dataset_For_Rule_Base\06_Satellite\260624PWME_1_2.png,06_Satellite,06_Satellite,98.54,TRUE,06_Satellite,62.98,TRUE,STRONG_MATCH,TRUE,TRUE,11.57,FALSE,6.89,FALSE,48.54,FALSE,1.79,FALSE,22.45,FALSE,62.98,TRUE,18.03,0.369,38,0.761,1.22,0.0018,2.066,0,1247,114.75
260626AQPW_1_1.png,D:\Internship\Test_Rule\test_rule_new_v2\Dataset_For_Rule_Base\06_Satellite\260626AQPW_1_1.png,06_Satellite,06_Satellite,96.01,TRUE,03_Tracking_Error,65.73,FALSE,MISMATCH,FALSE,FALSE,10.52,FALSE,8.83,FALSE,65.73,TRUE,0.28,FALSE,30.1,FALSE,50,TRUE,19.69,0.404,12,0.798,1.22,0,2.427,0,1213,124.19
260626ZX1H_1_2.png,D:\Internship\Test_Rule\test_rule_new_v2\Dataset_For_Rule_Base\06_Satellite\260626ZX1H_1_2.png,06_Satellite,06_Satellite,93.6,TRUE,06_Satellite,98.2,TRUE,STRONG_MATCH,TRUE,TRUE,0,FALSE,6.29,FALSE,33.49,FALSE,1.46,FALSE,22.45,FALSE,98.2,TRUE,18.4,0.37,71,0.776,1.17,0,2.236,1,1205,116.76
26062863H5_5.png,D:\Internship\Test_Rule\test_rule_new_v2\Dataset_For_Rule_Base\06_Satellite\26062863H5_5.png,06_Satellite,06_Satellite,98.57,TRUE,06_Satellite,84.41,TRUE,STRONG_MATCH,TRUE,TRUE,4.03,FALSE,23.85,FALSE,41.05,FALSE,0,FALSE,20.77,FALSE,84.41,TRUE,24.44,0.41,88,0.713,1.42,0.0063,2.109,1,1207,105.37
26070186RQ_1_4.png,D:\Internship\Test_Rule\test_rule_new_v2\Dataset_For_Rule_Base\06_Satellite\26070186RQ_1_4.png,06_Satellite,06_Satellite,80.41,TRUE,06_Satellite,54.31,TRUE,STRONG_MATCH,TRUE,TRUE,0,FALSE,4.82,FALSE,44.24,FALSE,40.32,FALSE,22.45,FALSE,54.31,TRUE,13.45,0.793,58,0.745,1.17,0.0043,2.173,0,1304,109.33
260702AO04_1_2.png,D:\Internship\Test_Rule\test_rule_new_v2\Dataset_For_Rule_Base\06_Satellite\260702AO04_1_2.png,06_Satellite,06_Satellite,98.47,TRUE,06_Satellite,98.35,TRUE,STRONG_MATCH,TRUE,TRUE,0,FALSE,8.91,FALSE,26.62,FALSE,0,FALSE,22.45,FALSE,98.35,TRUE,21.15,0.323,51,0.807,1.07,0.0046,2.136,1,1214,111.79
260702JM7U_1_2.png,D:\Internship\Test_Rule\test_rule_new_v2\Dataset_For_Rule_Base\06_Satellite\260702JM7U_1_2.png,06_Satellite,06_Satellite,98.68,TRUE,06_Satellite,98.19,TRUE,STRONG_MATCH,TRUE,TRUE,0,FALSE,7.63,FALSE,34.49,FALSE,0,FALSE,22.45,FALSE,98.19,TRUE,20.29,0.34,50,0.77,1.19,0,2.244,1,1223,116.93
260702ZDS5_224.png,D:\Internship\Test_Rule\test_rule_new_v2\Dataset_For_Rule_Base\06_Satellite\260702ZDS5_224.png,06_Satellite,06_Satellite,95.08,TRUE,03_Tracking_Error,50.63,FALSE,MISMATCH,FALSE,FALSE,25.94,FALSE,4.92,FALSE,50.63,TRUE,17.13,FALSE,20.68,FALSE,44.52,FALSE,14.73,0.422,347,0.792,1.15,0.0002,2.275,0,1191,115.42
260703J1JP_1_3.png,D:\Internship\Test_Rule\test_rule_new_v2\Dataset_For_Rule_Base\06_Satellite\260703J1JP_1_3.png,06_Satellite,06_Satellite,99.46,TRUE,06_Satellite,89.92,TRUE,STRONG_MATCH,TRUE,TRUE,18.35,FALSE,2.45,FALSE,41.81,FALSE,7.32,FALSE,22.45,FALSE,89.92,TRUE,14.67,0.405,43,0.78,1.09,0,2.314,1,1198,123.59
260703Q72N_1_2.png,D:\Internship\Test_Rule\test_rule_new_v2\Dataset_For_Rule_Base\06_Satellite\260703Q72N_1_2.png,06_Satellite,06_Satellite,98.31,TRUE,06_Satellite,98.29,TRUE,STRONG_MATCH,TRUE,TRUE,0,FALSE,10.08,FALSE,28.34,FALSE,0,FALSE,22.45,FALSE,98.29,TRUE,20.72,0.327,19,0.754,1.11,0.0031,2.176,1,1244,110.91
260703QAA4_1_2.png,D:\Internship\Test_Rule\test_rule_new_v2\Dataset_For_Rule_Base\06_Satellite\260703QAA4_1_2.png,06_Satellite,06_Satellite,90.58,TRUE,06_Satellite,98,TRUE,STRONG_MATCH,TRUE,TRUE,0,FALSE,12.61,FALSE,46.04,FALSE,0,FALSE,22.45,FALSE,98,TRUE,20.45,0.439,32,0.571,1.3,0,2.38,1,1232,112.97
260704GVRM_380.png,D:\Internship\Test_Rule\test_rule_new_v2\Dataset_For_Rule_Base\06_Satellite\260704GVRM_380.png,06_Satellite,06_Satellite,89.87,TRUE,06_Satellite,98.31,TRUE,STRONG_MATCH,TRUE,TRUE,0,FALSE,9.04,FALSE,25.41,FALSE,12.47,FALSE,17.56,FALSE,98.31,TRUE,17.53,0.417,324,0.765,1.17,0.003,2.164,1,1209,107.17
260705HKTP_1_2.png,D:\Internship\Test_Rule\test_rule_new_v2\Dataset_For_Rule_Base\06_Satellite\260705HKTP_1_2.png,06_Satellite,06_Satellite,98.4,TRUE,06_Satellite,54.28,TRUE,STRONG_MATCH,TRUE,TRUE,19.98,FALSE,3.83,FALSE,37.82,FALSE,5.42,FALSE,22.45,FALSE,54.28,TRUE,15.46,0.364,23,0.771,1.16,0,2.268,0,1234,114.93
260707BCA3_1_202.png,D:\Internship\Test_Rule\test_rule_new_v2\Dataset_For_Rule_Base\06_Satellite\260707BCA3_1_202.png,06_Satellite,06_Satellite,98.42,TRUE,06_Satellite,98.39,TRUE,STRONG_MATCH,TRUE,TRUE,0,FALSE,6.66,FALSE,29.47,FALSE,2.12,FALSE,20.07,FALSE,98.39,TRUE,17.67,0.369,145,0.754,1.14,0.0018,2.106,1,1212,111.37
260707ZQM9_14.png,D:\Internship\Test_Rule\test_rule_new_v2\Dataset_For_Rule_Base\06_Satellite\260707ZQM9_14.png,06_Satellite,06_Satellite,94.94,TRUE,06_Satellite,97.14,TRUE,STRONG_MATCH,TRUE,TRUE,0,FALSE,40.37,FALSE,8.72,FALSE,49.36,FALSE,13.64,FALSE,97.14,TRUE,10.15,0.634,183,0.795,1.12,0.0019,0,1,119,24.21
260707ZQM9_15.png,D:\Internship\Test_Rule\test_rule_new_v2\Dataset_For_Rule_Base\06_Satellite\260707ZQM9_15.png,06_Satellite,06_Satellite,96.47,TRUE,06_Satellite,99.84,TRUE,STRONG_MATCH,TRUE,TRUE,0,FALSE,40.48,FALSE,8.34,FALSE,60.78,TRUE,15.15,FALSE,99.84,TRUE,10.02,0.688,157,0.791,1.1,0.0016,0,1,68,17.29
260709MDN3_1_267.png,D:\Internship\Test_Rule\test_rule_new_v2\Dataset_For_Rule_Base\06_Satellite\260709MDN3_1_267.png,06_Satellite,06_Satellite,93.37,TRUE,06_Satellite,94.44,TRUE,STRONG_MATCH,TRUE,TRUE,0,FALSE,24.74,FALSE,9.64,FALSE,0.45,FALSE,22.45,FALSE,94.44,TRUE,19.51,0.311,62,0.8,1.11,0.0121,0,1,1261,89.63
260709MDN3_1_50.png,D:\Internship\Test_Rule\test_rule_new_v2\Dataset_For_Rule_Base\06_Satellite\260709MDN3_1_50.png,06_Satellite,06_Satellite,87.41,TRUE,06_Satellite,100,TRUE,STRONG_MATCH,TRUE,TRUE,0,FALSE,18.26,FALSE,10.59,FALSE,0.26,FALSE,22.45,FALSE,100,TRUE,19.71,0.362,66,0.805,1.13,0.0022,0,1,1222,90.35
260710D62Q_1.png,D:\Internship\Test_Rule\test_rule_new_v2\Dataset_For_Rule_Base\06_Satellite\260710D62Q_1.png,06_Satellite,06_Satellite,93.14,TRUE,06_Satellite,93.22,TRUE,STRONG_MATCH,TRUE,TRUE,0,FALSE,43.11,FALSE,8.78,FALSE,82.42,TRUE,9.4,FALSE,93.22,TRUE,11.73,0.702,822,0.816,1.14,0.0126,0,1,7,16.57
