image_path,true_class,star_count,valid_profile_count,median_fwhm,median_eccentricity,median_fwhm_ratio,elongated_star_ratio,mean_aspect_ratio,elongated_angle_consistency,elongated_radial_alignment,fwhm_relative,fwhm_evidence,eccentricity_evidence,tracking_fwhm_ecc_evidence,oof_fwhm_ecc_evidence
D:\Internship\Test_Rule\test_rule_new_v2\Dataset_For_Rule_Base\02_Out_of_Focus\2606063H5R_1_2.png,02_Out_of_Focus,110,110,26.556932152770425,0.3907625974469663,1.0863860751283583,0.11818181818181818,1.2034489248125613,0.5237674278697262,0.4410458955910161,1.3278466076385214,1.0,0.0,0.0,1.0
D:\Internship\Test_Rule\test_rule_new_v2\Dataset_For_Rule_Base\02_Out_of_Focus\2606065NHT_1_2 (2).png,02_Out_of_Focus,174,174,33.50375367601456,0.5048078782182841,1.1584423917854112,0.13218390804597702,1.2127471063711728,0.3828478240375641,0.38536395583451166,1.675187683800728,1.0,0.27403939109142045,0.27403939109142045,0.7259606089085795
D:\Internship\Test_Rule\test_rule_new_v2\Dataset_For_Rule_Base\02_Out_of_Focus\260606CXCN_1_2.png,02_Out_of_Focus,6,6,10.292051268371084,0.4475590903630031,1.118693716397083,0.0,1.0333333333333334,0.0,0.0,0.5146025634185543,0.0,0.0,0.0,0.0
D:\Internship\Test_Rule\test_rule_new_v2\Dataset_For_Rule_Base\02_Out_of_Focus\260606JD06_1_2.png,02_Out_of_Focus,159,159,32.980108401615084,0.49312219613784597,1.1494780624465186,0.1761006289308176,1.2366399778502366,0.0995529551207658,0.4585355335215672,1.6490054200807542,1.0,0.2156109806892298,0.2156109806892298,0.7843890193107702
D:\Internship\Test_Rule\test_rule_new_v2\Dataset_For_Rule_Base\02_Out_of_Focus\260606L395_1_2.png,02_Out_of_Focus,110,110,24.862529089637228,0.44119315047135965,1.114315175134473,0.09090909090909091,1.1838403155621,0.2806711843763158,0.43649194738475766,1.2431264544818614,0.7156322724093068,0.0,0.0,0.7156322724093068
D:\Internship\Test_Rule\test_rule_new_v2\Dataset_For_Rule_Base\02_Out_of_Focus\260606OYH0_1_1.png,02_Out_of_Focus,3,3,12.329898529942273,0.5152957206402851,1.1668442075105776,0.6666666666666666,1.5555555555555556,6.123233995736766e-17,0.5009170723094085,0.6164949264971137,0.0,0.32647860320142524,0.0,0.0
D:\Internship\Test_Rule\test_rule_new_v2\Dataset_For_Rule_Base\02_Out_of_Focus\260606WEOA_1_2.png,02_Out_of_Focus,14,14,22.266562865045415,0.3557551989741159,1.0700138614311614,0.21428571428571427,1.192349515563801,0.5288605614836615,0.7675835173409024,1.1133281432522708,0.06664071626135361,0.0,0.0,0.06664071626135361
D:\Internship\Test_Rule\test_rule_new_v2\Dataset_For_Rule_Base\02_Out_of_Focus\260606YTIR_1_1.png,02_Out_of_Focus,17,17,12.857287037060965,0.3626076022197386,1.0730282514700147,0.4117647058823529,1.4993251846193023,0.39590796322075067,0.6594529103416542,0.6428643518530482,0.0,0.0,0.0,0.0
D:\Internship\Test_Rule\test_rule_new_v2\Dataset_For_Rule_Base\02_Out_of_Focus\260606Z6Z9_1_1.png,02_Out_of_Focus,128,128,29.679960572506396,0.4455400147655045,1.116992400410147,0.1875,1.2392520076506213,0.07824929093473679,0.46208002097688894,1.4839980286253198,1.0,0.0,0.0,1.0
D:\Internship\Test_Rule\test_rule_new_v2\Dataset_For_Rule_Base\02_Out_of_Focus\260606Z6Z9_1_2 (2).png,02_Out_of_Focus,172,172,32.57996476380149,0.5155015417021652,1.1670128392346037,0.16279069767441862,1.2179258205941446,0.4694704538508965,0.4118906998797196,1.6289982381900745,1.0,0.32750770851082606,0.32750770851082606,0.672492291489174
D:\Internship\Test_Rule\test_rule_new_v2\Dataset_For_Rule_Base\02_Out_of_Focus\260614WALM_15_1.png,02_Out_of_Focus,340,340,15.04908669083511,0.7218029944262019,1.444889518689481,0.09117647058823529,1.1625881389851977,0.10009217696470632,0.46466485065330126,0.7524543345417556,0.0,1.0,0.0,0.0
D:\Internship\Test_Rule\test_rule_new_v2\Dataset_For_Rule_Base\02_Out_of_Focus\260614WALM_3_1.png,02_Out_of_Focus,136,136,21.532637791782708,0.7526562465419153,1.5188054252194938,0.08088235294117647,1.1907362096608656,0.13883990194473333,0.30331558504545775,1.0766318895891354,0.0,1.0,0.0,0.0
D:\Internship\Test_Rule\test_rule_new_v2\Dataset_For_Rule_Base\02_Out_of_Focus\260614WALM_8_1.png,02_Out_of_Focus,201,201,16.718846199080588,0.7698465477206814,1.5668356580009262,0.10945273631840796,1.1928652574203842,0.15963474449457435,0.5142177827563338,0.8359423099540294,0.0,1.0,0.0,0.0
D:\Internship\Test_Rule\test_rule_new_v2\Dataset_For_Rule_Base\02_Out_of_Focus\260619J169_11.png,02_Out_of_Focus,450,450,11.474088324525269,0.7050246308333324,1.4100865961263425,0.05333333333333334,1.1415169953503288,0.5000487972229329,0.41745624915094615,0.5737044162262634,0.0,1.0,0.0,0.0
D:\Internship\Test_Rule\test_rule_new_v2\Dataset_For_Rule_Base\02_Out_of_Focus\260619J169_34.png,02_Out_of_Focus,289,289,13.593658179227987,0.6637909451147201,1.3370446756240504,0.06228373702422145,1.141147189310226,0.32811735084955346,0.42953956294649204,0.6796829089613994,0.0,1.0,0.0,0.0
D:\Internship\Test_Rule\test_rule_new_v2\Dataset_For_Rule_Base\02_Out_of_Focus\260619J169_47.png,02_Out_of_Focus,391,391,12.765913320058152,0.7065780469872949,1.413157673042681,0.0639386189258312,1.1570243907839814,0.5899409049983341,0.42264974461115906,0.6382956660029075,0.0,1.0,0.0,0.0
D:\Internship\Test_Rule\test_rule_new_v2\Dataset_For_Rule_Base\02_Out_of_Focus\260619J169_78.png,02_Out_of_Focus,308,308,12.316353298168874,0.6413058255417203,1.3032961781339416,0.06493506493506493,1.1462320136785378,0.4746356184751865,0.418125896484088,0.6158176649084437,0.0,0.9565291277086015,0.0,0.0
D:\Internship\Test_Rule\test_rule_new_v2\Dataset_For_Rule_Base\02_Out_of_Focus\2606222JG3_1_1.png,02_Out_of_Focus,226,226,30.596989003196644,0.5868599404628962,1.2350473263050492,0.10176991150442478,1.2038561962795145,0.26973073468155156,0.4151187291594321,1.529849450159832,1.0,0.6842997023144811,0.6842997023144811,0.3157002976855189
D:\Internship\Test_Rule\test_rule_new_v2\Dataset_For_Rule_Base\02_Out_of_Focus\2606227JDP_1_2.png,02_Out_of_Focus,396,396,24.853748934148186,0.6281851391800819,1.2852414838821562,0.1919191919191919,1.2497927804920297,0.7501214100461818,0.46292442399844924,1.2426874467074094,0.7134372335370466,0.8909256959004094,0.6356195637702561,0.07781766976679047
D:\Internship\Test_Rule\test_rule_new_v2\Dataset_For_Rule_Base\02_Out_of_Focus\260622AD3U_5.png,02_Out_of_Focus,5,5,11.958465188583641,0.29168715021662645,1.0454632474766705,0.2,1.2666666666666666,0.0,0.2577621168183132,0.5979232594291821,0.0,0.0,0.0,0.0
D:\Internship\Test_Rule\test_rule_new_v2\Dataset_For_Rule_Base\02_Out_of_Focus\260622DI0V_1_2.png,02_Out_of_Focus,142,142,33.19481966646616,0.5020828978822597,1.156311985839594,0.19014084507042253,1.239562094966425,0.5591154029955425,0.3819425181624353,1.6597409833233079,1.0,0.26041448941129836,0.26041448941129836,0.7395855105887017
D:\Internship\Test_Rule\test_rule_new_v2\Dataset_For_Rule_Base\02_Out_of_Focus\260623CZEM_1_2.png,02_Out_of_Focus,33,33,25.549466410710775,0.33709091438096905,1.0621663666878827,0.0,1.1554883668520033,0.0,0.0,1.2774733205355386,0.887366602677693,0.0,0.0,0.887366602677693
D:\Internship\Test_Rule\test_rule_new_v2\Dataset_For_Rule_Base\02_Out_of_Focus\2607027VZF_1062.png,02_Out_of_Focus,63,63,19.094847768534663,0.3648860171843275,1.0740536381190249,0.15873015873015872,1.2099349504111407,0.36865415461087647,0.4465570181093974,0.9547423884267332,0.0,0.0,0.0,0.0
D:\Internship\Test_Rule\test_rule_new_v2\Dataset_For_Rule_Base\02_Out_of_Focus\2607027VZF_1867.png,02_Out_of_Focus,9,9,10.680548144153287,0.4095633822448833,1.0961526890085114,0.3333333333333333,1.3240740740740742,0.3333333333333333,0.6507198970125293,0.5340274072076643,0.0,0.0,0.0,0.0
D:\Internship\Test_Rule\test_rule_new_v2\Dataset_For_Rule_Base\02_Out_of_Focus\2607027VZF_2096.png,02_Out_of_Focus,15,15,11.378006139857632,0.351098480446746,1.0679897919659596,0.06666666666666667,1.09989898989899,0.0,0.503954109229132,0.5689003069928816,0.0,0.0,0.0,0.0
D:\Internship\Test_Rule\test_rule_new_v2\Dataset_For_Rule_Base\02_Out_of_Focus\2607027VZF_2105.png,02_Out_of_Focus,0,0,0.0,0.0,0.0,0.0,0.0,0.0,0.0,0.0,0.0,0.0,0.0,0.0
D:\Internship\Test_Rule\test_rule_new_v2\Dataset_For_Rule_Base\02_Out_of_Focus\2607027VZF_2115.png,02_Out_of_Focus,9,9,10.82715002319813,0.3483742452278533,1.0668310694032233,0.1111111111111111,1.3657407407407407,0.0,0.3886329680060401,0.5413575011599064,0.0,0.0,0.0,0.0
D:\Internship\Test_Rule\test_rule_new_v2\Dataset_For_Rule_Base\02_Out_of_Focus\2607027VZF_2116.png,02_Out_of_Focus,1,1,11.071906334741108,0.47375148045581006,1.1355138331206192,0.0,1.0,0.0,0.0,0.5535953167370554,0.0,0.11875740227905024,0.0,0.0
D:\Internship\Test_Rule\test_rule_new_v2\Dataset_For_Rule_Base\02_Out_of_Focus\2607027VZF_2117.png,02_Out_of_Focus,0,0,0.0,0.0,0.0,0.0,0.0,0.0,0.0,0.0,0.0,0.0,0.0,0.0
D:\Internship\Test_Rule\test_rule_new_v2\Dataset_For_Rule_Base\02_Out_of_Focus\2607027VZF_2126.png,02_Out_of_Focus,1,1,32.052731109708176,0.821231546549151,1.7525562917459065,1.0,4.0,0.0,0.38880022442842954,1.6026365554854087,1.0,1.0,1.0,0.0
D:\Internship\Test_Rule\test_rule_new_v2\Dataset_For_Rule_Base\02_Out_of_Focus\2607027VZF_2127.png,02_Out_of_Focus,2,2,12.348902238891682,0.2991334557114086,1.0480842267353554,0.0,1.125,0.0,0.0,0.6174451119445841,0.0,0.0,0.0,0.0
D:\Internship\Test_Rule\test_rule_new_v2\Dataset_For_Rule_Base\02_Out_of_Focus\2607027VZF_2129.png,02_Out_of_Focus,1,1,11.479757592983557,0.4646043999728831,1.1292820728908104,0.0,1.0,0.0,0.0,0.5739878796491779,0.0,0.07302199986441549,0.0,0.0
D:\Internship\Test_Rule\test_rule_new_v2\Dataset_For_Rule_Base\02_Out_of_Focus\2607027VZF_2175.png,02_Out_of_Focus,0,0,0.0,0.0,0.0,0.0,0.0,0.0,0.0,0.0,0.0,0.0,0.0,0.0
D:\Internship\Test_Rule\test_rule_new_v2\Dataset_For_Rule_Base\02_Out_of_Focus\2607027VZF_2176.png,02_Out_of_Focus,4,4,10.336834923591166,0.5668808167429555,1.3418538986628905,0.25,1.1666666666666667,0.0,0.42195395997925056,0.5168417461795582,0.0,0.5844040837147776,0.0,0.0
D:\Internship\Test_Rule\test_rule_new_v2\Dataset_For_Rule_Base\02_Out_of_Focus\2607027VZF_2364.png,02_Out_of_Focus,9,9,15.870059277499859,0.37604758245889075,1.0792139198538,0.2222222222222222,1.746296296296296,0.9805806781518089,0.11716239558550429,0.793502963874993,0.0,0.0,0.0,0.0
D:\Internship\Test_Rule\test_rule_new_v2\Dataset_For_Rule_Base\02_Out_of_Focus\2607027VZF_2371.png,02_Out_of_Focus,2,2,10.143513817967891,0.5453251405312639,1.5571451288672886,0.5,1.5,0.0,0.32672935451163654,0.5071756908983945,0.0,0.4766257026563195,0.0,0.0
D:\Internship\Test_Rule\test_rule_new_v2\Dataset_For_Rule_Base\02_Out_of_Focus\260704R43Z_1_2.png,02_Out_of_Focus,39,39,10.646182917001322,0.4930821553513508,1.1494480760288621,0.23076923076923078,1.3059116809116809,0.5737201386137751,0.4201553570051153,0.5323091458500662,0.0,0.21541077675675396,0.0,0.0
D:\Internship\Test_Rule\test_rule_new_v2\Dataset_For_Rule_Base\02_Out_of_Focus\260704RBZH_1_1.png,02_Out_of_Focus,0,0,0.0,0.0,0.0,0.0,0.0,0.0,0.0,0.0,0.0,0.0,0.0,0.0
D:\Internship\Test_Rule\test_rule_new_v2\Dataset_For_Rule_Base\02_Out_of_Focus\FILE_CURRENT_FOCUS12058 (22).png,02_Out_of_Focus,45,45,22.443016534613218,0.5142160834319102,1.1659622955772442,0.2,1.2241465900059902,0.5362185199888005,0.5493106135418849,1.1221508267306608,0.11075413365330358,0.32108041715955077,0.03556098343554735,0.07519315021775623
D:\Internship\Test_Rule\test_rule_new_v2\Dataset_For_Rule_Base\02_Out_of_Focus\FILE_CURRENT_FOCUS12058 (24).png,02_Out_of_Focus,61,61,30.434222732596815,0.4920029409668997,1.1486416540980384,0.16393442622950818,1.2392371435965053,0.7522589343383886,0.48218422260018734,1.5217111366298408,1.0,0.21001470483449858,0.21001470483449858,0.7899852951655014
D:\Internship\Test_Rule\test_rule_new_v2\Dataset_For_Rule_Base\02_Out_of_Focus\FILE_CURRENT_FOCUS12058 (36).png,02_Out_of_Focus,56,56,32.06948714179549,0.526934940659326,1.1766275173318668,0.05357142857142857,1.1305561504029558,0.9745418433217755,0.4620677326077609,1.6034743570897745,1.0,0.38467470329662995,0.38467470329662995,0.61532529670337
D:\Internship\Test_Rule\test_rule_new_v2\Dataset_For_Rule_Base\02_Out_of_Focus\FILE_CURRENT_FOCUS12058 (37).png,02_Out_of_Focus,99,99,24.803248555808818,0.5528652922752454,1.2000902773183109,0.1111111111111111,1.2262299552987765,0.6030855099262854,0.47304833355119236,1.2401624277904408,0.7008121389522038,0.5143264613762268,0.36044622751679156,0.3403659114354123
D:\Internship\Test_Rule\test_rule_new_v2\Dataset_For_Rule_Base\02_Out_of_Focus\FILE_CURRENT_FOCUS12058 (61).png,02_Out_of_Focus,25,25,27.364370456653386,0.6755634557928568,1.356296611422751,0.52,1.4148174223855658,0.09321618866789373,0.07413394924864698,1.3682185228326693,1.0,1.0,1.0,0.0
D:\Internship\Test_Rule\test_rule_new_v2\Dataset_For_Rule_Base\02_Out_of_Focus\FILE_CURRENT_FOCUS12058 (62).png,02_Out_of_Focus,25,25,27.364370456653386,0.6755634557928568,1.356296611422751,0.52,1.4148174223855658,0.09321618866789373,0.07413394924864698,1.3682185228326693,1.0,1.0,1.0,0.0
D:\Internship\Test_Rule\test_rule_new_v2\Dataset_For_Rule_Base\02_Out_of_Focus\FILE_CURRENT_FOCUS12058 (7).png,02_Out_of_Focus,95,95,19.657119911226587,0.6827583811765369,1.3686551634470272,0.21052631578947367,1.249367529283612,0.4080247688331217,0.5141831226320679,0.9828559955613294,0.0,1.0,0.0,0.0
D:\Internship\Test_Rule\test_rule_new_v2\Dataset_For_Rule_Base\02_Out_of_Focus\FILE_CURRENT_FOCUS12058 (8).png,02_Out_of_Focus,29,29,17.397184839681152,0.652226384330062,1.3192190321182398,0.1724137931034483,1.1789514604169775,0.6081497602902998,0.39545163486726,0.8698592419840576,0.0,1.0,0.0,0.0
D:\Internship\Test_Rule\test_rule_new_v2\Dataset_For_Rule_Base\02_Out_of_Focus\FILE_CURRENT_FOCUS12058 (9).png,02_Out_of_Focus,69,69,17.736043525407908,0.5971961561750277,1.2467347616476838,0.11594202898550725,1.1590457196068578,0.33297273482112033,0.4364637538472802,0.8868021762703954,0.0,0.7359807808751386,0.0,0.0
D:\Internship\Test_Rule\test_rule_new_v2\Dataset_For_Rule_Base\02_Out_of_Focus\FILE_CURRENT_FOCUS12408 (13).png,02_Out_of_Focus,108,108,30.245639713504282,0.4813818119521034,1.140887254636104,0.1388888888888889,1.1873172836259032,0.4730016047959988,0.6131387919437564,1.512281985675214,1.0,0.1569090597605169,0.1569090597605169,0.843090940239483
D:\Internship\Test_Rule\test_rule_new_v2\Dataset_For_Rule_Base\02_Out_of_Focus\FILE_CURRENT_FOCUS12408 (14).png,02_Out_of_Focus,108,108,21.99942928982505,0.47476318238500925,1.136276654025395,0.12037037037037036,1.1985923601936672,0.8045238564637628,0.5051383344615883,1.0999714644912524,0.0,0.12381591192504621,0.0,0.0
D:\Internship\Test_Rule\test_rule_new_v2\Dataset_For_Rule_Base\02_Out_of_Focus\FILE_CURRENT_FOCUS12408 (42).png,02_Out_of_Focus,97,97,23.1557469020887,0.5103315702405903,1.1628208153627255,0.5979381443298969,1.4348686539487983,0.9755011914076013,0.5310916648995109,1.1577873451044352,0.28893672552217536,0.30165785120295135,0.08716003175463637,0.201776693767539
D:\Internship\Test_Rule\test_rule_new_v2\Dataset_For_Rule_Base\03_Tracking_Error\260511AAJR_1_1.png,03_Tracking_Error,38,38,20.134014056914932,0.30932728008060884,1.051657376633817,0.10526315789473684,1.1678930396000664,0.6528813927705479,0.47005563675117523,1.0067007028457466,0.0,0.0,0.0,0.0
D:\Internship\Test_Rule\test_rule_new_v2\Dataset_For_Rule_Base\03_Tracking_Error\260511BJ9M_1_1.png,03_Tracking_Error,36,36,19.04547443480464,0.36615775485722657,1.074630233464795,0.027777777777777776,1.1348544973544974,0.0,0.6088016249213052,0.952273721740232,0.0,0.0,0.0,0.0
D:\Internship\Test_Rule\test_rule_new_v2\Dataset_For_Rule_Base\03_Tracking_Error\260512N494_1_1.png,03_Tracking_Error,273,273,20.615010073084893,0.4613567704589094,1.1271228890812575,0.07692307692307693,1.1634310032661679,0.1295378135326174,0.41009411159200276,1.0307505036542446,0.0,0.056783852294546855,0.0,0.0
D:\Internship\Test_Rule\test_rule_new_v2\Dataset_For_Rule_Base\03_Tracking_Error\260514T5PO_50.png,03_Tracking_Error,248,248,10.701101718790412,0.6450874218722763,1.3087143094885576,0.024193548387096774,1.1094118023553508,0.6666666666666666,0.3852907948035879,0.5350550859395206,0.0,0.9754371093613814,0.0,0.0
D:\Internship\Test_Rule\test_rule_new_v2\Dataset_For_Rule_Base\03_Tracking_Error\260520XBLU_1_1.png,03_Tracking_Error,35,35,21.0665252253052,0.30524144183249424,1.050116833276925,0.08571428571428572,1.160510521224807,0.3590109859531209,0.3717613330728429,1.0533262612652599,0.0,0.0,0.0,0.0
D:\Internship\Test_Rule\test_rule_new_v2\Dataset_For_Rule_Base\03_Tracking_Error\260522DUJD_1_5.png,03_Tracking_Error,162,162,18.036407720933692,0.3851132941953176,1.0835772656479437,0.04938271604938271,1.1580411529485604,0.2640294369163068,0.23572784766154609,0.9018203860466846,0.0,0.0,0.0,0.0
D:\Internship\Test_Rule\test_rule_new_v2\Dataset_For_Rule_Base\03_Tracking_Error\260523AB0J_14.png,03_Tracking_Error,145,145,13.430765545930415,0.530176263717092,1.179401816762858,0.10344827586206896,1.167897737639117,0.23831144099334883,0.5171904524885659,0.6715382772965207,0.0,0.4008813185854601,0.0,0.0
D:\Internship\Test_Rule\test_rule_new_v2\Dataset_For_Rule_Base\03_Tracking_Error\2605290YVA_1_2.png,03_Tracking_Error,436,436,21.876039097105163,0.5556250813388837,1.2027428853109687,0.5802752293577982,1.568406877945464,0.9693746455170008,0.4586650656482228,1.0938019548552582,0.0,0.5281254066944182,0.0,0.0
D:\Internship\Test_Rule\test_rule_new_v2\Dataset_For_Rule_Base\03_Tracking_Error\2605293B2B_1_1.png,03_Tracking_Error,310,310,21.269010514950338,0.47426935760400074,1.1358736547391877,0.05806451612903226,1.1369682029911232,0.28834054392729636,0.512997471722205,1.0634505257475169,0.0,0.12134678802000365,0.0,0.0
D:\Internship\Test_Rule\test_rule_new_v2\Dataset_For_Rule_Base\03_Tracking_Error\2605295C5R_6.png,03_Tracking_Error,43,43,18.197115800149312,0.3792273721554556,1.0807264650706971,0.023255813953488372,1.101015134736065,0.0,0.08299724597537872,0.9098557900074656,0.0,0.0,0.0,0.0
D:\Internship\Test_Rule\test_rule_new_v2\Dataset_For_Rule_Base\03_Tracking_Error\2605295MGR_1_2.png,03_Tracking_Error,560,560,14.620378269753871,0.4863010002962158,1.1444379882117428,0.04285714285714286,1.1488061647260426,0.6044048437224312,0.5084946812975911,0.7310189134876935,0.0,0.181505001481079,0.0,0.0
D:\Internship\Test_Rule\test_rule_new_v2\Dataset_For_Rule_Base\03_Tracking_Error\260604ANWK_1_4.png,03_Tracking_Error,78,78,20.67167573424767,0.4755650531168413,1.1367919672423108,0.16666666666666666,1.2146036833536835,0.4828955765208088,0.5565781423767552,1.0335837867123836,0.0,0.12782526558420632,0.0,0.0
D:\Internship\Test_Rule\test_rule_new_v2\Dataset_For_Rule_Base\03_Tracking_Error\260605NSHC_1_9.png,03_Tracking_Error,389,389,19.590268145688917,0.5079461830730867,1.1609159453140374,0.17994858611825193,1.2669883499744141,0.7371949897739638,0.5031310033845515,0.9795134072844458,0.0,0.28973091536543344,0.0,0.0
D:\Internship\Test_Rule\test_rule_new_v2\Dataset_For_Rule_Base\03_Tracking_Error\2606061WXB_1_1.png,03_Tracking_Error,1,1,15.124472327622762,0.23511124733954014,1.028839961037928,0.0,1.25,0.0,0.0,0.7562236163811381,0.0,0.0,0.0,0.0
D:\Internship\Test_Rule\test_rule_new_v2\Dataset_For_Rule_Base\03_Tracking_Error\2606061WXB_1_2.png,03_Tracking_Error,0,0,0.0,0.0,0.0,0.0,0.0,0.0,0.0,0.0,0.0,0.0,0.0,0.0
D:\Internship\Test_Rule\test_rule_new_v2\Dataset_For_Rule_Base\03_Tracking_Error\2606064I4S_1_2.png,03_Tracking_Error,46,46,15.999823047197845,0.8335502407041915,1.8102022127024129,0.21739130434782608,1.1776536326633327,0.8602437264660538,0.17917110172150896,0.7999911523598923,0.0,1.0,0.0,0.0
D:\Internship\Test_Rule\test_rule_new_v2\Dataset_For_Rule_Base\03_Tracking_Error\2606064KHQ_1_1.png,03_Tracking_Error,42,42,11.16896523884508,0.7767311968832189,1.5877248315998629,0.19047619047619047,1.2743197278911564,0.49973885079581726,0.5289367409468152,0.558448261942254,0.0,1.0,0.0,0.0
D:\Internship\Test_Rule\test_rule_new_v2\Dataset_For_Rule_Base\03_Tracking_Error\2606068CP4_1_1.png,03_Tracking_Error,1,1,12.073850118707732,0.22443761088077654,1.0261794171698764,0.0,1.0,0.0,0.0,0.6036925059353866,0.0,0.0,0.0,0.0
D:\Internship\Test_Rule\test_rule_new_v2\Dataset_For_Rule_Base\03_Tracking_Error\260606AAWX_1_1.png,03_Tracking_Error,5,5,13.623228475256639,0.5922376286378352,1.2410591626327832,0.0,1.2066666666666666,0.0,0.0,0.681161423762832,0.0,0.7111881431891761,0.0,0.0
D:\Internship\Test_Rule\test_rule_new_v2\Dataset_For_Rule_Base\03_Tracking_Error\260606BH5T_1_1.png,03_Tracking_Error,4,4,11.79267595056066,0.5682190755419632,1.2184086322079344,0.0,1.1333333333333333,0.0,0.0,0.589633797528033,0.0,0.5910953777098157,0.0,0.0
D:\Internship\Test_Rule\test_rule_new_v2\Dataset_For_Rule_Base\03_Tracking_Error\260606X3Y8_1_2.png,03_Tracking_Error,24,24,11.750763085361037,0.776618628343699,1.5873786219551627,0.08333333333333333,1.1660734327400994,0.9992467753961706,0.666931430481666,0.5875381542680518,0.0,1.0,0.0,0.0
D:\Internship\Test_Rule\test_rule_new_v2\Dataset_For_Rule_Base\03_Tracking_Error\260606XE8Z_1_1.png,03_Tracking_Error,0,0,0.0,0.0,0.0,0.0,0.0,0.0,0.0,0.0,0.0,0.0,0.0,0.0
D:\Internship\Test_Rule\test_rule_new_v2\Dataset_For_Rule_Base\03_Tracking_Error\260607JBMC_1_1.png,03_Tracking_Error,0,0,0.0,0.0,0.0,0.0,0.0,0.0,0.0,0.0,0.0,0.0,0.0,0.0
D:\Internship\Test_Rule\test_rule_new_v2\Dataset_For_Rule_Base\03_Tracking_Error\260607JBMC_1_2.png,03_Tracking_Error,0,0,0.0,0.0,0.0,0.0,0.0,0.0,0.0,0.0,0.0,0.0,0.0,0.0
D:\Internship\Test_Rule\test_rule_new_v2\Dataset_For_Rule_Base\03_Tracking_Error\2607027VZF_1555.png,03_Tracking_Error,94,94,18.755998622221938,0.39534478970115383,1.0886927769541217,0.06382978723404255,1.1648719779038927,6.123233995736766e-17,0.40977482545711114,0.9377999311110969,0.0,0.0,0.0,0.0
D:\Internship\Test_Rule\test_rule_new_v2\Dataset_For_Rule_Base\03_Tracking_Error\2607027VZF_1597.png,03_Tracking_Error,57,57,17.336139131086163,0.38371381073874206,1.0828932445731205,0.10526315789473684,1.2069131161236424,6.123233995736766e-17,0.3945097384192662,0.8668069565543082,0.0,0.0,0.0,0.0
D:\Internship\Test_Rule\test_rule_new_v2\Dataset_For_Rule_Base\03_Tracking_Error\2607027VZF_1603.png,03_Tracking_Error,152,152,17.31274625581333,0.38291814886156045,1.0825069597955919,0.08552631578947369,1.172267316017316,0.079911486165821,0.3459059864563851,0.8656373127906665,0.0,0.0,0.0,0.0
D:\Internship\Test_Rule\test_rule_new_v2\Dataset_For_Rule_Base\03_Tracking_Error\2607027VZF_1636.png,03_Tracking_Error,63,63,19.724111320487534,0.39612503036301416,1.0890914008063532,0.1111111111111111,1.161583522297808,0.14285714285714285,0.5752055991183979,0.9862055660243767,0.0,0.0,0.0,0.0
D:\Internship\Test_Rule\test_rule_new_v2\Dataset_For_Rule_Base\03_Tracking_Error\2607027VZF_1642.png,03_Tracking_Error,70,70,20.119628677183115,0.364962026555374,1.074088415605555,0.014285714285714285,1.147867608581894,0.0,0.3388358524755941,1.0059814338591557,0.0,0.0,0.0,0.0
D:\Internship\Test_Rule\test_rule_new_v2\Dataset_For_Rule_Base\03_Tracking_Error\2607027VZF_1731.png,03_Tracking_Error,40,40,19.975081257562557,0.3535974972175751,1.069312594011195,0.025,1.1170652019549077,0.0,0.3855665480058962,0.9987540628781278,0.0,0.0,0.0,0.0
D:\Internship\Test_Rule\test_rule_new_v2\Dataset_For_Rule_Base\03_Tracking_Error\2607027VZF_1747.png,03_Tracking_Error,29,29,28.687575710677173,0.371064789722238,1.0768818481808424,0.034482758620689655,1.098724307020453,0.0,0.5282977693604733,1.4343787855338586,1.0,0.0,0.0,1.0
D:\Internship\Test_Rule\test_rule_new_v2\Dataset_For_Rule_Base\03_Tracking_Error\2607027VZF_1751.png,03_Tracking_Error,24,24,30.93208676539679,0.32236748075124844,1.056397761911025,0.0,1.1212417829852679,0.0,0.0,1.5466043382698396,1.0,0.0,0.0,1.0
D:\Internship\Test_Rule\test_rule_new_v2\Dataset_For_Rule_Base\03_Tracking_Error\2607027VZF_1999.png,03_Tracking_Error,45,45,20.177257731618855,0.39446723588324945,1.0882458489550724,0.2,1.2223384640051307,0.1111111111111111,0.5043345920980707,1.0088628865809428,0.0,0.0,0.0,0.0
D:\Internship\Test_Rule\test_rule_new_v2\Dataset_For_Rule_Base\03_Tracking_Error\2607027VZF_2219.png,03_Tracking_Error,83,83,11.029685220647853,0.7104553892138087,1.420974816613563,0.24096385542168675,1.3640673465443132,0.4952837632470395,0.6343414492959988,0.5514842610323927,0.0,1.0,0.0,0.0
D:\Internship\Test_Rule\test_rule_new_v2\Dataset_For_Rule_Base\03_Tracking_Error\2607027VZF_223.png,03_Tracking_Error,88,88,18.90206666273784,0.45625807145505626,1.1237891427988846,0.2840909090909091,1.296665108881018,0.9075003718471637,0.4571071143089047,0.9451033331368921,0.0,0.03129035727528123,0.0,0.0
D:\Internship\Test_Rule\test_rule_new_v2\Dataset_For_Rule_Base\03_Tracking_Error\2607027VZF_2231.png,03_Tracking_Error,69,69,21.062546243917424,0.7231574636096614,1.4478417890192605,0.3333333333333333,1.6428266178266182,0.6443151447840559,0.7382915464027541,1.0531273121958713,0.0,1.0,0.0,0.0
D:\Internship\Test_Rule\test_rule_new_v2\Dataset_For_Rule_Base\03_Tracking_Error\2607027VZF_2236.png,03_Tracking_Error,32,32,15.970632331707167,0.4142915325361098,1.0987508941786417,0.125,1.2266453598484848,0.5,0.3827889444626919,0.7985316165853583,0.0,0.0,0.0,0.0
D:\Internship\Test_Rule\test_rule_new_v2\Dataset_For_Rule_Base\03_Tracking_Error\2607027VZF_250.png,03_Tracking_Error,89,89,17.066975642117118,0.48437029772840257,1.1430360007022038,0.1797752808988764,1.282365792759051,0.6203674497342844,0.4414820755230533,0.8533487821058559,0.0,0.17185148864201277,0.0,0.0
D:\Internship\Test_Rule\test_rule_new_v2\Dataset_For_Rule_Base\03_Tracking_Error\2607027VZF_619.png,03_Tracking_Error,54,54,13.178899826177918,0.6234979156687823,1.279121380342457,0.14814814814814814,1.244285447063225,0.928558253371,0.41581915816782544,0.6589449913088959,0.0,0.8674895783439115,0.0,0.0
D:\Internship\Test_Rule\test_rule_new_v2\Dataset_For_Rule_Base\03_Tracking_Error\2607027VZF_899.png,03_Tracking_Error,185,185,15.532382490551061,0.38103704208881456,1.0815958361587308,0.07567567567567568,1.167992277992278,0.3121963586965633,0.4092703563466325,0.7766191245275531,0.0,0.0,0.0,0.0
D:\Internship\Test_Rule\test_rule_new_v2\Dataset_For_Rule_Base\03_Tracking_Error\2607027VZF_906.png,03_Tracking_Error,186,186,17.99500231648994,0.38286284255893976,1.0824794478607407,0.10752688172043011,1.1850560132818198,6.123233995736766e-17,0.534218016271266,0.899750115824497,0.0,0.0,0.0,0.0
D:\Internship\Test_Rule\test_rule_new_v2\Dataset_For_Rule_Base\03_Tracking_Error\260702HJAK_3.png,03_Tracking_Error,178,178,15.08469631384431,0.3877735994089737,1.0848874115993423,0.07303370786516854,1.1629795142435593,0.07692307692307693,0.40671091423943156,0.7542348156922155,0.0,0.0,0.0,0.0
D:\Internship\Test_Rule\test_rule_new_v2\Dataset_For_Rule_Base\03_Tracking_Error\260702HJAK_4.png,03_Tracking_Error,165,165,21.57715636302507,0.3788508845810927,1.0805463817498866,0.06060606060606061,1.1308354103808649,0.6,0.4579006939769716,1.0788578181512534,0.0,0.0,0.0,0.0
D:\Internship\Test_Rule\test_rule_new_v2\Dataset_For_Rule_Base\03_Tracking_Error\260702HJAK_6.png,03_Tracking_Error,209,209,15.02819501109093,0.3798269146036895,1.0810137966169453,0.06220095693779904,1.148194349510139,0.6915028003830479,0.4226657970161947,0.7514097505545465,0.0,0.0,0.0,0.0
D:\Internship\Test_Rule\test_rule_new_v2\Dataset_For_Rule_Base\03_Tracking_Error\2607044ILE_1_1.png,03_Tracking_Error,54,54,24.052917510312515,0.4296065998068952,1.1074022530069312,0.3333333333333333,1.3218023745801522,0.7777777777777778,0.3603197106781598,1.2026458755156257,0.5132293775781284,0.0,0.0,0.5132293775781284
D:\Internship\Test_Rule\test_rule_new_v2\Dataset_For_Rule_Base\03_Tracking_Error\FILE_CURRENT_FOCUS12758.png,03_Tracking_Error,71,71,33.45250172050474,0.6149766535751033,1.2681579353413732,0.1267605633802817,1.185671055672885,0.4200770998943505,0.31466539244028274,1.6726250860252372,1.0,0.8248832678755166,0.8248832678755166,0.17511673212448342
D:\Internship\Test_Rule\test_rule_new_v2\Dataset_For_Rule_Base\03_Tracking_Error\FILE_CURRENT_FOCUS13458 (2).png,03_Tracking_Error,87,87,24.439744387935693,0.7372200359589469,1.4800502505281583,0.3793103448275862,1.2602229599240382,0.9815229556348537,0.4787347318712407,1.2219872193967847,0.609936096983923,1.0,0.609936096983923,0.0
D:\Internship\Test_Rule\test_rule_new_v2\Dataset_For_Rule_Base\03_Tracking_Error\FILE_CURRENT_FOCUS13458 (3).png,03_Tracking_Error,116,116,23.370824387967716,0.5711934431782666,1.2183007463554385,0.3706896551724138,1.336267189721529,0.9374107066439593,0.5188889279664286,1.1685412193983857,0.3427060969919283,0.6059672158913328,0.20766865946318386,0.13503743752874442
D:\Internship\Test_Rule\test_rule_new_v2\Dataset_For_Rule_Base\03_Tracking_Error\FILE_CURRENT_FOCUS13458 (4).png,03_Tracking_Error,87,87,24.439744387935693,0.7372200359589469,1.4800502505281583,0.3793103448275862,1.2602229599240382,0.9815229556348537,0.4787347318712407,1.2219872193967847,0.609936096983923,1.0,0.609936096983923,0.0
D:\Internship\Test_Rule\test_rule_new_v2\Dataset_For_Rule_Base\03_Tracking_Error\FILE_CURRENT_FOCUS14158 (2).png,03_Tracking_Error,208,208,20.94105377114942,0.7418766645845135,1.4913541499088874,0.32211538461538464,1.4256227191066588,0.8653262458357064,0.472922447407837,1.047052688557471,0.0,1.0,0.0,0.0
