class,feature,n_positive,n_negative,class_min,class_p10,class_p25,class_median,class_p75,class_p90,class_max,class_mean,class_std,other_min,other_p10,other_p25,other_median,other_p75,other_p90,other_max,other_mean,other_std,median_gap,auc,strength,direction,recommendation
01_Good,axis_aligned_line_ratio,50,250,0.006589785831960461,0.008087834133199759,0.009752254537424426,0.011174209247291966,0.012481992569565548,0.01390033786343045,0.02044153720359771,0.011281454417239021,0.0027395179750992135,0.0,0.0,0.008302204378403922,0.01230012506892239,0.015718816240791977,0.12674880763116053,1.0,0.07657514766991934,0.2296764172590429,-0.001125915821630425,0.43444,0.13112000000000001,LOW,DROP
01_Good,background_mad,50,250,17.7912,25.05594,38.547599999999996,56.3388,60.7866,62.2692,65.2344,49.22231999999999,14.619969643689416,1.4826,5.9304,13.714049999999999,53.373599999999996,59.303999999999995,62.2692,69.6822,40.961272799999996,23.140798476159375,2.965200000000003,0.58476,0.1695199999999999,HIGH,DROP
01_Good,background_median,50,250,31.0,48.6,72.25,110.0,119.75,124.1,131.0,97.08,30.604470261711768,1.0,7.0,24.25,107.5,120.75,126.0,133.0,80.688,47.37609793978394,2.5,0.577,0.15399999999999991,HIGH,DROP
01_Good,bright_area_ratio,50,250,1.430511474609375e-05,0.000185394287109375,0.0007777214050292969,0.002200603485107422,0.012392282485961914,0.023450279235839845,0.032418251037597656,0.007498683929443359,0.00923247394250276,0.0,0.0,2.6226043701171875e-05,0.0031652450561523438,0.013275146484375,0.02592811584472656,0.047771453857421875,0.008780006408691407,0.011184367316717375,-0.0009646415710449219,0.52416,0.04831999999999992,HIGH,DROP
01_Good,diagonal_line_ratio,50,250,0.9721995094031071,0.9834031156974578,0.9844612499576687,0.9857842894456166,0.9874962907938978,0.9893357767142379,0.9925311203319502,0.985776306317375,0.003253290458162207,0.0,0.0,0.9747866517810241,0.9833266933024362,0.9868744872846595,0.990313394628819,1.0,0.8134486571692744,0.35984293546637214,0.0024575961431804183,0.66196,0.32392,HIGH,DROP
01_Good,elongated_angle_consistency,50,250,0.0,0.0,0.0,0.1478481410631624,0.42464313004594756,0.6902242811127999,1.0,0.2514443632295052,0.299260233761176,0.0,0.0,0.0,0.14285714285714285,0.5367029727199426,0.8662093493070937,1.0,0.29494361271656794,0.33335600631976015,0.004990998206019559,0.47872,0.04256000000000004,LOW,DROP
01_Good,elongated_angle_std,50,250,0.0,24.663491889588855,37.4949770941196,56.10308939536763,180.0,180.0,180.0,89.54145987701163,67.341522318369,0.0,15.353595008070076,31.960325565999792,56.51568894506676,180.0,180.0,180.0,89.32195582292576,69.9051094638334,-0.4125995496991308,0.52132,0.04264000000000001,HIGH,DROP
01_Good,elongated_star_count,50,250,0.0,0.0,1.0,3.5,19.0,29.1,41.0,9.96,11.44370569352428,0.0,0.0,0.0,5.0,15.0,24.0,253.0,10.668,19.91697205902544,-1.5,0.52996,0.05991999999999997,HIGH,DROP
01_Good,elongated_star_ratio,50,250,0.0,0.0,0.035121328224776496,0.05839291794347974,0.09880952380952382,0.18875000000000003,1.0,0.1133010029093035,0.1981591657522585,0.0,0.0,0.0,0.05343065693430657,0.1288124430033438,0.23076923076923078,1.0,0.09710938938135354,0.1339779505659126,0.004962261009173172,0.52848,0.0569599999999999,HIGH,DROP
01_Good,line_angle_std,50,250,4.591307409858356,5.053888734798303,5.32112824001833,5.515128891502924,5.744107046125025,6.039670205857722,7.623962800527149,5.561327317474655,0.4919233169201035,0.0,0.0,4.806959443382956,5.610308698735334,6.133116522839892,8.149970484254828,26.91413592229214,5.818636081393383,4.642834838782533,-0.0951798072324106,0.48128,0.03744000000000003,LOW,DROP
01_Good,long_line_count,50,250,1195.0,1201.8,1208.0,1218.5,1233.75,1271.2,1351.0,1229.86,35.23635054882954,0.0,0.0,206.5,1208.0,1225.0,1251.1,1321.0,902.652,528.078080302525,10.5,0.66056,0.32112000000000007,HIGH,DROP
01_Good,longest_line_ratio,50,250,0.9726562499999999,0.9920898437499999,0.99609375,0.9970703125,0.998046875,0.9990234375,0.9990234375,0.99609375,0.004780171191609561,0.0,0.0,0.8035625394401223,0.9970703125,0.998046875,0.9990234375,0.9990234375,0.7853042893639738,0.3701825760945803,0.0,0.58972,0.17944000000000004,HIGH,DROP
01_Good,max_aspect_ratio,50,250,1.1,1.325,1.6166666666666667,2.1714285714285717,3.0,3.516666666666667,4.666666666666667,2.312857142857143,0.8812916978443304,0.0,0.0,1.25,2.0,3.0,4.699999999999998,47.333333333333336,3.130622053590614,5.318003288717145,0.1714285714285717,0.53136,0.06272000000000011,HIGH,DROP
01_Good,max_streak_area_ratio,50,250,0.00014019012451171875,0.0008723258972167969,0.0014951229095458984,0.003827810287475586,0.013818740844726562,0.03227276802062989,0.05600452423095703,0.01125560760498047,0.014157837961418765,6.628036499023438e-05,0.0001784801483154297,0.0010825395584106445,0.005330085754394531,0.0094987154006958,0.019165706634521475,0.10162162780761719,0.009015825271606446,0.013680505021710962,-0.0015022754669189453,0.54496,0.08992,HIGH,DROP
01_Good,max_streak_aspect_ratio,50,250,1.5447455670105796,2.693310565059848,2.9697087794658152,3.2486560775504145,3.8544355298688915,4.7162228325337505,6.076923076923077,3.5144638823556056,0.8961181110501141,1.85,2.5849044923833557,3.283305998802683,4.057707904139212,9.833071946692474,24.440099509168896,62.5983877688848,9.24153783950971,11.71857628638388,-0.8090518265887976,0.32168,0.35663999999999996,LOW,DROP
01_Good,max_streak_length_ratio,50,250,0.025919882463180624,0.03736517606793114,0.04328881144439613,0.09993298058475572,0.1432556787538991,0.26248564766659954,0.5434502312439579,0.1189402592732035,0.100381327648473,0.018023021069779755,0.028243813591955762,0.045885381975109635,0.10377877514425352,0.29750726481840395,0.7069569407107216,0.8338594662793013,0.2295921431707037,0.25319954068295,-0.003845794559497795,0.43272,0.13456,LOW,DROP
01_Good,mean_aspect_ratio,50,250,1.025,1.098137808483077,1.1249921972534334,1.1515541035084587,1.1831930014430014,1.2467640692640694,1.6666666666666667,1.1732670659061168,0.10250679298268546,0.0,0.0,1.0867559467694796,1.1487336149428335,1.2265415087110578,1.333612004712922,4.0,0.9846137158884045,0.5244849346879062,0.002820488565625112,0.52452,0.04903999999999997,HIGH,DROP
01_Good,mean_circularity,50,250,0.6981317007977318,0.7421614426933775,0.7674611844450305,0.7877644409850854,0.7996751075909777,0.8046181751049073,0.8291420057483849,0.7802962472047743,0.026164055037746114,0.0,0.0,0.6264796246797902,0.754019501726847,0.7911785861968025,0.8108138659338371,0.8982491906543908,0.6051388659292153,0.3019724190739409,0.033744939258238404,0.68256,0.3651199999999999,HIGH,DROP
01_Good,mean_fwhm,50,250,12.267666071933633,16.74896826011668,18.94813312473451,20.638451329439437,21.669854817232828,23.13115345921128,26.365451584035668,20.32491837451584,2.5141888468407307,0.0,0.0,11.400202160456363,16.881427878374325,22.204185386312254,27.46492562868547,43.62471439793461,15.515004536076543,9.488284930114947,3.7570234510651126,0.66048,0.3209599999999999,HIGH,DROP
01_Good,mean_hfr,50,250,6.367039698691947,8.831167629249387,10.04231818732033,10.9884632588543,11.48016511935531,12.375965276774158,14.218188253129952,10.701339697343451,1.46989131976528,0.0,0.0,5.131620740073559,8.606483499262328,11.473968394994618,13.442039549743722,24.124919184648697,7.834141114288186,4.941418781978961,2.381979759591971,0.68016,0.36032,HIGH,DROP
01_Good,mean_hollowness,50,250,3.92156862538684e-09,3.92156862538684e-09,3.92156862538684e-09,0.004880065017786364,0.011311932389410794,0.03222584240580345,0.05604245981173756,0.009895282861194349,0.013657833726494203,0.0,0.0,3.92156862538684e-09,0.002137394019218564,0.015108462641187969,0.06556318544389038,0.44699628566727,0.025108742941567324,0.06351708473760558,0.0027426709985677996,0.55212,0.10424000000000011,HIGH,DROP
01_Good,mean_intensity,50,250,36.59218883514404,53.09723482131958,76.05976891517639,112.86551856994629,122.45696926116943,124.63222827911378,129.6940803527832,99.62710819244384,28.91323901773065,3.546128273010254,13.03135986328125,30.19192862510681,110.73787546157837,122.0389997959137,125.39753942489624,132.2888889312744,83.55898112106323,45.44100244813082,2.12764310836792,0.57984,0.15968000000000004,HIGH,DROP
01_Good,mean_star_area,50,250,8.0,19.964285714285715,27.64032258064516,32.18374316939891,40.841014040145204,48.426213946695874,61.293103448275865,33.53466675627526,10.8275908713363,0.0,0.0,6.270833333333333,22.725610743690105,40.57884615384616,103.22019056261342,373.65625,37.6833831387613,50.44965419521925,9.458132425708804,0.63284,0.2656799999999999,HIGH,DROP
01_Good,median_eccentricity,50,250,0.27117165145140565,0.3263374132126976,0.348900226721258,0.36816300753722386,0.4442946040461282,0.5270914483324807,0.6128029873567216,0.4002644312416434,0.07786109894061931,0.0,0.0,0.3184736988347306,0.419939293552099,0.6441860515826295,0.7429155181781474,0.8335502407041915,0.42068750325234844,0.25345868505204805,-0.05177628601487516,0.42072,0.15856000000000003,LOW,DROP
01_Good,median_fwhm,50,250,12.251657000662487,15.59057823931812,17.324463289934595,18.531674543614145,20.856698690146345,22.91508028775154,25.366975686825903,18.842775085681595,2.9803264535559744,0.0,0.0,9.549097923087796,13.608443327242313,20.130417711981977,24.808298593642753,33.50375367601456,13.84571957381233,8.841002663480852,4.923231216371832,0.6928,0.38559999999999994,HIGH,DROP
01_Good,median_fwhm_ratio,50,250,1.0389275720775777,1.0579207977651168,1.06708221404795,1.0776942634162463,1.1163534405594862,1.1767361067117301,1.2654455193670937,1.0985578038873152,0.04796430577940028,0.0,0.0,1.054932717146003,1.101871290238433,1.3165928514608192,1.5034118654357558,1.8102022127024129,0.995380848328969,0.512842644557301,-0.02417702682218681,0.42336,0.15327999999999997,LOW,DROP
01_Good,median_hfr,50,250,6.049485362023873,7.634046079831503,8.778380602901024,9.88101005231583,10.802992142924678,11.724290459867682,13.78863487901468,9.804117539727732,1.7548491023301829,0.0,0.0,4.176131972839517,6.900018021508718,10.234158047692649,12.07859481989251,15.864725084215465,6.786443162303388,4.295101978032383,2.980992030807112,0.70992,0.41984,HIGH,DROP
01_Good,saturated_ratio,50,250,0.0,0.0,0.0,0.02121114730834961,0.022716283798217773,0.024025821685791017,0.02590465545654297,0.015224857330322266,0.01051157610832354,0.0,0.0,0.0,0.02079010009765625,0.022532224655151367,0.024087142944335938,0.02796649932861328,0.014093650817871093,0.010559259577278306,0.0004210472106933594,0.52388,0.047760000000000025,HIGH,DROP
01_Good,sharpness,50,250,4520.957003521173,10024.910535080015,17794.20228797837,50840.19299596723,61753.83270462561,68749.2080163764,71546.24025432761,42724.16726681142,22296.46824170288,41.67257490841439,423.7580096028367,2068.9266277786905,44380.183665204364,58992.81414743484,69870.47568766204,75195.36848251251,35942.314286612855,27202.780787121206,6460.009330762863,0.58096,0.16192000000000006,HIGH,DROP
01_Good,star_count,50,250,1.0,5.800000000000001,16.5,64.0,246.75,485.50000000000006,788.0,164.8,206.8054157898192,0.0,0.0,2.0,54.5,181.75,310.0,822.0,112.68,143.8337429117382,9.5,0.58004,0.16008,HIGH,DROP
01_Good,std_intensity,50,250,28.6776061170308,34.543694386535705,42.96122768207007,56.8660633477098,58.79719933482609,59.909774053701575,60.99954319504966,51.35748143833329,10.063088488337451,20.391957708997126,22.733860437872117,26.959714244940404,55.87062917088441,58.99570174145418,59.984490245299334,63.139064867306175,46.192453912407494,15.375614457894791,0.995434176825384,0.57376,0.1475200000000001,HIGH,DROP
01_Good,streak_count,50,250,0.0,0.0,0.0,0.0,0.0,0.0,0.0,0.0,0.0,0.0,0.0,0.0,0.0,0.0,1.0,1.0,0.212,0.40872484632084705,0.0,0.394,0.21199999999999997,LOW,DROP
01_Good,valid_profile_count,50,250,1.0,5.800000000000001,16.5,64.0,246.75,485.50000000000006,788.0,164.8,206.8054157898192,0.0,0.0,2.0,54.5,181.75,310.0,822.0,112.672,143.82560417394396,9.5,0.58004,0.16008,HIGH,DROP
02_Out_of_Focus,axis_aligned_line_ratio,50,250,0.0,0.0,0.009994425288269534,0.014281685778993605,0.01774966899943257,0.15632821326926105,1.0,0.06051685168771598,0.15392132258392974,0.0,0.0,0.008326464174292303,0.011594204886506417,0.014690881246462695,0.0214247658331185,1.0,0.06672806821582394,0.2207227162198519,0.0026874808924871874,0.5986,0.19720000000000004,HIGH,DROP
02_Out_of_Focus,background_mad,50,250,1.4826,7.26474,11.8608,36.323699999999995,51.891,57.96966,62.2692,32.379984,20.52072653161539,1.4826,5.9304,26.686799999999998,56.3388,60.7866,62.2692,69.6822,44.32974,21.94538490230873,-20.015100000000004,0.31504,0.36992,LOW,DROP
02_Out_of_Focus,background_median,50,250,3.0,10.8,22.25,71.0,103.5,110.30000000000001,123.0,62.18,40.93785045651518,1.0,7.0,50.5,111.5,123.0,127.0,133.0,87.668,45.0904621400136,-40.5,0.30352,0.39296,LOW,DROP
02_Out_of_Focus,bright_area_ratio,50,250,0.0,8.58306884765625e-06,9.655952453613281e-05,0.007927417755126953,0.012548208236694336,0.034276962280273444,0.047771453857421875,0.011413040161132813,0.013936611210620035,0.0,0.0,0.00014925003051757812,0.0028700828552246094,0.013275146484375,0.025005722045898435,0.03441619873046875,0.007997135162353515,0.010080717117863281,0.005057334899902344,0.55728,0.11456,HIGH,DROP
02_Out_of_Focus,diagonal_line_ratio,50,250,0.0,0.0,0.7830882352941176,0.9812916716332364,0.98434260986733,0.9861143747006539,0.9907640638119227,0.7531748118537129,0.38424791801358166,0.0,0.0,0.9805821827455808,0.9851055001396809,0.9875673371446645,0.9908034106961635,1.0,0.8599689560620067,0.3209492182924744,-0.0038138285064445165,0.30796,0.38408,LOW,DROP
02_Out_of_Focus,elongated_angle_consistency,50,250,0.0,0.0,0.0,0.30439426761293464,0.5275872780801776,0.7503351624754026,0.9805806781518089,0.31081208219600903,0.29892942112454307,0.0,0.0,0.0,0.13527346002167276,0.4999347126989543,0.8754415328175122,1.0,0.28307006892326725,0.33369581795866116,0.16912080759126188,0.53608,0.07216,HIGH,DROP
02_Out_of_Focus,elongated_angle_std,50,250,5.67349076218429,21.713324678489805,32.397277695039534,44.21804837302203,180.0,180.0,180.0,81.12345873153232,66.40321090432938,0.0,14.775139907026198,33.73348980151724,57.309117687550604,180.0,180.0,180.0,91.00555605202162,69.96824441747599,-13.091069314528575,0.46392,0.07216,LOW,DROP
02_Out_of_Focus,elongated_star_count,50,250,0.0,0.0,1.0,9.5,20.0,27.1,76.0,12.46,14.739348696601219,0.0,0.0,0.0,5.0,15.0,23.099999999999994,253.0,10.168,19.458565620312307,4.5,0.57484,0.14968000000000004,HIGH,DROP
02_Out_of_Focus,elongated_star_ratio,50,250,0.0,0.0,0.06418773042813963,0.12627713920817368,0.20789473684210524,0.502,1.0,0.18335489446699044,0.1973050914585372,0.0,0.0,0.0,0.04888592113586842,0.09523809523809523,0.19084033613445375,1.0,0.08309861106981614,0.1280082682501928,0.07739121807230526,0.70964,0.4192800000000001,HIGH,DROP
02_Out_of_Focus,line_angle_std,50,250,0.0,0.0,5.289354672764957,5.819379038551007,6.320510129630822,19.636053700593163,26.91413592229214,7.367897436829555,6.664502875693289,0.0,0.0,4.982138931193791,5.516824776118764,6.027143087706945,6.603513560399024,25.759349708497364,5.457322057522404,3.4819312056380993,0.3025542624322437,0.5872,0.1744000000000001,HIGH,DROP
02_Out_of_Focus,long_line_count,50,250,0.0,0.0,47.0,1230.0,1250.5,1275.5,1304.0,820.74,568.180176000536,0.0,2.0,1195.0,1210.0,1223.0,1245.0,1351.0,984.476,477.4148818627254,20.0,0.57036,0.14071999999999996,HIGH,DROP
02_Out_of_Focus,longest_line_ratio,50,250,0.0,0.0,0.36008603236746606,0.99658203125,0.998046875,0.9990234375,0.9990234375,0.7218864751999503,0.40686551666676973,0.0,0.19486556845629568,0.9885253906249999,0.9970703125,0.998046875,0.9990234375,0.9990234375,0.8401457443239838,0.3301610065575377,-0.00048828125,0.44056,0.11887999999999999,LOW,DROP
02_Out_of_Focus,max_aspect_ratio,50,250,0.0,1.0,1.8125,2.325757575757576,2.9583333333333335,3.7750000000000004,5.0,2.34552886002886,1.1411886405040756,0.0,0.0,1.3333333333333333,2.0,3.0,4.291666666666664,47.333333333333336,3.1240877101562705,5.309092447413871,0.32575757575757613,0.55536,0.11071999999999993,HIGH,DROP
02_Out_of_Focus,max_streak_area_ratio,50,250,0.0004200935363769531,0.0007821083068847656,0.0012012720108032227,0.005557537078857422,0.008507132530212402,0.010987091064453126,0.03279924392700195,0.006270942687988282,0.006529343849308626,6.628036499023438e-05,0.0001746177673339844,0.0011550188064575195,0.004656076431274414,0.011719822883605957,0.028593254089355456,0.10162162780761719,0.010012758255004884,0.014738425971050542,0.0009014606475830078,0.48,0.040000000000000036,LOW,DROP
02_Out_of_Focus,max_streak_aspect_ratio,50,250,1.85,2.3218084532855117,2.473836810101825,3.212499851627547,3.6,5.291666666666667,11.913043212149713,3.508165015454803,1.6530544066328963,1.5447455670105796,2.78168846478104,3.3152570299179085,4.03571416868629,9.590260046783921,24.440099509168896,62.5983877688848,9.24279761288987,11.701481905576005,-0.8232143170587434,0.25904,0.48192,LOW,DROP
02_Out_of_Focus,max_streak_length_ratio,50,250,0.021076067653102055,0.03351974607867295,0.03896876671601908,0.07945336591215672,0.1003729067553344,0.13325665715339577,0.221352572054335,0.07896546811957761,0.04659023832505558,0.018023021069779755,0.029390071947865633,0.04803383601719868,0.11838395943722607,0.3199243411410904,0.7069569407107216,0.8338594662793013,0.23758710140142886,0.2520681039049256,-0.03893059352506935,0.32848,0.34304,LOW,DROP
02_Out_of_Focus,mean_aspect_ratio,50,250,0.0,1.0,1.148546101971904,1.2010206425031142,1.2496864676899253,1.4413143070158487,4.0,1.194467302650195,0.5397923753524608,0.0,0.0,1.0941429133681129,1.14214542101442,1.206302520269596,1.296999327287853,1.748789068892162,0.980373668539589,0.46605058443914554,0.058875221488694285,0.66232,0.32464000000000004,HIGH,DROP
02_Out_of_Focus,mean_circularity,50,250,0.0,0.5685530102382689,0.6331745042358649,0.6853566324614627,0.765131200270809,0.8068240133576774,0.8386373492977413,0.6436744942586242,0.20621618550127077,0.0,0.0,0.7010652091532155,0.7712395623875087,0.7972610312114636,0.8096886569360976,0.8982491906543908,0.6324632165184453,0.2964989594953466,-0.08588292992604596,0.3602,0.27959999999999996,LOW,DROP
02_Out_of_Focus,mean_fwhm,50,250,0.0,10.13378231255759,13.366416770877827,19.122214288838595,25.310250511699607,28.408700340758543,32.052731109708176,18.785545459740163,8.343165517586401,0.0,0.0,11.631362777326157,17.856071727653735,21.371908957210643,24.27056958752583,43.62471439793461,15.822879119031676,8.931017732427474,1.2661425611848607,0.59672,0.19344000000000006,HIGH,DROP
02_Out_of_Focus,mean_hfr,50,250,0.0,5.6215336114043275,6.7510575292260215,9.403820497807208,11.286110346888798,13.726387289026428,14.972645274834768,8.96831805429399,3.7588045070515546,0.0,0.0,5.243695065078863,9.542974066499703,11.506900097364225,12.967991293057082,24.124919184648697,8.180745442898079,4.826051484278635,-0.1391535686924943,0.54088,0.08176000000000005,HIGH,DROP
02_Out_of_Focus,mean_hollowness,50,250,0.0,3.92156862538684e-09,0.0004201723210805118,0.022156347741484637,0.12508966078724132,0.29270272277605236,0.44699628566727,0.08270215707337,0.11490244708598867,0.0,0.0,3.92156862538684e-09,0.0017967371268638108,0.007509444221916262,0.03163839901892411,0.1860747237921805,0.010547368099132193,0.024537090998417995,0.020359610614620827,0.73712,0.47424,HIGH,DROP
02_Out_of_Focus,mean_intensity,50,250,5.642786979675293,18.088217449188235,26.73480200767517,75.10496759414673,105.24210119247437,114.86731395721435,123.23794460296631,65.96697338104248,39.851241974425186,3.546128273010254,13.887432479858399,55.51017379760742,113.4371428489685,123.78139734268188,125.89803628921509,132.2888889312744,90.2910080833435,43.114689972676665,-38.33217525482178,0.30112,0.39776,LOW,DROP
02_Out_of_Focus,mean_star_area,50,250,0.0,3.95,11.5,33.98214285714286,97.14751683501683,158.2653734061931,304.4,65.06326876950504,72.26841454469844,0.0,0.0,11.792102615694166,25.65625,37.690196572580646,61.33742946708464,373.65625,31.377662736115344,36.57620589084291,8.325892857142861,0.60932,0.21863999999999995,HIGH,DROP
02_Out_of_Focus,median_eccentricity,50,250,0.0,0.2983888251619304,0.3797263362059096,0.4976025470100528,0.6204378934288184,0.7051799724487287,0.821231546549151,0.4825767725656783,0.1912579922502146,0.0,0.0,0.3224802970549595,0.38644344680214565,0.5869765822729431,0.7407440171535363,0.8335502407041915,0.40422503498754153,0.23913218611370235,0.11115910020790715,0.60944,0.21887999999999996,HIGH,DROP
02_Out_of_Focus,median_fwhm,50,250,0.0,10.277197523330765,11.475505641639842,17.56661418254453,26.305065717255513,32.05440671291691,33.50375367601456,18.562268834230647,9.448596398386815,0.0,0.0,9.754176589826898,15.544182838790562,19.95647984235283,22.024035507995517,33.45250172050474,13.90182082410252,7.913684381624841,2.0224313437539685,0.634,0.268,HIGH,DROP
02_Out_of_Focus,median_fwhm_ratio,50,250,0.0,1.0478221288094869,1.0810069586724396,1.1528950241430564,1.3152383186221652,1.416330857607361,1.7525562917459065,1.1255237280157402,0.36593840833654473,0.0,0.0,1.0564402683801577,1.0856179465078493,1.235396530026571,1.4885749729134605,1.8102022127024129,0.989987663503284,0.4851784061822931,0.06727707763520718,0.61528,0.2305600000000001,HIGH,DROP
02_Out_of_Focus,median_hfr,50,250,0.0,5.368604744090657,6.045633509186277,8.104967459102882,10.439228375774286,13.606362478725318,15.864725084215465,8.274979140039523,3.8175852324335726,0.0,0.0,4.357133122199624,8.27311368013864,10.304162913498072,11.589139514007568,15.647176004112014,7.09227084224103,4.17535650730835,-0.16814622103575694,0.55448,0.10895999999999995,HIGH,DROP
02_Out_of_Focus,saturated_ratio,50,250,0.0,0.0,0.0,0.005054950714111328,0.020783185958862305,0.0224700927734375,0.023695945739746094,0.00941152572631836,0.00973129400362076,0.0,0.0,0.0,0.021156787872314453,0.022873401641845703,0.024209308624267577,0.02796649932861328,0.015256317138671874,0.010448763863071395,-0.016101837158203125,0.3374,0.32520000000000004,LOW,DROP
02_Out_of_Focus,sharpness,50,250,50.81089386586973,335.32576821173683,1678.1244124482769,22164.94651698568,42351.469374957334,55884.125336052355,63756.94073494189,23393.475010033566,22447.69984096217,41.67257490841439,551.8142777640825,8335.330996650717,50370.436536707355,61887.57064286556,69946.4522370569,75195.36848251251,39808.45273796842,26483.861918891456,-28205.490019721674,0.31432,0.37136,LOW,DROP
02_Out_of_Focus,star_count,50,250,0.0,1.0,6.75,50.5,134.0,290.90000000000003,450.0,95.64,116.58640744100488,0.0,0.0,5.0,57.5,203.5,328.0,822.0,126.512,163.75978094758187,-7.0,0.47992,0.040159999999999973,LOW,DROP
02_Out_of_Focus,std_intensity,50,250,20.391957708997126,22.045021112199194,26.959714244940404,42.999522888372375,54.13068426528104,57.053789089626015,59.02749640520895,40.26640725029263,13.997204416184584,21.05043528284738,23.347603232024337,35.526478701662526,56.714520564515496,59.268655029113646,60.09957197672409,63.139064867306175,48.41066875001563,14.5213547110306,-13.71499767614312,0.28928,0.42144000000000004,LOW,DROP
02_Out_of_Focus,streak_count,50,250,0.0,0.0,0.0,0.0,0.0,0.0,0.0,0.0,0.0,0.0,0.0,0.0,0.0,0.0,1.0,1.0,0.212,0.40872484632084705,0.0,0.394,0.21199999999999997,LOW,DROP
02_Out_of_Focus,valid_profile_count,50,250,0.0,1.0,6.75,50.5,134.0,290.90000000000003,450.0,95.64,116.58640744100488,0.0,0.0,5.0,57.5,203.5,328.0,822.0,126.504,163.75330831467193,-7.0,0.47992,0.040159999999999973,LOW,DROP
03_Tracking_Error,axis_aligned_line_ratio,50,250,0.0,0.006680041750260939,0.00829189109523898,0.011095080416272468,0.014393916518203138,0.016352908048330946,0.3333333333333333,0.02073899653583671,0.04964961796134989,0.0,0.0,0.008760591629869455,0.012101813400679538,0.0153448566359753,0.08916880616174562,1.0,0.07468363924619979,0.2290966630941183,-0.0010067329844070695,0.46356,0.07287999999999994,LOW,DROP
03_Tracking_Error,background_mad,50,250,8.8956,16.160339999999998,45.9606,56.3388,60.415949999999995,60.93486,66.717,49.607796,15.78313875078034,1.4826,5.9304,16.3086,53.373599999999996,59.303999999999995,62.2692,69.6822,40.884177599999994,22.958970504664578,2.965200000000003,0.57948,0.15896,HIGH,DROP
03_Tracking_Error,background_median,50,250,17.0,33.0,89.75,111.0,115.0,121.2,127.0,97.18,30.474704264356696,1.0,7.0,26.25,105.5,122.0,127.0,133.0,80.668,47.3858816104544,5.5,0.5424,0.08479999999999999,HIGH,DROP
03_Tracking_Error,bright_area_ratio,50,250,0.0,1.7166137695312503e-05,0.0013082027435302734,0.0034461021423339844,0.00668644905090332,0.016185283660888672,0.023698806762695312,0.0056036376953125,0.006000437891657811,0.0,0.0,5.030632019042969e-05,0.0027174949645996094,0.018137454986572266,0.026020717620849607,0.047771453857421875,0.009159015655517579,0.011537052575335036,0.000728607177734375,0.4986,0.0028000000000000247,LOW,DROP
03_Tracking_Error,diagonal_line_ratio,50,250,0.0,0.9790644368819019,0.9819190260567333,0.9853358518015101,0.988540910191237,0.9909323505987755,0.9933665008291874,0.9558021050114816,0.14560894078489717,0.0,0.0,0.9764835810867557,0.9842323542861551,0.9868285236211917,0.9895346940677571,1.0,0.819443497430453,0.35650972926054775,0.0011034975153549897,0.60024,0.20048,HIGH,DROP
03_Tracking_Error,elongated_angle_consistency,50,250,0.0,0.0,0.0,0.3002684513119298,0.663220348192637,0.9294434986982959,0.9992467753961706,0.3765208477898792,0.3606935044629468,0.0,0.0,0.0,0.13465193398319592,0.4729025432454384,0.7686876797640231,1.0,0.26992831580449317,0.3184953789686961,0.1656165173287339,0.58112,0.16223999999999994,HIGH,DROP
03_Tracking_Error,elongated_angle_std,50,250,1.1121200982787856,10.957141144184446,25.961993202698828,44.44653140304571,180.0,180.0,180.0,76.18362833516808,67.74602995261657,0.0,20.775101996900425,35.05982011013763,57.37343907708538,180.0,180.0,180.0,91.99352213129448,69.5280143535271,-12.926907674039668,0.41892,0.16215999999999997,LOW,DROP
03_Tracking_Error,elongated_star_count,50,250,0.0,0.0,1.0,8.5,18.0,33.0,253.0,17.4,36.88360069190643,0.0,0.0,0.0,4.0,15.0,24.0,76.0,9.18,11.816073798009217,4.5,0.58252,0.16504000000000008,HIGH,DROP
03_Tracking_Error,elongated_star_ratio,50,250,0.0,0.0,0.025694444444444443,0.08442982456140351,0.17990525981340805,0.3333333333333333,0.5802752293577982,0.12512689805277197,0.128995371427959,0.0,0.0,0.0,0.050555706153429116,0.1111111111111111,0.20035398230088494,1.0,0.09474421035265986,0.14955060849645593,0.03387411840797439,0.60184,0.20368000000000008,HIGH,DROP
03_Tracking_Error,line_angle_std,50,250,0.0,4.4553431844231435,5.190782122911774,5.458854780634724,6.008198992599637,6.260747651445076,20.58306534387889,5.69577410637266,2.395142833762441,0.0,0.0,4.982138931193791,5.582727320567571,6.0780079688667445,7.2434600752687395,26.91413592229214,5.791746723613783,4.523988364351628,-0.1238725399328473,0.49032,0.019360000000000044,LOW,DROP
03_Tracking_Error,long_line_count,50,250,0.0,1181.5,1199.25,1213.5,1223.0,1233.2,1298.0,1141.42,267.1214023622967,0.0,0.9000000000000021,565.5,1210.0,1232.0,1261.2,1351.0,920.34,523.9676787741779,3.5,0.52016,0.04031999999999991,HIGH,DROP
03_Tracking_Error,longest_line_ratio,50,250,0.0,0.972265625,0.995361328125,0.9970703125,0.998046875,0.9990234375,0.9990234375,0.95564453125,0.1792232549445385,0.0,0.1404601084052791,0.898681640625,0.9970703125,0.998046875,0.9990234375,0.9990234375,0.7933941331139738,0.3655589539304828,0.0,0.5476,0.09519999999999995,HIGH,DROP
03_Tracking_Error,max_aspect_ratio,50,250,0.0,1.225,1.6666666666666667,2.0,2.9166666666666665,3.7,6.5,2.2702813852813852,1.3167197425134103,0.0,0.0,1.2708333333333333,2.1036866359447,3.0,4.349999999999999,47.333333333333336,3.1391372051057655,5.298620762331461,-0.10368663594470018,0.50068,0.0013600000000000279,HIGH,DROP
03_Tracking_Error,max_streak_area_ratio,50,250,0.00020170211791992188,0.0008284091949462891,0.0016505718231201172,0.003447294235229492,0.010072708129882812,0.01723294258117676,0.037688255310058594,0.007760763168334961,0.009451683178169787,6.628036499023438e-05,0.0001746177673339844,0.0010880231857299805,0.0056264400482177734,0.010265707969665527,0.02628626823425292,0.10162162780761719,0.009714794158935548,0.014476807697673837,-0.0021791458129882812,0.50252,0.005039999999999933,HIGH,DROP
03_Tracking_Error,max_streak_aspect_ratio,50,250,2.289940828402367,2.8177049138552546,3.3884614043367476,4.280553643428361,6.133333065263691,13.001883054807108,34.54166637310679,6.695447075003483,5.910390272537269,1.5447455670105796,2.5532223392866285,3.020068281389724,3.75000018659203,5.749999934773598,23.253381462481112,62.5983877688848,8.605341200980135,11.634333092270216,0.5305534568363308,0.56332,0.12664000000000009,HIGH,DROP
03_Tracking_Error,max_streak_length_ratio,50,250,0.028338595268811682,0.047443994033302364,0.06428937104275739,0.0996156727673854,0.21465862518137258,0.3619736439321197,0.6537315907638662,0.17238688591724916,0.1544931628036361,0.018023021069779755,0.02737395663934056,0.041338279002914244,0.10205762429161414,0.26589860357493134,0.7069569407107216,0.8338594662793013,0.21890281784189458,0.25106110816707145,-0.0024419515242287415,0.52736,0.0547200000000001,HIGH,DROP
03_Tracking_Error,mean_aspect_ratio,50,250,0.0,1.0888518763184079,1.135382923763654,1.1678953886195917,1.2485713617658063,1.3232488560942899,1.6428266178266182,1.1152294151112185,0.3465427623835806,0.0,0.0,1.0867559467694796,1.143342310634342,1.2179035027994827,1.324148407198679,4.0,0.9962212460473842,0.5066939790105112,0.02455307798524964,0.6048,0.2096,HIGH,DROP
03_Tracking_Error,mean_circularity,50,250,0.0,0.5480865913592363,0.6870301569527998,0.7356955070124653,0.7803728645579558,0.7930090666610642,0.8031141418478369,0.6694553739841794,0.20842224256655748,0.0,0.0,0.6626106452365469,0.770264487143729,0.7978543271785551,0.8117442608993776,0.8982491906543908,0.6273070405733342,0.29572547781956515,-0.03456898013126364,0.409,0.18200000000000005,LOW,DROP
03_Tracking_Error,mean_fwhm,50,250,0.0,12.323002117335555,17.425319134115387,20.0606963083959,23.376808965678638,28.537357830412954,31.99599351980219,19.478861396404294,7.376566511166156,0.0,0.0,11.500229579089046,17.40587343284573,21.689898791929956,25.4022279403515,43.62471439793461,15.68421593169885,9.047929200443075,2.6548228755501704,0.63368,0.26736000000000004,HIGH,DROP
03_Tracking_Error,mean_hfr,50,250,0.0,6.996742236840087,9.480923458884567,10.701022830552976,12.187501408230348,13.447491002543288,17.979065837270877,10.111168116225175,3.634762316292508,0.0,0.0,5.243695065078863,8.894750417456969,11.335515439245679,13.042905475447906,24.124919184648697,7.952175430511841,4.775007780905608,1.806272413096007,0.64544,0.29088,HIGH,DROP
03_Tracking_Error,mean_hollowness,50,250,0.0,3.92156862538684e-09,8.740943689847638e-05,0.0025204452866150794,0.011743595972195075,0.06427921038018725,0.1628992937095734,0.01879645557602959,0.03628099063969612,0.0,0.0,3.92156862538684e-09,0.002288488116943865,0.015108462641187969,0.04235423709019121,0.44699628566727,0.023328508398600276,0.06199691061466819,0.00023195716967121423,0.536,0.07200000000000006,HIGH,DROP
03_Tracking_Error,mean_intensity,50,250,21.593318939208984,35.51374530792236,98.04246878623962,112.63421249389648,117.85745644569397,121.79631042480469,126.02462577819824,99.69229553222657,29.497179952144165,3.546128273010254,13.03135986328125,31.733898162841797,109.7870512008667,123.34269666671753,125.79093379974366,132.2888889312744,83.54594365310669,45.3612506587663,2.847161293029785,0.53976,0.07952000000000004,HIGH,DROP
03_Tracking_Error,mean_star_area,50,250,0.0,9.062500000000002,20.259802146644255,28.158473625140292,38.953807751388396,93.80031760435574,151.9375,39.43620236074193,36.918034850477596,0.0,0.0,11.210577574525745,24.933189655172413,41.21203835918738,86.08997869318179,373.65625,36.50307601786797,47.931841852449594,3.2252839699678795,0.5558,0.11159999999999992,HIGH,DROP
03_Tracking_Error,median_eccentricity,50,250,0.0,0.23404388369366377,0.37301131343695165,0.405208281449562,0.5704498512691907,0.7372200359589469,0.8335502407041915,0.44814672198479594,0.1983888237384518,0.0,0.0,0.3269809304075876,0.404247805458598,0.6152097580818342,0.7400923292415437,0.821231546549151,0.41111104510371804,0.2396310918512356,0.0009604759909639937,0.5484,0.0968,HIGH,DROP
03_Tracking_Error,median_fwhm,50,250,0.0,10.996826870462108,13.872515923880947,18.1167617605415,20.873709261923985,24.091600198074833,33.45250172050474,17.13866429282742,6.943645271313334,0.0,0.0,9.754176589826898,15.170280985099927,20.25196232679264,23.984070229040725,33.50375367601456,14.186541732383164,8.54436722925297,2.9464807754415734,0.61128,0.2225600000000001,HIGH,DROP
03_Tracking_Error,median_fwhm_ratio,50,250,0.0,1.0285739066511228,1.0777979815731036,1.0939211474924975,1.2183816607448104,1.4800502505281583,1.8102022127024129,1.0982793160730706,0.3657651689218124,0.0,0.0,1.0581664169190899,1.094523842267826,1.2733426797185756,1.4885998975383006,1.7525562917459065,0.9954365458918178,0.4865411966520906,-0.0006026947753285938,0.54576,0.09152000000000005,HIGH,DROP
03_Tracking_Error,median_hfr,50,250,0.0,6.189174169217299,7.300949006808273,9.536674762729946,10.474579824695828,12.087995649997143,13.380026277413027,8.777614817266409,3.1903000949567173,0.0,0.0,4.357133122199624,7.35212695433602,10.232061632670389,11.894755761253057,15.864725084215465,6.991743706795653,4.244333592104837,2.1845478083939263,0.6328,0.26560000000000006,HIGH,DROP
03_Tracking_Error,saturated_ratio,50,250,0.0,0.0,0.020071029663085938,0.020895957946777344,0.022112131118774414,0.02310781478881836,0.024580001831054688,0.016916236877441405,0.00846420197336354,0.0,0.0,0.0,0.02084636688232422,0.02278757095336914,0.024145507812499998,0.02796649932861328,0.013755374908447266,0.010854315404414542,4.9591064453125e-05,0.51316,0.0263199999999999,HIGH,DROP
03_Tracking_Error,sharpness,50,250,1083.2737183345016,3822.360272781327,19917.530649323235,52667.19552704664,60765.61560116273,68480.96898515872,70241.86734356498,42088.16876942046,23260.077954003456,41.67257490841439,423.7580096028367,2282.6570023463673,43578.62887199639,59355.925710356896,69704.22349018746,75195.36848251251,36069.51398609105,27071.013228511587,9088.56665505025,0.57128,0.14256000000000002,HIGH,DROP
03_Tracking_Error,star_count,50,250,0.0,1.0,35.25,69.5,159.5,250.50000000000003,560.0,108.22,118.0524103947056,0.0,0.0,2.25,51.0,200.5,328.4,822.0,123.996,163.90801073773056,18.5,0.53904,0.07807999999999993,HIGH,DROP
03_Tracking_Error,std_intensity,50,250,22.315198301528923,30.261169714840587,49.99617643276348,56.89373264388508,58.342314356930814,59.52656573307839,63.139064867306175,51.723132462145934,11.383438689383642,20.391957708997126,22.735515655041617,28.734448023276105,55.789464321838764,59.07633369998668,60.01392751987914,61.28315279664043,46.11932370764497,15.16438615511397,1.104268322046316,0.56976,0.1395200000000001,HIGH,DROP
03_Tracking_Error,streak_count,50,250,0.0,0.0,0.0,0.0,0.0,0.10000000000000142,1.0,0.1,0.3,0.0,0.0,0.0,0.0,0.0,1.0,1.0,0.192,0.3938730760029175,0.0,0.454,0.09199999999999997,LOW,DROP
03_Tracking_Error,valid_profile_count,50,250,0.0,1.0,35.25,69.5,159.5,250.50000000000003,560.0,108.22,118.0524103947056,0.0,0.0,2.25,51.0,200.5,328.4,822.0,123.988,163.90142115308214,18.5,0.53904,0.07807999999999993,HIGH,DROP
04_Over_Saturated,axis_aligned_line_ratio,50,250,0.0,0.0,0.0,0.0,0.8125,1.0,1.0,0.27086183294750177,0.43382275941805937,0.0,0.006953900179466104,0.009291018334911362,0.012200099492745762,0.014746152321314208,0.01862973320833267,1.0,0.02465907196386678,0.07563221180585449,-0.012200099492745762,0.42592,0.14815999999999996,LOW,DROP
04_Over_Saturated,background_mad,50,250,1.4826,2.9652,4.4478,5.9304,8.52495,41.21628000000002,56.3388,11.297412000000001,15.19759738802999,1.4826,16.16034,41.5128,56.3388,60.7866,62.2692,69.6822,48.54625439999999,17.668615398508187,-50.4084,0.0642,0.8716,LOW,CORE
04_Over_Saturated,background_median,50,250,1.0,3.0,5.0,7.0,14.25,80.90000000000003,115.0,19.54,30.514396602259726,3.0,27.900000000000002,80.5,112.0,123.0,127.0,133.0,96.196,36.208032037104694,-105.0,0.06016,0.87968,LOW,CORE
04_Over_Saturated,bright_area_ratio,50,250,0.0011835098266601562,0.0030850410461425786,0.011474847793579102,0.02411651611328125,0.027099609375,0.03161544799804688,0.03441619873046875,0.020343208312988283,0.010235123297868274,0.0,0.0,2.2172927856445312e-05,0.001990795135498047,0.008425474166870117,0.020470619201660153,0.047771453857421875,0.006211101531982422,0.009390090257724908,0.022125720977783203,0.85672,0.7134400000000001,HIGH,CORE
04_Over_Saturated,diagonal_line_ratio,50,250,0.0,0.0,0.0,0.0,0.9840217565642365,1.0,1.0,0.3962115378458448,0.4724056763051116,0.0,0.9388970271434726,0.9815999647283669,0.9850869925434963,0.9872756052604883,0.9895346940677571,1.0,0.9313616108635804,0.20511988377230164,-0.9850869925434963,0.26856,0.46287999999999996,LOW,DROP
04_Over_Saturated,elongated_angle_consistency,50,250,0.0,0.015947320591295125,0.1111111111111111,0.23414949249022504,0.470129680431814,0.6757128930813946,1.0,0.31621852970883935,0.27624753538933594,0.0,0.0,0.0,0.1056016440379087,0.5328510610789196,0.8662093493070937,1.0,0.2819887794207011,0.33748349456934995,0.12854784845231634,0.60916,0.21832000000000007,HIGH,DROP
04_Over_Saturated,elongated_angle_std,50,250,0.0,25.365143205443168,35.19754261486741,48.81638143688971,60.054403647364666,82.22676546783549,180.0,52.388594330581185,33.17208566417059,0.0,15.353595008070076,32.14480318970511,60.75975046362112,180.0,180.0,180.0,96.75252893221185,72.42654611927907,-11.943369026731403,0.39088,0.21824,LOW,DROP
04_Over_Saturated,elongated_star_count,50,250,1.0,2.0,7.5,12.0,16.0,21.200000000000003,61.0,13.36,10.483816099112003,0.0,0.0,0.0,3.0,14.0,25.0,253.0,9.988,19.977083270587826,9.0,0.6914,0.38280000000000003,HIGH,DROP
04_Over_Saturated,elongated_star_ratio,50,250,0.015503875968992248,0.028906810035842296,0.03431268615275884,0.04803255575493463,0.06045754248951765,0.095295124037639,0.6288659793814433,0.06526319299556808,0.08706991503792227,0.0,0.0,0.0,0.06213496122752021,0.14832735961768218,0.24186746987951802,1.0,0.10671695136410063,0.1550630858355821,-0.01410240547258558,0.46092,0.07816000000000001,LOW,DROP
04_Over_Saturated,line_angle_std,50,250,0.0,0.0,0.0,0.0,6.0714977524089075,15.060066848226027,25.759349708497364,4.051548947205938,6.476803198180133,0.0,4.759913974346506,5.293039328998917,5.632186882699645,6.0749658448596975,6.5975090628951385,26.91413592229214,6.120591755447127,3.5372393274289404,-5.632186882699645,0.28424,0.43152,LOW,DROP
04_Over_Saturated,long_line_count,50,250,0.0,0.0,0.0,2.0,4.0,1241.4,1315.0,197.28,449.3488640243791,0.0,606.6000000000001,1203.0,1214.0,1231.75,1261.2,1351.0,1109.168,343.49108252762545,-1212.0,0.15684,0.68632,LOW,SECONDARY
04_Over_Saturated,longest_line_ratio,50,250,0.0,0.0,0.0,0.21120829631357654,0.29589380443206603,0.9970703125,0.9990234375,0.28426385394058457,0.33017010851208517,0.0,0.9546875,0.99609375,0.9970703125,0.998779296875,0.9990234375,0.9990234375,0.9276702685758569,0.23161889659654855,-0.7858620161864235,0.12268,0.75464,LOW,CORE
04_Over_Saturated,max_aspect_ratio,50,250,1.5,2.0,2.5,2.8055555555555554,9.116666666666667,19.506666666666664,47.333333333333336,7.7283319624819615,9.948760795138933,0.0,0.0,1.2125,2.0,2.741071428571429,3.6666666666666665,20.11111111111111,2.04752708966565,1.8367883999164893,0.8055555555555554,0.78076,0.56152,HIGH,SECONDARY
04_Over_Saturated,max_streak_area_ratio,50,250,0.000301361083984375,0.0010016441345214843,0.0012421607971191406,0.003063201904296875,0.007987499237060547,0.015725374221801758,0.03710317611694336,0.006166257858276367,0.007663632960104504,6.628036499023438e-05,0.0001746177673339844,0.0010880231857299805,0.0056264400482177734,0.010846138000488281,0.028215837478637696,0.10162162780761719,0.010033695220947266,0.014623340850358445,-0.0025632381439208984,0.46012,0.07976000000000005,LOW,DROP
04_Over_Saturated,max_streak_aspect_ratio,50,250,1.8589742941339105,2.56169759801417,2.953846274026869,3.6897831894987947,6.416666666666667,17.253462026847963,20.271398307281057,6.418044805963142,5.520324322800919,1.5447455670105796,2.693310565059848,3.1928570624250066,3.8751734628615777,6.004098339758638,24.440099509168896,62.5983877688848,8.660821654788204,11.662720992146532,-0.18539027336278302,0.4706,0.05879999999999996,LOW,DROP
04_Over_Saturated,max_streak_length_ratio,50,250,0.02722255989113337,0.04129091055499955,0.049697538081139685,0.10098917007172659,0.2809934710273277,0.7052078549268892,0.7056898041396112,0.22237318306840112,0.24241604529149818,0.018023021069779755,0.027464404829916154,0.04229689326722633,0.10205762429161414,0.24488611312571895,0.7069569407107216,0.8338594662793013,0.20890555841166417,0.23745018888858657,-0.001068454219887549,0.52392,0.047840000000000105,HIGH,DROP
04_Over_Saturated,mean_aspect_ratio,50,250,1.0864135694928378,1.1121262333341544,1.119120530863164,1.1367329653270086,1.2376049737465151,1.293052312111945,1.748789068892162,1.188502054862878,0.11280087014908814,0.0,0.0,1.0669004470475059,1.1553044429763928,1.2220643644065867,1.324148407198679,4.0,0.9815667180970524,0.5229109007468717,-0.01857147764938416,0.53992,0.07983999999999991,HIGH,DROP
04_Over_Saturated,mean_circularity,50,250,0.6709022769469362,0.7767584458806351,0.7862714054150821,0.7995248380371158,0.8132410203684721,0.8263328744129186,0.8527548415371061,0.7986867226269594,0.026506245243175585,0.0,0.0,0.6264796246797902,0.7468449582592133,0.7853981633974483,0.8022719304167668,0.8982491906543908,0.6014607708447781,0.29968996633579037,0.05267987977790256,0.83888,0.6777599999999999,HIGH,SECONDARY
04_Over_Saturated,mean_fwhm,50,250,9.180154281742926,11.335256475961947,11.516373050582821,12.014071459274518,16.214819041453136,22.434968665805325,27.62154692613321,14.557059031539325,4.691062539012105,0.0,0.0,12.263872150811457,19.454628334550776,22.41603526245288,27.05911649984645,43.62471439793461,16.668576404671843,9.48701010488934,-7.440556875276258,0.34544,0.30911999999999995,LOW,DROP
04_Over_Saturated,mean_hfr,50,250,3.2862747601560907,4.925738384713585,5.0969985611053845,5.385334673053489,7.13825514802849,11.400688450077713,14.819032317322634,6.61546420652096,2.6279197604794873,0.0,0.0,6.547872223916814,9.99869826427459,11.642458893334782,13.442039549743722,24.124919184648697,8.651316212452684,4.914051174392126,-4.613363591221102,0.30144,0.39712000000000003,LOW,DROP
04_Over_Saturated,mean_hollowness,50,250,3.92156862538684e-09,0.0006788618415382601,0.00212192974546577,0.005439637439832876,0.020007176933561428,0.0384503163916875,0.1860747237921805,0.018155835992439803,0.033456017381384054,0.0,0.0,3.92156862538684e-09,0.00164247908701448,0.012819006039660649,0.055571094561502915,0.44699628566727,0.023456632315318235,0.06230375702293558,0.0037971583528183957,0.65352,0.30704,HIGH,DROP
04_Over_Saturated,mean_intensity,50,250,3.546128273010254,9.128763198852539,11.508308410644531,13.877592086791992,19.910489082336426,84.04596815109255,115.33540630340576,25.014837398529053,29.463129790274838,5.642786979675293,34.280475330352786,83.80672264099121,114.41216802597046,123.78139734268188,125.89803628921509,132.2888889312744,98.4814352798462,34.668985112591336,-100.53457593917847,0.06176,0.87648,LOW,CORE
04_Over_Saturated,mean_star_area,50,250,11.132621951219512,12.910560911481157,15.504166594216759,19.883071295993012,38.621702467903646,62.40422387136674,136.5,31.675183262134418,26.840052805378626,0.0,0.0,6.270833333333333,27.216938025210084,41.14811303719754,94.42870370370369,373.65625,38.05527983758947,49.19981336887237,-7.333866729217071,0.492,0.016000000000000014,LOW,DROP
04_Over_Saturated,median_eccentricity,50,250,0.302305751078444,0.36080586371832174,0.6431233644641244,0.7311782776582665,0.7531343914054669,0.7627006093729287,0.7661319269615441,0.6601313094125467,0.1444286551182296,0.0,0.0,0.30976747584387637,0.38043197834625203,0.495435499188771,0.6458013181180549,0.8335502407041915,0.3687141276181678,0.2172495551840604,0.35074629931201445,0.85552,0.7110399999999999,HIGH,CORE
04_Over_Saturated,median_fwhm,50,250,7.363554093554938,9.23663430979185,9.49787276066078,9.885951552559172,13.626670426343686,19.79572067931893,27.29595278115004,12.274662912195119,4.724775766836671,0.0,0.0,11.446191294189251,17.45564616210195,20.706823985834696,24.480129123429453,33.50375367601456,15.159342008509624,8.845900807167657,-7.569694609542777,0.31416,0.37168,LOW,DROP
04_Over_Saturated,median_fwhm_ratio,50,250,1.0490856564856768,1.0722634517377805,1.3060313990427759,1.4658855333590233,1.5200685748944858,1.5461890442580901,1.555977629024282,1.3928484648833115,0.1675068426020032,0.0,0.0,1.0517968897920134,1.0820376420097357,1.1512219773327323,1.3375255979279344,1.8102022127024129,0.9365227161297699,0.47426226963823426,0.38384789134928754,0.85168,0.70336,HIGH,CORE
04_Over_Saturated,median_hfr,50,250,2.100057142514251,3.855589202113936,4.156337970573728,4.523039672601524,5.457172264033932,9.946084596417064,13.746634795152868,5.4795227653828995,2.6021063415541095,0.0,0.0,6.054304429600247,8.828474434808594,10.460927811824424,12.228167784582254,15.864725084215465,7.651362117172354,4.294320358322137,-4.305434762207071,0.28872,0.42256000000000005,LOW,DROP
04_Over_Saturated,saturated_ratio,50,250,0.0,0.0,0.0,0.0,0.0037779808044433594,0.006642436981201193,0.021905899047851562,0.002933712005615234,0.00637196684932958,0.0,0.0,0.005076408386230469,0.021481037139892578,0.02289581298828125,0.024209308624267577,0.02796649932861328,0.0165518798828125,0.009735522873022744,-0.021481037139892578,0.16476,0.67048,LOW,SECONDARY
04_Over_Saturated,sharpness,50,250,41.67257490841439,217.4460189291611,375.523342737637,538.7222792014873,831.4564047387755,27017.11910609474,53958.95340286358,5825.738379712853,14242.531973037796,50.81089386586973,3079.2850955464087,23180.843625728667,52013.701270801306,62041.723855630524,69946.4522370569,75195.36848251251,43322.00006403256,23920.391996925217,-51474.97899159982,0.0792,0.8416,LOW,CORE
04_Over_Saturated,star_count,50,250,16.0,53.400000000000006,172.25,249.0,313.25,355.7,819.0,253.64,161.24028776952738,0.0,0.0,2.0,39.5,116.75,283.59999999999997,822.0,94.912,142.46335759064502,209.5,0.82464,0.6492800000000001,HIGH,SECONDARY
04_Over_Saturated,std_intensity,50,250,21.05043528284738,21.40994771377498,22.17195082173427,23.437877634067124,24.436543308547776,46.74058618612129,56.50651808873103,27.21113607178797,10.050358325647142,20.391957708997126,28.59946945784702,46.61692503168698,56.829962142199705,59.268655029113646,60.09957197672409,63.139064867306175,51.02172298571656,12.100260581526124,-33.392084508132584,0.0868,0.8264,LOW,CORE
04_Over_Saturated,streak_count,50,250,0.0,0.0,0.0,0.0,0.0,1.0,1.0,0.22,0.41424630354415964,0.0,0.0,0.0,0.0,0.0,1.0,1.0,0.168,0.3738662862575335,0.0,0.526,0.052000000000000046,HIGH,DROP
04_Over_Saturated,valid_profile_count,50,250,16.0,53.400000000000006,172.25,249.0,313.25,355.7,819.0,253.62,161.24253657146429,0.0,0.0,2.0,39.5,116.75,282.69999999999993,822.0,94.908,142.4580904547018,209.5,0.82464,0.6492800000000001,HIGH,SECONDARY
05_No_Star,axis_aligned_line_ratio,50,250,0.0041876046901172526,0.008298755186721992,0.00985626782473425,0.012269989963198395,0.014131338320864505,0.016285674004551772,0.018821603927986905,0.012051148970615749,0.0031242414815812695,0.0,0.0,0.008252553736289534,0.011911954935759335,0.015594124673828865,0.12674880763116053,1.0,0.07642120875924398,0.2297188841968099,0.0003580350274390593,0.51496,0.029919999999999947,HIGH,DROP
05_No_Star,background_mad,50,250,57.8214,57.8214,60.7866,62.2692,62.2692,65.2344,69.6822,61.765116,2.612238543499425,1.4826,5.9304,13.714049999999999,50.4084,57.8214,60.7866,66.717,38.4527136,22.308667173976463,11.860799999999998,0.90956,0.8191200000000001,HIGH,CORE
05_No_Star,background_median,50,250,105.0,121.9,123.25,125.0,127.0,127.1,132.0,124.92,3.8618130457079354,1.0,7.0,24.25,98.0,114.0,121.0,133.0,75.12,45.39032496028201,27.0,0.94492,0.88984,HIGH,CORE
05_No_Star,bright_area_ratio,50,250,0.0,0.0,0.0,0.0,0.0,8.869171142578129e-06,2.47955322265625e-05,2.899169921875e-06,6.54073203700287e-06,0.0,0.0001411437988281251,0.0013587474822998047,0.004925251007080078,0.01972174644470215,0.026020717620849607,0.047771453857421875,0.010279163360595703,0.011171890723390083,-0.004925251007080078,0.02044,0.95912,LOW,CORE
05_No_Star,diagonal_line_ratio,50,250,0.9746317512274959,0.9804588263704419,0.9826946056674633,0.9856759257396865,0.9875518672199171,0.9884531736206378,0.9932998324958124,0.9850600342122118,0.003637800627354081,0.0,0.0,0.9729624704127324,0.9839485942781763,0.9868663917792841,0.9907107983254216,1.0,0.8135919115903071,0.35991062575363647,0.001727331461510273,0.61212,0.22424,HIGH,DROP
05_No_Star,elongated_angle_consistency,50,250,0.0,0.0,0.0,0.0,0.0,0.0,0.0,0.0,0.0,0.0,0.0,6.123233995736766e-17,0.2853790760907519,0.5858857134021943,0.9050016381828906,1.0,0.34523248536246903,0.3308907429112371,-0.2853790760907519,0.112,0.776,LOW,CORE
05_No_Star,elongated_angle_std,50,250,180.0,180.0,180.0,180.0,180.0,180.0,180.0,180.0,0.0,0.0,12.799985200862201,29.623519170616284,45.36757294470186,90.0,180.0,180.0,71.23024779832808,61.821506393684565,134.63242705529814,0.888,0.776,HIGH,CORE
05_No_Star,elongated_star_count,50,250,0.0,0.0,0.0,0.0,0.0,0.0,0.0,0.0,0.0,0.0,0.0,2.0,9.0,17.0,28.0,253.0,12.66,19.90598904852507,-9.0,0.06,0.88,LOW,CORE
05_No_Star,elongated_star_ratio,50,250,0.0,0.0,0.0,0.0,0.0,0.0,0.0,0.0,0.0,0.0,0.0,0.03847113328581611,0.06620530565167243,0.1516304347826087,0.25,1.0,0.11976958996321424,0.15315483835087287,-0.06620530565167243,0.06,0.88,LOW,CORE
05_No_Star,line_angle_std,50,250,4.511947406044641,5.009583914072461,5.321244536107819,5.796352919818004,6.037811446874384,6.202334411560601,6.7545296605271865,5.673851265175813,0.4907786554525036,0.0,0.0,4.806959443382956,5.523984270343539,6.090623822976448,8.149970484254828,26.91413592229214,5.796131291853152,4.64377894373466,0.2723686494744646,0.56552,0.13104000000000005,HIGH,DROP
05_No_Star,long_line_count,50,250,1192.0,1197.7,1204.25,1210.0,1218.75,1225.3,1245.0,1211.8,11.324310133513652,0.0,0.0,206.5,1211.5,1233.0,1265.0,1351.0,906.264,530.4475490602251,-1.5,0.5118,0.023600000000000065,HIGH,DROP
05_No_Star,longest_line_ratio,50,250,0.9677734374999999,0.99697265625,0.9970703125,0.998046875,0.9990234375,0.9990234375,0.9990234375,0.99720703125,0.005032888962959216,0.0,0.0,0.8035625394401223,0.9970703125,0.998046875,0.9990234375,0.9990234375,0.7850816331139738,0.37005469733616103,0.0009765625,0.74332,0.48663999999999996,HIGH,DROP
05_No_Star,max_aspect_ratio,50,250,0.0,0.0,0.0,0.0,0.0,1.0,1.3333333333333333,0.21166666666666664,0.42661783574737905,0.0,1.3933333333333333,1.75,2.3333333333333335,3.1812500000000004,4.699999999999998,47.333333333333336,3.5508601488287095,5.162671901019303,-2.3333333333333335,0.02208,0.95584,LOW,CORE
05_No_Star,max_streak_area_ratio,50,250,6.628036499023438e-05,8.525848388671876e-05,0.00011396408081054688,0.00017714500427246094,0.006191253662109375,0.05549440383911134,0.10162162780761719,0.014039783477783204,0.02583512227609436,0.00014019012451171875,0.0008808612823486328,0.001562356948852539,0.006158590316772461,0.010286450386047363,0.0187288761138916,0.05600452423095703,0.008458990097045899,0.009455136834035576,-0.0059814453125,0.28776,0.42447999999999997,LOW,DROP
05_No_Star,max_streak_aspect_ratio,50,250,2.9035712432355973,3.309374626063645,3.5,3.869679042012709,4.224711933642233,4.670754716498602,5.777777690809241,3.9346795441475084,0.5997957584865053,1.5447455670105796,2.4992063726898808,3.000000058981503,3.8517282025949253,9.833071946692474,24.440099509168896,62.5983877688848,9.157494707151331,11.761545294043822,0.017950839417783637,0.48032,0.03935999999999995,LOW,DROP
05_No_Star,max_streak_length_ratio,50,250,0.018023021069779755,0.020486011247113932,0.02419270197702615,0.033189617189985615,0.13598724926230893,0.2606243079664432,0.4231788463683609,0.09713308628112717,0.10896271627172716,0.021076067653102055,0.03834011644084954,0.055664073812741605,0.11281537029799696,0.30032050373623337,0.7069569407107216,0.8338594662793013,0.23395357776911896,0.2503425259569975,-0.07962575310801134,0.25696,0.48607999999999996,LOW,DROP
05_No_Star,mean_aspect_ratio,50,250,0.0,0.0,0.0,0.0,0.0,1.0,1.3333333333333333,0.20916666666666664,0.42085313484767,0.0,1.1009405714364675,1.1288458394785827,1.1641514905850303,1.2408101678230152,1.3368084128295683,4.0,1.1774337957362948,0.30238603123585,-1.1641514905850303,0.04116,0.91768,LOW,CORE
05_No_Star,mean_circularity,50,250,0.0,0.0,0.0,0.0,0.0,0.7853981633974483,0.8982491906543908,0.1595546006931426,0.319544543634626,0.0,0.6319695888224538,0.7167063139251776,0.7736683866613512,0.7979440451353488,0.8112575061289217,0.8527548415371061,0.7292871952315415,0.14804275346179033,-0.7736683866613512,0.14704,0.70592,LOW,CORE
05_No_Star,mean_fwhm,50,250,0.0,0.0,0.0,0.0,0.0,11.98494091324692,15.555983187030062,2.4696076594725245,4.967643449307957,0.0,11.501552800325307,15.024853378751214,19.757424361544025,22.685046547903564,27.46492562868547,43.62471439793461,19.086066679085203,6.647885167665128,-19.757424361544025,0.04408,0.91184,LOW,CORE
05_No_Star,mean_hfr,50,250,0.0,0.0,0.0,0.0,0.0,6.856588389223488,8.832607888290575,1.3997511657005095,2.8178034122516813,0.0,5.217541344380508,7.1805423012483995,10.262598825720262,11.722224205581085,13.447320472816951,24.124919184648697,9.694458820616775,3.628338632985791,-10.262598825720262,0.06088,0.87824,LOW,CORE
05_No_Star,mean_hollowness,50,250,0.0,0.0,0.0,0.0,0.0,3.92156862538684e-09,3.92156862538684e-09,7.84313725077368e-10,1.568627450154736e-09,0.0,3.92156862538684e-09,5.9337260288400186e-05,0.004145495991653188,0.019707642363977398,0.06556318544389038,0.44699628566727,0.02708779935694345,0.06315069881377854,-0.004145495991653188,0.0392,0.9216,LOW,CORE
05_No_Star,mean_intensity,50,250,110.84373664855957,123.62809715270996,124.26490020751953,125.21885681152344,126.31077527999878,127.9602972984314,131.3429536819458,125.3440643119812,2.827086167935238,3.546128273010254,13.03135986328125,30.19192862510681,101.7726378440857,115.8893735408783,122.55112895965576,132.2888889312744,78.41558989715575,43.66308659646018,23.446218967437744,0.94928,0.89856,HIGH,CORE
05_No_Star,mean_star_area,50,250,0.0,0.0,0.0,0.0,0.0,4.200000000000003,14.5,1.195,2.7528576061976033,0.0,11.497183098591549,19.437428706938988,30.313480392156862,44.49050881216803,103.22019056261342,373.65625,44.151316490016356,47.56497761068105,-30.313480392156862,0.02452,0.95096,LOW,CORE
05_No_Star,median_eccentricity,50,250,0.0,0.0,0.0,0.0,0.0,0.36879280615139587,0.49633055693229816,0.0709148932470944,0.15119727611855513,0.0,0.3227736194446082,0.36227454637894,0.44754423245028435,0.6441860515826295,0.7429155181781474,0.8335502407041915,0.48655741085125837,0.17932666231721317,-0.44754423245028435,0.07368,0.8526400000000001,LOW,CORE
05_No_Star,median_fwhm,50,250,0.0,0.0,0.0,0.0,0.0,11.98494091324692,15.555983187030062,2.4696076594725245,4.967643449307957,0.0,9.725475463751433,12.11830183919642,17.70796926579775,21.012637508067115,24.85462694969709,33.50375367601456,17.120353059054143,6.587260796362553,-17.70796926579775,0.06496,0.87008,LOW,CORE
05_No_Star,median_fwhm_ratio,50,250,0.0,0.0,0.0,0.0,0.0,1.077115369871112,1.1518964126743672,0.21639985169070697,0.43336719367282783,0.0,1.0565507851999025,1.0730650735370513,1.1184766047881107,1.3165928514608192,1.5034118654357558,1.8102022127024129,1.1718124387682907,0.27485447093677595,-1.1184766047881107,0.074,0.852,LOW,CORE
05_No_Star,median_hfr,50,250,0.0,0.0,0.0,0.0,0.0,6.856588389223488,8.832607888290575,1.3997511657005095,2.8178034122516813,0.0,4.232291476042744,6.054304429600247,9.06844939284699,10.556222270512615,12.270385034709602,15.864725084215465,8.467316437108831,3.2662583321734453,-9.06844939284699,0.08072,0.83856,LOW,CORE
05_No_Star,saturated_ratio,50,250,0.020389556884765625,0.0210693359375,0.02288818359375,0.02373504638671875,0.025115251541137695,0.02712278366088867,0.02796649932861328,0.02395038604736328,0.0020159002305058064,0.0,0.0,0.0,0.02036142349243164,0.021836042404174805,0.022951507568359373,0.02590465545654297,0.012348545074462891,0.010514909615917402,0.0033736228942871094,0.8926,0.7851999999999999,HIGH,CORE
05_No_Star,sharpness,50,250,37366.06401822009,45114.66439866513,61069.22636782884,69302.88746777427,71517.53949578709,72196.83052877849,75195.36848251251,64670.471744667266,10006.73682767304,41.67257490841439,423.7580096028367,2068.9266277786905,35661.94740068937,55001.37803307369,62123.74203688474,71546.24025432761,31553.053391041685,25382.326803266566,33640.9400670849,0.89904,0.7980799999999999,HIGH,CORE
05_No_Star,star_count,50,250,0.0,0.0,0.0,0.0,0.0,1.0,2.0,0.26,0.5589275444992848,0.0,5.0,29.0,82.5,217.75,347.79999999999995,822.0,145.588,161.7853215097093,-82.5,0.02332,0.95336,LOW,CORE
05_No_Star,std_intensity,50,250,58.80869860954206,59.334869578248046,59.486264671599635,59.91111674071469,60.22688207243006,60.61240767337303,61.28315279664043,59.926648833688304,0.5506910977886207,20.391957708997126,22.733860437872117,26.959714244940404,53.260981331063455,57.27398763415807,58.98833910518586,63.139064867306175,44.478620433336495,14.875304112964919,6.650135409651234,0.95984,0.91968,HIGH,CORE
05_No_Star,streak_count,50,250,0.0,0.0,0.0,0.0,0.0,0.0,0.0,0.0,0.0,0.0,0.0,0.0,0.0,0.0,1.0,1.0,0.212,0.40872484632084705,0.0,0.394,0.21199999999999997,LOW,DROP
05_No_Star,valid_profile_count,50,250,0.0,0.0,0.0,0.0,0.0,1.0,2.0,0.26,0.5589275444992848,0.0,5.0,29.0,82.5,217.75,347.79999999999995,822.0,145.58,161.77971319049865,-82.5,0.02332,0.95336,LOW,CORE
06_Satellite,axis_aligned_line_ratio,50,250,0.0,0.007506919154127357,0.009719098150255366,0.012755254116040364,0.0154945846581876,0.019672385227940785,0.15966386554621848,0.018706908207926424,0.02743241467811811,0.0,0.0,0.008298755186721992,0.011666699074164094,0.015164848974880345,0.08916880616174562,1.0,0.07509005691178185,0.22974540542772934,0.0010885550418762695,0.56252,0.12504000000000004,HIGH,DROP
06_Satellite,background_mad,50,250,5.9304,19.125539999999997,51.891,56.3388,58.93335,59.303999999999995,63.751799999999996,49.756056,15.19837839634426,1.4826,5.9304,15.196649999999998,53.373599999999996,60.7866,62.2692,69.6822,40.854525599999995,23.02639916077684,2.965200000000003,0.54696,0.09392,HIGH,DROP
06_Satellite,background_median,50,250,9.0,38.6,102.75,112.0,115.0,125.0,133.0,99.62,31.67515745817217,1.0,7.0,26.25,105.0,121.0,126.1,132.0,80.18,47.042062029634714,7.0,0.572,0.1439999999999999,HIGH,DROP
06_Satellite,bright_area_ratio,50,250,0.00015926361083984375,0.0006859779357910156,0.0014979839324951172,0.003231048583984375,0.007452726364135742,0.020195007324218753,0.031165122985839844,0.006537246704101563,0.007593469361705446,0.0,0.0,2.2172927856445312e-05,0.0029802322387695312,0.015924453735351562,0.02592811584472656,0.047771453857421875,0.008972293853759765,0.011396974189878225,0.00025081634521484375,0.5428,0.0855999999999999,HIGH,DROP
06_Satellite,diagonal_line_ratio,50,250,0.7983193277310925,0.9768241943241943,0.9812653231584274,0.9847883942309319,0.987351427816169,0.9903277286692983,1.0,0.9769947969231203,0.034983559715274136,0.0,0.0,0.9771292910982754,0.9843923997772829,0.9869627069068669,0.9900808098268206,1.0,0.8152049590481254,0.36032082407898913,0.00039599445364901786,0.54916,0.09831999999999996,HIGH,DROP
06_Satellite,elongated_angle_consistency,50,250,0.0,0.0,0.02777777777777782,0.5150755352837584,0.8351238070917482,0.9995498771329566,1.0,0.4711666038881123,0.3666800757668731,0.0,0.0,0.0,0.1111111111111111,0.45073524911782104,0.7379102982251566,1.0,0.25099916458484656,0.30721836330993546,0.4039644241726473,0.68292,0.36583999999999994,HIGH,DROP
06_Satellite,elongated_angle_std,50,250,0.0,0.8315680413147196,17.11029040528028,33.00384431030804,82.51360091184117,180.0,180.0,56.91409771734721,58.801719601282095,0.0,22.33544344941005,36.16619145490944,60.054403647364666,180.0,180.0,180.0,95.84742825485866,69.63868179191662,-27.050559337056626,0.31696,0.36607999999999996,LOW,DROP
06_Satellite,elongated_star_count,50,250,0.0,1.0,2.0,5.0,15.75,28.500000000000007,44.0,10.12,11.224330715013703,0.0,0.0,0.0,5.0,15.0,24.0,253.0,10.636,19.942906107185085,0.0,0.56128,0.12256,HIGH,DROP
06_Satellite,elongated_star_ratio,50,250,0.0,0.014910248986682108,0.049901410586986196,0.08535696940262263,0.1624337221633086,0.23269230769230773,0.3684210526315789,0.11180196139143721,0.08784433833229255,0.0,0.0,0.0,0.049804177545691906,0.11069651741293532,0.21787439613526566,1.0,0.0974091976849268,0.15578621931035874,0.03555279185693073,0.63912,0.27824000000000004,HIGH,DROP
06_Satellite,line_angle_std,50,250,1.9862004435834688,4.804999186976855,5.381293778158437,5.795819097393009,6.14887289944956,6.6464895747968145,21.196401796298655,6.304108651382953,3.1052981433073534,0.0,0.0,4.861177052468096,5.527566997720632,6.028431046544866,6.764718191623146,26.91413592229214,5.670079814611724,4.429421362971517,0.2682520996723774,0.59144,0.18287999999999993,HIGH,DROP
06_Satellite,long_line_count,50,250,7.0,1190.7,1205.0,1213.5,1232.75,1258.3,1321.0,1142.02,289.77263431870165,0.0,0.0,571.5,1210.0,1227.5,1253.7,1351.0,920.22,521.5037062188533,3.5,0.58028,0.16056000000000004,HIGH,DROP
06_Satellite,longest_line_ratio,50,250,0.18031400841886933,0.9857421874999999,0.9951171875,0.9970703125,0.998046875,0.9990234375,0.9990234375,0.9675195551793341,0.12764495181988247,0.0,0.0,0.9169921874999999,0.9970703125,0.998046875,0.9990234375,0.9990234375,0.791019128328107,0.368774134458683,0.0,0.55612,0.1122399999999999,HIGH,DROP
06_Satellite,max_aspect_ratio,50,250,1.1428571428571428,1.4928571428571429,1.8033898305084746,2.2945205479452055,3.4534789644012944,4.180000000000002,20.11111111111111,3.0973013934941958,2.862338860466639,0.0,0.0,1.25,2.0,3.0,4.024999999999999,47.333333333333336,2.973733203463204,5.1871773600861175,0.29452054794520555,0.60976,0.21951999999999994,HIGH,DROP
06_Satellite,max_streak_area_ratio,50,250,0.0010857582092285156,0.005530023574829102,0.007403135299682617,0.008327960968017578,0.015052437782287598,0.019165706634521485,0.026122093200683594,0.010841379165649414,0.005641562750944757,6.628036499023438e-05,0.0001746177673339844,0.000991225242614746,0.0029573440551757812,0.009191632270812988,0.03068275451660156,0.10162162780761719,0.009098670959472656,0.014873115978537152,0.005370616912841797,0.72464,0.4492799999999999,HIGH,DROP
06_Satellite,max_streak_aspect_ratio,50,250,2.166666873991181,4.922900030938074,12.054404218449724,23.77319470680805,38.206057904736035,51.09906976253496,62.5983877688848,25.65135275697962,16.533453591108,1.5447455670105796,2.556027713224952,3.000000058981503,3.6666666666666665,4.666666627176285,6.751552640868897,34.54166637310679,4.814160064584908,3.989538108458864,20.10652804014138,0.90504,0.8100799999999999,HIGH,CORE
06_Satellite,max_streak_length_ratio,50,250,0.12403881790700091,0.13976031732735877,0.4194466481023121,0.7070632856388843,0.7593269582992119,0.8088078599984989,0.8338594662793013,0.5771020924671634,0.24403139164150803,0.018023021069779755,0.02737395663934056,0.04013765621736358,0.08522062212437602,0.16817993938559705,0.3021699337906717,0.7056898041396112,0.13795977653191172,0.15528898822207005,0.6218426635145083,0.93056,0.8611200000000001,HIGH,CORE
06_Satellite,mean_aspect_ratio,50,250,1.0507936507936508,1.105403174320372,1.1344030962453349,1.1692522240232712,1.2694121472268567,1.3492408231357331,1.715019080976528,1.2157031401510645,0.12931840481353998,0.0,0.0,1.0728021978021978,1.1453620289325026,1.2141395391080558,1.3075007502785279,4.0,0.9761265010394152,0.5198142411947476,0.023890195090768618,0.62728,0.2545599999999999,HIGH,DROP
06_Satellite,mean_circularity,50,250,0.5387408959826636,0.7031461759862531,0.7451897235125332,0.7646644295105212,0.7938389986294607,0.805169456869308,0.8206685735066227,0.7543231380831708,0.05724335305190743,0.0,0.0,0.6331745042358649,0.7669070913334375,0.7956677562711584,0.8108138659338371,0.8982491906543908,0.610333487753536,0.30385315742705366,-0.0022426618229163253,0.56232,0.12464000000000008,HIGH,DROP
06_Satellite,mean_fwhm,50,250,12.920043152008,16.544500519207606,19.050995033847755,21.200910861255103,22.985726254928217,29.303218003155695,43.62471439793461,22.283949133226397,6.008727958875591,0.0,0.0,11.400202160456363,17.012865589842928,21.371908957210643,25.322874298537954,32.052731109708176,15.12319838433443,8.90958122832098,4.188045271412175,0.7196,0.43920000000000003,HIGH,DROP
06_Satellite,mean_hfr,50,250,6.128044224308536,8.913862571831654,10.426675786551524,11.611816873427891,12.780443281897195,15.984195453042478,24.124919184648697,12.076004028700297,3.5427183686003256,0.0,0.0,5.131620740073559,8.472105103012074,11.166091380140383,12.775890264705664,17.979065837270877,7.559208248016818,4.5066020741220045,3.1397117704158166,0.7712,0.5424,HIGH,DROP
06_Satellite,mean_hollowness,50,250,3.92156862538684e-09,3.92156862538684e-09,3.92156862538684e-09,0.002057491435559051,0.006019575149766445,0.013232588063634495,0.07043985070435067,0.0058892652816835,0.01135279913621806,0.0,0.0,3.92156862538684e-09,0.0025204452866150794,0.018236212794306733,0.06317103702323063,0.44699628566727,0.025909946457469496,0.06338549053596247,-0.0004629538510560285,0.48204,0.03591999999999995,LOW,DROP
06_Satellite,mean_intensity,50,250,16.571093559265137,42.59996089935303,105.8178288936615,114.02853679656982,116.51867389678955,125.00011262893676,132.2888889312744,101.77673498153686,30.250469496693814,3.546128273010254,13.03135986328125,34.159454107284546,107.728036403656,122.76492118835449,125.65404567718505,131.3429536819458,83.12905576324462,45.101401255340015,6.300500392913818,0.56824,0.13647999999999993,HIGH,DROP
06_Satellite,mean_star_area,50,250,17.61527377521614,22.69837475762383,25.155113636363637,35.46910071942446,44.95418060200669,103.24517027863777,373.65625,51.047261301425124,55.797688327586044,0.0,0.0,6.270833333333333,21.887503932054106,38.93254300247641,90.53249371408046,304.4,34.18086422973133,43.604984022462055,13.581596787370355,0.68552,0.37104000000000004,HIGH,DROP
06_Satellite,median_eccentricity,50,250,0.29854571717361217,0.3263241341579721,0.36068974364475115,0.3986036965921934,0.4619156019310863,0.6888466539399982,0.7934697652075724,0.44166781905162705,0.12980696596787017,0.0,0.0,0.31663986630469976,0.40999936475847665,0.618462777023824,0.7420231545985201,0.8335502407041915,0.41240682569035175,0.24901931956011433,-0.011395668166283235,0.49224,0.015519999999999978,LOW,DROP
06_Satellite,median_fwhm,50,250,10.015157393954158,13.433054775212842,17.04534697215575,18.524092903383814,20.89873179964813,23.84167201841437,28.66716242538805,18.783394170335942,4.119632974842004,0.0,0.0,9.549097923087796,13.712167098037277,20.141361649563574,24.09160019807483,33.50375367601456,13.857595756881459,8.755761971977819,4.811925805346537,0.6828,0.3655999999999999,HIGH,DROP
06_Satellite,median_fwhm_ratio,50,250,1.0477838309960854,1.0579134005569706,1.0722021351038713,1.0903666401357088,1.1275169912427416,1.379520842188472,1.6432035114876358,1.1438528809820159,0.1308282783257683,0.0,0.0,1.0542495612815694,1.096388272774144,1.2837114579972315,1.493920691878746,1.8102022127024129,0.9863218329100288,0.5076245930760654,-0.006021632638435248,0.48992,0.020159999999999956,LOW,DROP
06_Satellite,median_hfr,50,250,4.62556910775725,6.54081850758935,9.145598050103906,10.229472864292013,11.481351984156058,12.792446588550199,15.647176004112014,10.000347923127599,2.3542260946042335,0.0,0.0,4.176131972839517,6.971024306696016,10.029283653717831,11.624099781170925,15.864725084215465,6.747197085623415,4.208232252140156,3.2584485575959974,0.73336,0.46672,HIGH,DROP
06_Satellite,saturated_ratio,50,250,0.0,0.0,0.0206758975982666,0.021606922149658203,0.022530078887939453,0.023617649078369142,0.024593353271484375,0.017256393432617187,0.009213658819450979,0.0,0.0,0.0,0.020650386810302734,0.022587299346923828,0.02413330078125,0.02796649932861328,0.013687343597412109,0.010710208187343934,0.0009565353393554688,0.5682,0.13640000000000008,HIGH,DROP
06_Satellite,sharpness,50,250,652.0761847704271,5599.433861107316,36577.7626133248,51476.65698754031,56438.01193246614,61496.469544258805,70017.13825734082,43733.717529230125,19072.89765479075,41.67257490841439,423.7580096028367,2456.881474782044,44380.183665204364,61192.50019661166,69870.47568766204,75195.36848251251,35740.404234129106,27634.75062624408,7096.4733223359435,0.5552,0.11040000000000005,HIGH,DROP
06_Satellite,star_count,50,250,5.0,16.0,32.75,63.0,143.5,206.0,822.0,105.64,130.5581494966898,0.0,0.0,2.0,54.5,208.75,332.79999999999995,819.0,124.512,161.94488524186247,8.5,0.55304,0.10607999999999995,HIGH,DROP
06_Satellite,std_intensity,50,250,22.901833730442135,28.791070134451,53.50187795168408,56.56760116203764,57.41398898332207,58.702672390496225,59.7141850110734,51.83494494412263,10.429168344559997,20.391957708997126,22.733860437872117,28.969465481913755,55.51733639066401,59.17977668914361,60.09957197672409,63.139064867306175,46.09696121124963,15.29274342539472,1.0502647713736266,0.52056,0.041120000000000045,HIGH,DROP
06_Satellite,streak_count,50,250,0.0,0.0,0.25,1.0,1.0,1.0,1.0,0.74,0.4386342439892262,0.0,0.0,0.0,0.0,0.0,0.0,1.0,0.064,0.24475293665245365,1.0,0.838,0.6759999999999999,HIGH,SECONDARY
06_Satellite,valid_profile_count,50,250,5.0,16.0,32.75,63.0,143.5,206.0,822.0,105.62,130.531052244284,0.0,0.0,2.0,54.5,208.75,332.79999999999995,819.0,124.508,161.94214379215808,8.5,0.55304,0.10607999999999995,HIGH,DROP
