class,feature,n,min,p10,p25,p50,p75,p90,max,mean,std
01_Good,axis_aligned_line_ratio,50,0.006589785831960461,0.008087834133199759,0.009752254537424426,0.011174209247291966,0.012481992569565548,0.01390033786343045,0.02044153720359771,0.011281454417239021,0.0027395179750992135
01_Good,background_mad,50,17.7912,25.05594,38.547599999999996,56.3388,60.7866,62.2692,65.2344,49.22231999999999,14.619969643689416
01_Good,background_median,50,31.0,48.6,72.25,110.0,119.75,124.1,131.0,97.08,30.604470261711768
01_Good,bright_area_ratio,50,1.430511474609375e-05,0.000185394287109375,0.0007777214050292969,0.002200603485107422,0.012392282485961914,0.023450279235839845,0.032418251037597656,0.007498683929443359,0.00923247394250276
01_Good,diagonal_line_ratio,50,0.9721995094031071,0.9834031156974578,0.9844612499576687,0.9857842894456166,0.9874962907938978,0.9893357767142379,0.9925311203319502,0.985776306317375,0.003253290458162207
01_Good,elongated_angle_consistency,50,0.0,0.0,0.0,0.1478481410631624,0.42464313004594756,0.6902242811127999,1.0,0.2514443632295052,0.299260233761176
01_Good,elongated_angle_std,50,0.0,24.663491889588855,37.4949770941196,56.10308939536763,180.0,180.0,180.0,89.54145987701163,67.341522318369
01_Good,elongated_star_count,50,0.0,0.0,1.0,3.5,19.0,29.1,41.0,9.96,11.44370569352428
01_Good,elongated_star_ratio,50,0.0,0.0,0.035121328224776496,0.05839291794347974,0.09880952380952382,0.18875000000000003,1.0,0.1133010029093035,0.1981591657522585
01_Good,line_angle_std,50,4.591307409858356,5.053888734798303,5.32112824001833,5.515128891502924,5.744107046125025,6.039670205857722,7.623962800527149,5.561327317474655,0.4919233169201035
01_Good,long_line_count,50,1195.0,1201.8,1208.0,1218.5,1233.75,1271.2,1351.0,1229.86,35.23635054882954
01_Good,longest_line_ratio,50,0.9726562499999999,0.9920898437499999,0.99609375,0.9970703125,0.998046875,0.9990234375,0.9990234375,0.99609375,0.004780171191609561
01_Good,max_aspect_ratio,50,1.1,1.325,1.6166666666666667,2.1714285714285717,3.0,3.516666666666667,4.666666666666667,2.312857142857143,0.8812916978443304
01_Good,max_streak_area_ratio,50,0.00014019012451171875,0.0008723258972167969,0.0014951229095458984,0.003827810287475586,0.013818740844726562,0.03227276802062989,0.05600452423095703,0.01125560760498047,0.014157837961418765
01_Good,max_streak_aspect_ratio,50,1.5447455670105796,2.693310565059848,2.9697087794658152,3.2486560775504145,3.8544355298688915,4.7162228325337505,6.076923076923077,3.5144638823556056,0.8961181110501141
01_Good,max_streak_length_ratio,50,0.025919882463180624,0.03736517606793114,0.04328881144439613,0.09993298058475572,0.1432556787538991,0.26248564766659954,0.5434502312439579,0.1189402592732035,0.100381327648473
01_Good,mean_aspect_ratio,50,1.025,1.098137808483077,1.1249921972534334,1.1515541035084587,1.1831930014430014,1.2467640692640694,1.6666666666666667,1.1732670659061168,0.10250679298268546
01_Good,mean_circularity,50,0.6981317007977318,0.7421614426933775,0.7674611844450305,0.7877644409850854,0.7996751075909777,0.8046181751049073,0.8291420057483849,0.7802962472047743,0.026164055037746114
01_Good,mean_fwhm,50,12.267666071933633,16.74896826011668,18.94813312473451,20.638451329439437,21.669854817232828,23.13115345921128,26.365451584035668,20.32491837451584,2.5141888468407307
01_Good,mean_hfr,50,6.367039698691947,8.831167629249387,10.04231818732033,10.9884632588543,11.48016511935531,12.375965276774158,14.218188253129952,10.701339697343451,1.46989131976528
01_Good,mean_hollowness,50,3.92156862538684e-09,3.92156862538684e-09,3.92156862538684e-09,0.004880065017786364,0.011311932389410794,0.03222584240580345,0.05604245981173756,0.009895282861194349,0.013657833726494203
01_Good,mean_intensity,50,36.59218883514404,53.09723482131958,76.05976891517639,112.86551856994629,122.45696926116943,124.63222827911378,129.6940803527832,99.62710819244384,28.91323901773065
01_Good,mean_star_area,50,8.0,19.964285714285715,27.64032258064516,32.18374316939891,40.841014040145204,48.426213946695874,61.293103448275865,33.53466675627526,10.8275908713363
01_Good,median_eccentricity,50,0.27117165145140565,0.3263374132126976,0.348900226721258,0.36816300753722386,0.4442946040461282,0.5270914483324807,0.6128029873567216,0.4002644312416434,0.07786109894061931
01_Good,median_fwhm,50,12.251657000662487,15.59057823931812,17.324463289934595,18.531674543614145,20.856698690146345,22.91508028775154,25.366975686825903,18.842775085681595,2.9803264535559744
01_Good,median_fwhm_ratio,50,1.0389275720775777,1.0579207977651168,1.06708221404795,1.0776942634162463,1.1163534405594862,1.1767361067117301,1.2654455193670937,1.0985578038873152,0.04796430577940028
01_Good,median_hfr,50,6.049485362023873,7.634046079831503,8.778380602901024,9.88101005231583,10.802992142924678,11.724290459867682,13.78863487901468,9.804117539727732,1.7548491023301829
01_Good,saturated_ratio,50,0.0,0.0,0.0,0.02121114730834961,0.022716283798217773,0.024025821685791017,0.02590465545654297,0.015224857330322266,0.01051157610832354
01_Good,sharpness,50,4520.957003521173,10024.910535080015,17794.20228797837,50840.19299596723,61753.83270462561,68749.2080163764,71546.24025432761,42724.16726681142,22296.46824170288
01_Good,star_count,50,1.0,5.800000000000001,16.5,64.0,246.75,485.50000000000006,788.0,164.8,206.8054157898192
01_Good,std_intensity,50,28.6776061170308,34.543694386535705,42.96122768207007,56.8660633477098,58.79719933482609,59.909774053701575,60.99954319504966,51.35748143833329,10.063088488337451
01_Good,streak_count,50,0.0,0.0,0.0,0.0,0.0,0.0,0.0,0.0,0.0
01_Good,valid_profile_count,50,1.0,5.800000000000001,16.5,64.0,246.75,485.50000000000006,788.0,164.8,206.8054157898192
02_Out_of_Focus,axis_aligned_line_ratio,50,0.0,0.0,0.009994425288269534,0.014281685778993605,0.01774966899943257,0.15632821326926105,1.0,0.06051685168771598,0.15392132258392974
02_Out_of_Focus,background_mad,50,1.4826,7.26474,11.8608,36.323699999999995,51.891,57.96966,62.2692,32.379984,20.52072653161539
02_Out_of_Focus,background_median,50,3.0,10.8,22.25,71.0,103.5,110.30000000000001,123.0,62.18,40.93785045651518
02_Out_of_Focus,bright_area_ratio,50,0.0,8.58306884765625e-06,9.655952453613281e-05,0.007927417755126953,0.012548208236694336,0.034276962280273444,0.047771453857421875,0.011413040161132813,0.013936611210620035
02_Out_of_Focus,diagonal_line_ratio,50,0.0,0.0,0.7830882352941176,0.9812916716332364,0.98434260986733,0.9861143747006539,0.9907640638119227,0.7531748118537129,0.38424791801358166
02_Out_of_Focus,elongated_angle_consistency,50,0.0,0.0,0.0,0.30439426761293464,0.5275872780801776,0.7503351624754026,0.9805806781518089,0.31081208219600903,0.29892942112454307
02_Out_of_Focus,elongated_angle_std,50,5.67349076218429,21.713324678489805,32.397277695039534,44.21804837302203,180.0,180.0,180.0,81.12345873153232,66.40321090432938
02_Out_of_Focus,elongated_star_count,50,0.0,0.0,1.0,9.5,20.0,27.1,76.0,12.46,14.739348696601219
02_Out_of_Focus,elongated_star_ratio,50,0.0,0.0,0.06418773042813963,0.12627713920817368,0.20789473684210524,0.502,1.0,0.18335489446699044,0.1973050914585372
02_Out_of_Focus,line_angle_std,50,0.0,0.0,5.289354672764957,5.819379038551007,6.320510129630822,19.636053700593163,26.91413592229214,7.367897436829555,6.664502875693289
02_Out_of_Focus,long_line_count,50,0.0,0.0,47.0,1230.0,1250.5,1275.5,1304.0,820.74,568.180176000536
02_Out_of_Focus,longest_line_ratio,50,0.0,0.0,0.36008603236746606,0.99658203125,0.998046875,0.9990234375,0.9990234375,0.7218864751999503,0.40686551666676973
02_Out_of_Focus,max_aspect_ratio,50,0.0,1.0,1.8125,2.325757575757576,2.9583333333333335,3.7750000000000004,5.0,2.34552886002886,1.1411886405040756
02_Out_of_Focus,max_streak_area_ratio,50,0.0004200935363769531,0.0007821083068847656,0.0012012720108032227,0.005557537078857422,0.008507132530212402,0.010987091064453126,0.03279924392700195,0.006270942687988282,0.006529343849308626
02_Out_of_Focus,max_streak_aspect_ratio,50,1.85,2.3218084532855117,2.473836810101825,3.212499851627547,3.6,5.291666666666667,11.913043212149713,3.508165015454803,1.6530544066328963
02_Out_of_Focus,max_streak_length_ratio,50,0.021076067653102055,0.03351974607867295,0.03896876671601908,0.07945336591215672,0.1003729067553344,0.13325665715339577,0.221352572054335,0.07896546811957761,0.04659023832505558
02_Out_of_Focus,mean_aspect_ratio,50,0.0,1.0,1.148546101971904,1.2010206425031142,1.2496864676899253,1.4413143070158487,4.0,1.194467302650195,0.5397923753524608
02_Out_of_Focus,mean_circularity,50,0.0,0.5685530102382689,0.6331745042358649,0.6853566324614627,0.765131200270809,0.8068240133576774,0.8386373492977413,0.6436744942586242,0.20621618550127077
02_Out_of_Focus,mean_fwhm,50,0.0,10.13378231255759,13.366416770877827,19.122214288838595,25.310250511699607,28.408700340758543,32.052731109708176,18.785545459740163,8.343165517586401
02_Out_of_Focus,mean_hfr,50,0.0,5.6215336114043275,6.7510575292260215,9.403820497807208,11.286110346888798,13.726387289026428,14.972645274834768,8.96831805429399,3.7588045070515546
02_Out_of_Focus,mean_hollowness,50,0.0,3.92156862538684e-09,0.0004201723210805118,0.022156347741484637,0.12508966078724132,0.29270272277605236,0.44699628566727,0.08270215707337,0.11490244708598867
02_Out_of_Focus,mean_intensity,50,5.642786979675293,18.088217449188235,26.73480200767517,75.10496759414673,105.24210119247437,114.86731395721435,123.23794460296631,65.96697338104248,39.851241974425186
02_Out_of_Focus,mean_star_area,50,0.0,3.95,11.5,33.98214285714286,97.14751683501683,158.2653734061931,304.4,65.06326876950504,72.26841454469844
02_Out_of_Focus,median_eccentricity,50,0.0,0.2983888251619304,0.3797263362059096,0.4976025470100528,0.6204378934288184,0.7051799724487287,0.821231546549151,0.4825767725656783,0.1912579922502146
02_Out_of_Focus,median_fwhm,50,0.0,10.277197523330765,11.475505641639842,17.56661418254453,26.305065717255513,32.05440671291691,33.50375367601456,18.562268834230647,9.448596398386815
02_Out_of_Focus,median_fwhm_ratio,50,0.0,1.0478221288094869,1.0810069586724396,1.1528950241430564,1.3152383186221652,1.416330857607361,1.7525562917459065,1.1255237280157402,0.36593840833654473
02_Out_of_Focus,median_hfr,50,0.0,5.368604744090657,6.045633509186277,8.104967459102882,10.439228375774286,13.606362478725318,15.864725084215465,8.274979140039523,3.8175852324335726
02_Out_of_Focus,saturated_ratio,50,0.0,0.0,0.0,0.005054950714111328,0.020783185958862305,0.0224700927734375,0.023695945739746094,0.00941152572631836,0.00973129400362076
02_Out_of_Focus,sharpness,50,50.81089386586973,335.32576821173683,1678.1244124482769,22164.94651698568,42351.469374957334,55884.125336052355,63756.94073494189,23393.475010033566,22447.69984096217
02_Out_of_Focus,star_count,50,0.0,1.0,6.75,50.5,134.0,290.90000000000003,450.0,95.64,116.58640744100488
02_Out_of_Focus,std_intensity,50,20.391957708997126,22.045021112199194,26.959714244940404,42.999522888372375,54.13068426528104,57.053789089626015,59.02749640520895,40.26640725029263,13.997204416184584
02_Out_of_Focus,streak_count,50,0.0,0.0,0.0,0.0,0.0,0.0,0.0,0.0,0.0
02_Out_of_Focus,valid_profile_count,50,0.0,1.0,6.75,50.5,134.0,290.90000000000003,450.0,95.64,116.58640744100488
03_Tracking_Error,axis_aligned_line_ratio,50,0.0,0.006680041750260939,0.00829189109523898,0.011095080416272468,0.014393916518203138,0.016352908048330946,0.3333333333333333,0.02073899653583671,0.04964961796134989
03_Tracking_Error,background_mad,50,8.8956,16.160339999999998,45.9606,56.3388,60.415949999999995,60.93486,66.717,49.607796,15.78313875078034
03_Tracking_Error,background_median,50,17.0,33.0,89.75,111.0,115.0,121.2,127.0,97.18,30.474704264356696
03_Tracking_Error,bright_area_ratio,50,0.0,1.7166137695312503e-05,0.0013082027435302734,0.0034461021423339844,0.00668644905090332,0.016185283660888672,0.023698806762695312,0.0056036376953125,0.006000437891657811
03_Tracking_Error,diagonal_line_ratio,50,0.0,0.9790644368819019,0.9819190260567333,0.9853358518015101,0.988540910191237,0.9909323505987755,0.9933665008291874,0.9558021050114816,0.14560894078489717
03_Tracking_Error,elongated_angle_consistency,50,0.0,0.0,0.0,0.3002684513119298,0.663220348192637,0.9294434986982959,0.9992467753961706,0.3765208477898792,0.3606935044629468
03_Tracking_Error,elongated_angle_std,50,1.1121200982787856,10.957141144184446,25.961993202698828,44.44653140304571,180.0,180.0,180.0,76.18362833516808,67.74602995261657
03_Tracking_Error,elongated_star_count,50,0.0,0.0,1.0,8.5,18.0,33.0,253.0,17.4,36.88360069190643
03_Tracking_Error,elongated_star_ratio,50,0.0,0.0,0.025694444444444443,0.08442982456140351,0.17990525981340805,0.3333333333333333,0.5802752293577982,0.12512689805277197,0.128995371427959
03_Tracking_Error,line_angle_std,50,0.0,4.4553431844231435,5.190782122911774,5.458854780634724,6.008198992599637,6.260747651445076,20.58306534387889,5.69577410637266,2.395142833762441
03_Tracking_Error,long_line_count,50,0.0,1181.5,1199.25,1213.5,1223.0,1233.2,1298.0,1141.42,267.1214023622967
03_Tracking_Error,longest_line_ratio,50,0.0,0.972265625,0.995361328125,0.9970703125,0.998046875,0.9990234375,0.9990234375,0.95564453125,0.1792232549445385
03_Tracking_Error,max_aspect_ratio,50,0.0,1.225,1.6666666666666667,2.0,2.9166666666666665,3.7,6.5,2.2702813852813852,1.3167197425134103
03_Tracking_Error,max_streak_area_ratio,50,0.00020170211791992188,0.0008284091949462891,0.0016505718231201172,0.003447294235229492,0.010072708129882812,0.01723294258117676,0.037688255310058594,0.007760763168334961,0.009451683178169787
03_Tracking_Error,max_streak_aspect_ratio,50,2.289940828402367,2.8177049138552546,3.3884614043367476,4.280553643428361,6.133333065263691,13.001883054807108,34.54166637310679,6.695447075003483,5.910390272537269
03_Tracking_Error,max_streak_length_ratio,50,0.028338595268811682,0.047443994033302364,0.06428937104275739,0.0996156727673854,0.21465862518137258,0.3619736439321197,0.6537315907638662,0.17238688591724916,0.1544931628036361
03_Tracking_Error,mean_aspect_ratio,50,0.0,1.0888518763184079,1.135382923763654,1.1678953886195917,1.2485713617658063,1.3232488560942899,1.6428266178266182,1.1152294151112185,0.3465427623835806
03_Tracking_Error,mean_circularity,50,0.0,0.5480865913592363,0.6870301569527998,0.7356955070124653,0.7803728645579558,0.7930090666610642,0.8031141418478369,0.6694553739841794,0.20842224256655748
03_Tracking_Error,mean_fwhm,50,0.0,12.323002117335555,17.425319134115387,20.0606963083959,23.376808965678638,28.537357830412954,31.99599351980219,19.478861396404294,7.376566511166156
03_Tracking_Error,mean_hfr,50,0.0,6.996742236840087,9.480923458884567,10.701022830552976,12.187501408230348,13.447491002543288,17.979065837270877,10.111168116225175,3.634762316292508
03_Tracking_Error,mean_hollowness,50,0.0,3.92156862538684e-09,8.740943689847638e-05,0.0025204452866150794,0.011743595972195075,0.06427921038018725,0.1628992937095734,0.01879645557602959,0.03628099063969612
03_Tracking_Error,mean_intensity,50,21.593318939208984,35.51374530792236,98.04246878623962,112.63421249389648,117.85745644569397,121.79631042480469,126.02462577819824,99.69229553222657,29.497179952144165
03_Tracking_Error,mean_star_area,50,0.0,9.062500000000002,20.259802146644255,28.158473625140292,38.953807751388396,93.80031760435574,151.9375,39.43620236074193,36.918034850477596
03_Tracking_Error,median_eccentricity,50,0.0,0.23404388369366377,0.37301131343695165,0.405208281449562,0.5704498512691907,0.7372200359589469,0.8335502407041915,0.44814672198479594,0.1983888237384518
03_Tracking_Error,median_fwhm,50,0.0,10.996826870462108,13.872515923880947,18.1167617605415,20.873709261923985,24.091600198074833,33.45250172050474,17.13866429282742,6.943645271313334
03_Tracking_Error,median_fwhm_ratio,50,0.0,1.0285739066511228,1.0777979815731036,1.0939211474924975,1.2183816607448104,1.4800502505281583,1.8102022127024129,1.0982793160730706,0.3657651689218124
03_Tracking_Error,median_hfr,50,0.0,6.189174169217299,7.300949006808273,9.536674762729946,10.474579824695828,12.087995649997143,13.380026277413027,8.777614817266409,3.1903000949567173
03_Tracking_Error,saturated_ratio,50,0.0,0.0,0.020071029663085938,0.020895957946777344,0.022112131118774414,0.02310781478881836,0.024580001831054688,0.016916236877441405,0.00846420197336354
03_Tracking_Error,sharpness,50,1083.2737183345016,3822.360272781327,19917.530649323235,52667.19552704664,60765.61560116273,68480.96898515872,70241.86734356498,42088.16876942046,23260.077954003456
03_Tracking_Error,star_count,50,0.0,1.0,35.25,69.5,159.5,250.50000000000003,560.0,108.22,118.0524103947056
03_Tracking_Error,std_intensity,50,22.315198301528923,30.261169714840587,49.99617643276348,56.89373264388508,58.342314356930814,59.52656573307839,63.139064867306175,51.723132462145934,11.383438689383642
03_Tracking_Error,streak_count,50,0.0,0.0,0.0,0.0,0.0,0.10000000000000142,1.0,0.1,0.3
03_Tracking_Error,valid_profile_count,50,0.0,1.0,35.25,69.5,159.5,250.50000000000003,560.0,108.22,118.0524103947056
04_Over_Saturated,axis_aligned_line_ratio,50,0.0,0.0,0.0,0.0,0.8125,1.0,1.0,0.27086183294750177,0.43382275941805937
04_Over_Saturated,background_mad,50,1.4826,2.9652,4.4478,5.9304,8.52495,41.21628000000002,56.3388,11.297412000000001,15.19759738802999
04_Over_Saturated,background_median,50,1.0,3.0,5.0,7.0,14.25,80.90000000000003,115.0,19.54,30.514396602259726
04_Over_Saturated,bright_area_ratio,50,0.0011835098266601562,0.0030850410461425786,0.011474847793579102,0.02411651611328125,0.027099609375,0.03161544799804688,0.03441619873046875,0.020343208312988283,0.010235123297868274
04_Over_Saturated,diagonal_line_ratio,50,0.0,0.0,0.0,0.0,0.9840217565642365,1.0,1.0,0.3962115378458448,0.4724056763051116
04_Over_Saturated,elongated_angle_consistency,50,0.0,0.015947320591295125,0.1111111111111111,0.23414949249022504,0.470129680431814,0.6757128930813946,1.0,0.31621852970883935,0.27624753538933594
04_Over_Saturated,elongated_angle_std,50,0.0,25.365143205443168,35.19754261486741,48.81638143688971,60.054403647364666,82.22676546783549,180.0,52.388594330581185,33.17208566417059
04_Over_Saturated,elongated_star_count,50,1.0,2.0,7.5,12.0,16.0,21.200000000000003,61.0,13.36,10.483816099112003
04_Over_Saturated,elongated_star_ratio,50,0.015503875968992248,0.028906810035842296,0.03431268615275884,0.04803255575493463,0.06045754248951765,0.095295124037639,0.6288659793814433,0.06526319299556808,0.08706991503792227
04_Over_Saturated,line_angle_std,50,0.0,0.0,0.0,0.0,6.0714977524089075,15.060066848226027,25.759349708497364,4.051548947205938,6.476803198180133
04_Over_Saturated,long_line_count,50,0.0,0.0,0.0,2.0,4.0,1241.4,1315.0,197.28,449.3488640243791
04_Over_Saturated,longest_line_ratio,50,0.0,0.0,0.0,0.21120829631357654,0.29589380443206603,0.9970703125,0.9990234375,0.28426385394058457,0.33017010851208517
04_Over_Saturated,max_aspect_ratio,50,1.5,2.0,2.5,2.8055555555555554,9.116666666666667,19.506666666666664,47.333333333333336,7.7283319624819615,9.948760795138933
04_Over_Saturated,max_streak_area_ratio,50,0.000301361083984375,0.0010016441345214843,0.0012421607971191406,0.003063201904296875,0.007987499237060547,0.015725374221801758,0.03710317611694336,0.006166257858276367,0.007663632960104504
04_Over_Saturated,max_streak_aspect_ratio,50,1.8589742941339105,2.56169759801417,2.953846274026869,3.6897831894987947,6.416666666666667,17.253462026847963,20.271398307281057,6.418044805963142,5.520324322800919
04_Over_Saturated,max_streak_length_ratio,50,0.02722255989113337,0.04129091055499955,0.049697538081139685,0.10098917007172659,0.2809934710273277,0.7052078549268892,0.7056898041396112,0.22237318306840112,0.24241604529149818
04_Over_Saturated,mean_aspect_ratio,50,1.0864135694928378,1.1121262333341544,1.119120530863164,1.1367329653270086,1.2376049737465151,1.293052312111945,1.748789068892162,1.188502054862878,0.11280087014908814
04_Over_Saturated,mean_circularity,50,0.6709022769469362,0.7767584458806351,0.7862714054150821,0.7995248380371158,0.8132410203684721,0.8263328744129186,0.8527548415371061,0.7986867226269594,0.026506245243175585
04_Over_Saturated,mean_fwhm,50,9.180154281742926,11.335256475961947,11.516373050582821,12.014071459274518,16.214819041453136,22.434968665805325,27.62154692613321,14.557059031539325,4.691062539012105
04_Over_Saturated,mean_hfr,50,3.2862747601560907,4.925738384713585,5.0969985611053845,5.385334673053489,7.13825514802849,11.400688450077713,14.819032317322634,6.61546420652096,2.6279197604794873
04_Over_Saturated,mean_hollowness,50,3.92156862538684e-09,0.0006788618415382601,0.00212192974546577,0.005439637439832876,0.020007176933561428,0.0384503163916875,0.1860747237921805,0.018155835992439803,0.033456017381384054
04_Over_Saturated,mean_intensity,50,3.546128273010254,9.128763198852539,11.508308410644531,13.877592086791992,19.910489082336426,84.04596815109255,115.33540630340576,25.014837398529053,29.463129790274838
04_Over_Saturated,mean_star_area,50,11.132621951219512,12.910560911481157,15.504166594216759,19.883071295993012,38.621702467903646,62.40422387136674,136.5,31.675183262134418,26.840052805378626
04_Over_Saturated,median_eccentricity,50,0.302305751078444,0.36080586371832174,0.6431233644641244,0.7311782776582665,0.7531343914054669,0.7627006093729287,0.7661319269615441,0.6601313094125467,0.1444286551182296
04_Over_Saturated,median_fwhm,50,7.363554093554938,9.23663430979185,9.49787276066078,9.885951552559172,13.626670426343686,19.79572067931893,27.29595278115004,12.274662912195119,4.724775766836671
04_Over_Saturated,median_fwhm_ratio,50,1.0490856564856768,1.0722634517377805,1.3060313990427759,1.4658855333590233,1.5200685748944858,1.5461890442580901,1.555977629024282,1.3928484648833115,0.1675068426020032
04_Over_Saturated,median_hfr,50,2.100057142514251,3.855589202113936,4.156337970573728,4.523039672601524,5.457172264033932,9.946084596417064,13.746634795152868,5.4795227653828995,2.6021063415541095
04_Over_Saturated,saturated_ratio,50,0.0,0.0,0.0,0.0,0.0037779808044433594,0.006642436981201193,0.021905899047851562,0.002933712005615234,0.00637196684932958
04_Over_Saturated,sharpness,50,41.67257490841439,217.4460189291611,375.523342737637,538.7222792014873,831.4564047387755,27017.11910609474,53958.95340286358,5825.738379712853,14242.531973037796
04_Over_Saturated,star_count,50,16.0,53.400000000000006,172.25,249.0,313.25,355.7,819.0,253.64,161.24028776952738
04_Over_Saturated,std_intensity,50,21.05043528284738,21.40994771377498,22.17195082173427,23.437877634067124,24.436543308547776,46.74058618612129,56.50651808873103,27.21113607178797,10.050358325647142
04_Over_Saturated,streak_count,50,0.0,0.0,0.0,0.0,0.0,1.0,1.0,0.22,0.41424630354415964
04_Over_Saturated,valid_profile_count,50,16.0,53.400000000000006,172.25,249.0,313.25,355.7,819.0,253.62,161.24253657146429
05_No_Star,axis_aligned_line_ratio,50,0.0041876046901172526,0.008298755186721992,0.00985626782473425,0.012269989963198395,0.014131338320864505,0.016285674004551772,0.018821603927986905,0.012051148970615749,0.0031242414815812695
05_No_Star,background_mad,50,57.8214,57.8214,60.7866,62.2692,62.2692,65.2344,69.6822,61.765116,2.612238543499425
05_No_Star,background_median,50,105.0,121.9,123.25,125.0,127.0,127.1,132.0,124.92,3.8618130457079354
05_No_Star,bright_area_ratio,50,0.0,0.0,0.0,0.0,0.0,8.869171142578129e-06,2.47955322265625e-05,2.899169921875e-06,6.54073203700287e-06
05_No_Star,diagonal_line_ratio,50,0.9746317512274959,0.9804588263704419,0.9826946056674633,0.9856759257396865,0.9875518672199171,0.9884531736206378,0.9932998324958124,0.9850600342122118,0.003637800627354081
05_No_Star,elongated_angle_consistency,50,0.0,0.0,0.0,0.0,0.0,0.0,0.0,0.0,0.0
05_No_Star,elongated_angle_std,50,180.0,180.0,180.0,180.0,180.0,180.0,180.0,180.0,0.0
05_No_Star,elongated_star_count,50,0.0,0.0,0.0,0.0,0.0,0.0,0.0,0.0,0.0
05_No_Star,elongated_star_ratio,50,0.0,0.0,0.0,0.0,0.0,0.0,0.0,0.0,0.0
05_No_Star,line_angle_std,50,4.511947406044641,5.009583914072461,5.321244536107819,5.796352919818004,6.037811446874384,6.202334411560601,6.7545296605271865,5.673851265175813,0.4907786554525036
05_No_Star,long_line_count,50,1192.0,1197.7,1204.25,1210.0,1218.75,1225.3,1245.0,1211.8,11.324310133513652
05_No_Star,longest_line_ratio,50,0.9677734374999999,0.99697265625,0.9970703125,0.998046875,0.9990234375,0.9990234375,0.9990234375,0.99720703125,0.005032888962959216
05_No_Star,max_aspect_ratio,50,0.0,0.0,0.0,0.0,0.0,1.0,1.3333333333333333,0.21166666666666664,0.42661783574737905
05_No_Star,max_streak_area_ratio,50,6.628036499023438e-05,8.525848388671876e-05,0.00011396408081054688,0.00017714500427246094,0.006191253662109375,0.05549440383911134,0.10162162780761719,0.014039783477783204,0.02583512227609436
05_No_Star,max_streak_aspect_ratio,50,2.9035712432355973,3.309374626063645,3.5,3.869679042012709,4.224711933642233,4.670754716498602,5.777777690809241,3.9346795441475084,0.5997957584865053
05_No_Star,max_streak_length_ratio,50,0.018023021069779755,0.020486011247113932,0.02419270197702615,0.033189617189985615,0.13598724926230893,0.2606243079664432,0.4231788463683609,0.09713308628112717,0.10896271627172716
05_No_Star,mean_aspect_ratio,50,0.0,0.0,0.0,0.0,0.0,1.0,1.3333333333333333,0.20916666666666664,0.42085313484767
05_No_Star,mean_circularity,50,0.0,0.0,0.0,0.0,0.0,0.7853981633974483,0.8982491906543908,0.1595546006931426,0.319544543634626
05_No_Star,mean_fwhm,50,0.0,0.0,0.0,0.0,0.0,11.98494091324692,15.555983187030062,2.4696076594725245,4.967643449307957
05_No_Star,mean_hfr,50,0.0,0.0,0.0,0.0,0.0,6.856588389223488,8.832607888290575,1.3997511657005095,2.8178034122516813
05_No_Star,mean_hollowness,50,0.0,0.0,0.0,0.0,0.0,3.92156862538684e-09,3.92156862538684e-09,7.84313725077368e-10,1.568627450154736e-09
05_No_Star,mean_intensity,50,110.84373664855957,123.62809715270996,124.26490020751953,125.21885681152344,126.31077527999878,127.9602972984314,131.3429536819458,125.3440643119812,2.827086167935238
05_No_Star,mean_star_area,50,0.0,0.0,0.0,0.0,0.0,4.200000000000003,14.5,1.195,2.7528576061976033
05_No_Star,median_eccentricity,50,0.0,0.0,0.0,0.0,0.0,0.36879280615139587,0.49633055693229816,0.0709148932470944,0.15119727611855513
05_No_Star,median_fwhm,50,0.0,0.0,0.0,0.0,0.0,11.98494091324692,15.555983187030062,2.4696076594725245,4.967643449307957
05_No_Star,median_fwhm_ratio,50,0.0,0.0,0.0,0.0,0.0,1.077115369871112,1.1518964126743672,0.21639985169070697,0.43336719367282783
05_No_Star,median_hfr,50,0.0,0.0,0.0,0.0,0.0,6.856588389223488,8.832607888290575,1.3997511657005095,2.8178034122516813
05_No_Star,saturated_ratio,50,0.020389556884765625,0.0210693359375,0.02288818359375,0.02373504638671875,0.025115251541137695,0.02712278366088867,0.02796649932861328,0.02395038604736328,0.0020159002305058064
05_No_Star,sharpness,50,37366.06401822009,45114.66439866513,61069.22636782884,69302.88746777427,71517.53949578709,72196.83052877849,75195.36848251251,64670.471744667266,10006.73682767304
05_No_Star,star_count,50,0.0,0.0,0.0,0.0,0.0,1.0,2.0,0.26,0.5589275444992848
05_No_Star,std_intensity,50,58.80869860954206,59.334869578248046,59.486264671599635,59.91111674071469,60.22688207243006,60.61240767337303,61.28315279664043,59.926648833688304,0.5506910977886207
05_No_Star,streak_count,50,0.0,0.0,0.0,0.0,0.0,0.0,0.0,0.0,0.0
05_No_Star,valid_profile_count,50,0.0,0.0,0.0,0.0,0.0,1.0,2.0,0.26,0.5589275444992848
06_Satellite,axis_aligned_line_ratio,50,0.0,0.007506919154127357,0.009719098150255366,0.012755254116040364,0.0154945846581876,0.019672385227940785,0.15966386554621848,0.018706908207926424,0.02743241467811811
06_Satellite,background_mad,50,5.9304,19.125539999999997,51.891,56.3388,58.93335,59.303999999999995,63.751799999999996,49.756056,15.19837839634426
06_Satellite,background_median,50,9.0,38.6,102.75,112.0,115.0,125.0,133.0,99.62,31.67515745817217
06_Satellite,bright_area_ratio,50,0.00015926361083984375,0.0006859779357910156,0.0014979839324951172,0.003231048583984375,0.007452726364135742,0.020195007324218753,0.031165122985839844,0.006537246704101563,0.007593469361705446
06_Satellite,diagonal_line_ratio,50,0.7983193277310925,0.9768241943241943,0.9812653231584274,0.9847883942309319,0.987351427816169,0.9903277286692983,1.0,0.9769947969231203,0.034983559715274136
06_Satellite,elongated_angle_consistency,50,0.0,0.0,0.02777777777777782,0.5150755352837584,0.8351238070917482,0.9995498771329566,1.0,0.4711666038881123,0.3666800757668731
06_Satellite,elongated_angle_std,50,0.0,0.8315680413147196,17.11029040528028,33.00384431030804,82.51360091184117,180.0,180.0,56.91409771734721,58.801719601282095
06_Satellite,elongated_star_count,50,0.0,1.0,2.0,5.0,15.75,28.500000000000007,44.0,10.12,11.224330715013703
06_Satellite,elongated_star_ratio,50,0.0,0.014910248986682108,0.049901410586986196,0.08535696940262263,0.1624337221633086,0.23269230769230773,0.3684210526315789,0.11180196139143721,0.08784433833229255
06_Satellite,line_angle_std,50,1.9862004435834688,4.804999186976855,5.381293778158437,5.795819097393009,6.14887289944956,6.6464895747968145,21.196401796298655,6.304108651382953,3.1052981433073534
06_Satellite,long_line_count,50,7.0,1190.7,1205.0,1213.5,1232.75,1258.3,1321.0,1142.02,289.77263431870165
06_Satellite,longest_line_ratio,50,0.18031400841886933,0.9857421874999999,0.9951171875,0.9970703125,0.998046875,0.9990234375,0.9990234375,0.9675195551793341,0.12764495181988247
06_Satellite,max_aspect_ratio,50,1.1428571428571428,1.4928571428571429,1.8033898305084746,2.2945205479452055,3.4534789644012944,4.180000000000002,20.11111111111111,3.0973013934941958,2.862338860466639
06_Satellite,max_streak_area_ratio,50,0.0010857582092285156,0.005530023574829102,0.007403135299682617,0.008327960968017578,0.015052437782287598,0.019165706634521485,0.026122093200683594,0.010841379165649414,0.005641562750944757
06_Satellite,max_streak_aspect_ratio,50,2.166666873991181,4.922900030938074,12.054404218449724,23.77319470680805,38.206057904736035,51.09906976253496,62.5983877688848,25.65135275697962,16.533453591108
06_Satellite,max_streak_length_ratio,50,0.12403881790700091,0.13976031732735877,0.4194466481023121,0.7070632856388843,0.7593269582992119,0.8088078599984989,0.8338594662793013,0.5771020924671634,0.24403139164150803
06_Satellite,mean_aspect_ratio,50,1.0507936507936508,1.105403174320372,1.1344030962453349,1.1692522240232712,1.2694121472268567,1.3492408231357331,1.715019080976528,1.2157031401510645,0.12931840481353998
06_Satellite,mean_circularity,50,0.5387408959826636,0.7031461759862531,0.7451897235125332,0.7646644295105212,0.7938389986294607,0.805169456869308,0.8206685735066227,0.7543231380831708,0.05724335305190743
06_Satellite,mean_fwhm,50,12.920043152008,16.544500519207606,19.050995033847755,21.200910861255103,22.985726254928217,29.303218003155695,43.62471439793461,22.283949133226397,6.008727958875591
06_Satellite,mean_hfr,50,6.128044224308536,8.913862571831654,10.426675786551524,11.611816873427891,12.780443281897195,15.984195453042478,24.124919184648697,12.076004028700297,3.5427183686003256
06_Satellite,mean_hollowness,50,3.92156862538684e-09,3.92156862538684e-09,3.92156862538684e-09,0.002057491435559051,0.006019575149766445,0.013232588063634495,0.07043985070435067,0.0058892652816835,0.01135279913621806
06_Satellite,mean_intensity,50,16.571093559265137,42.59996089935303,105.8178288936615,114.02853679656982,116.51867389678955,125.00011262893676,132.2888889312744,101.77673498153686,30.250469496693814
06_Satellite,mean_star_area,50,17.61527377521614,22.69837475762383,25.155113636363637,35.46910071942446,44.95418060200669,103.24517027863777,373.65625,51.047261301425124,55.797688327586044
06_Satellite,median_eccentricity,50,0.29854571717361217,0.3263241341579721,0.36068974364475115,0.3986036965921934,0.4619156019310863,0.6888466539399982,0.7934697652075724,0.44166781905162705,0.12980696596787017
06_Satellite,median_fwhm,50,10.015157393954158,13.433054775212842,17.04534697215575,18.524092903383814,20.89873179964813,23.84167201841437,28.66716242538805,18.783394170335942,4.119632974842004
06_Satellite,median_fwhm_ratio,50,1.0477838309960854,1.0579134005569706,1.0722021351038713,1.0903666401357088,1.1275169912427416,1.379520842188472,1.6432035114876358,1.1438528809820159,0.1308282783257683
06_Satellite,median_hfr,50,4.62556910775725,6.54081850758935,9.145598050103906,10.229472864292013,11.481351984156058,12.792446588550199,15.647176004112014,10.000347923127599,2.3542260946042335
06_Satellite,saturated_ratio,50,0.0,0.0,0.0206758975982666,0.021606922149658203,0.022530078887939453,0.023617649078369142,0.024593353271484375,0.017256393432617187,0.009213658819450979
06_Satellite,sharpness,50,652.0761847704271,5599.433861107316,36577.7626133248,51476.65698754031,56438.01193246614,61496.469544258805,70017.13825734082,43733.717529230125,19072.89765479075
06_Satellite,star_count,50,5.0,16.0,32.75,63.0,143.5,206.0,822.0,105.64,130.5581494966898
06_Satellite,std_intensity,50,22.901833730442135,28.791070134451,53.50187795168408,56.56760116203764,57.41398898332207,58.702672390496225,59.7141850110734,51.83494494412263,10.429168344559997
06_Satellite,streak_count,50,0.0,0.0,0.25,1.0,1.0,1.0,1.0,0.74,0.4386342439892262
06_Satellite,valid_profile_count,50,5.0,16.0,32.75,63.0,143.5,206.0,822.0,105.62,130.531052244284
