class_a,class_b,feature,mean_auc,std_auc,min_auc,max_auc,mean_strength,std_strength,min_strength,max_strength,direction,direction_consistency,candidate_score
01_Good,02_Out_of_Focus,axis_aligned_line_ratio,0.34,0.026832815729997475,0.31,0.38,0.32,0.05366563145999496,0.24,0.38,LOW,1.0,0.4606334368540005
01_Good,02_Out_of_Focus,background_mad,0.77,0.09909591313469997,0.635,0.915,0.54,0.19819182626939993,0.27,0.8300000000000001,HIGH,1.0,0.55418081737306
01_Good,02_Out_of_Focus,background_median,0.791,0.07310266752998827,0.71,0.885,0.5820000000000001,0.14620533505997654,0.41999999999999993,0.77,HIGH,1.0,0.6232794664940025
01_Good,02_Out_of_Focus,bright_area_ratio,0.49399999999999994,0.06829348431585548,0.39,0.58,0.11599999999999999,0.07310266752998823,0.0,0.21999999999999997,HIGH,0.5,0.21988973324700117
01_Good,02_Out_of_Focus,diagonal_line_ratio,0.834,0.09221713506718804,0.69,0.98,0.6679999999999999,0.18443427013437608,0.3799999999999999,0.96,HIGH,1.0,0.6461565729865624
01_Good,02_Out_of_Focus,elongated_angle_consistency,0.44699999999999995,0.05095095681142799,0.35,0.495,0.10600000000000001,0.10190191362285597,0.010000000000000009,0.30000000000000004,LOW,1.0,0.2905098086377144
01_Good,02_Out_of_Focus,elongated_angle_std,0.553,0.050950956811427986,0.505,0.65,0.10600000000000005,0.10190191362285597,0.010000000000000009,0.30000000000000004,HIGH,1.0,0.2905098086377144
01_Good,02_Out_of_Focus,elongated_radial_alignment,0.471,0.06374950980203692,0.36,0.53,0.10600000000000002,0.09156418513807676,0.020000000000000018,0.28,LOW,0.6,0.23454358148619237
01_Good,02_Out_of_Focus,elongated_star_count,0.461,0.0435201102939779,0.425,0.54,0.11000000000000003,0.03949683531626298,0.050000000000000044,0.15000000000000002,LOW,0.8,0.2805503164683737
01_Good,02_Out_of_Focus,elongated_star_ratio,0.32999999999999996,0.07968688725254615,0.21,0.455,0.33999999999999997,0.15937377450509232,0.08999999999999997,0.5800000000000001,LOW,1.0,0.4140626225494907
01_Good,02_Out_of_Focus,line_angle_std,0.382,0.11496086290559931,0.25,0.56,0.284,0.16704490414256878,0.07999999999999996,0.5,LOW,0.8,0.3550955095857431
01_Good,02_Out_of_Focus,long_line_count,0.5389999999999999,0.08126499861564015,0.4,0.63,0.15799999999999997,0.08681013765684281,0.0,0.26,HIGH,0.75,0.2749189862343157
01_Good,02_Out_of_Focus,longest_line_ratio,0.6229999999999999,0.07922120928135344,0.53,0.76,0.246,0.15844241856270688,0.06000000000000005,0.52,HIGH,1.0,0.3628557581437294
01_Good,02_Out_of_Focus,max_aspect_ratio,0.46299999999999997,0.06546754921333163,0.405,0.585,0.142,0.04955804677345544,0.06000000000000005,0.18999999999999995,LOW,0.8,0.2969441953226545
01_Good,02_Out_of_Focus,max_streak_area_ratio,0.546,0.060199667773169645,0.46,0.64,0.124,0.08708616422830895,0.020000000000000018,0.28,HIGH,0.8,0.2730913835771691
01_Good,02_Out_of_Focus,max_streak_aspect_ratio,0.582,0.09130169768410662,0.48,0.7,0.18000000000000002,0.16685322891691365,0.0,0.3999999999999999,HIGH,0.75,0.27681467710830865
01_Good,02_Out_of_Focus,max_streak_length_ratio,0.618,0.0370944739819828,0.55,0.65,0.23600000000000004,0.07418894796396562,0.10000000000000009,0.30000000000000004,HIGH,1.0,0.3787811052036035
01_Good,02_Out_of_Focus,mean_aspect_ratio,0.35,0.13928388277184117,0.19,0.57,0.356,0.20214846029589245,0.09999999999999998,0.62,LOW,0.8,0.3899851539704108
01_Good,02_Out_of_Focus,mean_circularity,0.8140000000000001,0.09002221947941517,0.72,0.97,0.628,0.18004443895883038,0.43999999999999995,0.94,HIGH,1.0,0.646595556104117
01_Good,02_Out_of_Focus,mean_fwhm,0.524,0.08799999999999998,0.43,0.69,0.12,0.1374045122985413,0.020000000000000018,0.3799999999999999,HIGH,0.6,0.23625954877014588
01_Good,02_Out_of_Focus,mean_hfr,0.656,0.06406246951218784,0.56,0.74,0.312,0.1281249390243757,0.1200000000000001,0.48,HIGH,1.0,0.41358750609756245
01_Good,02_Out_of_Focus,mean_hollowness,0.304,0.07073895673530957,0.175,0.375,0.392,0.14147791347061914,0.25,0.65,LOW,1.0,0.48725220865293806
01_Good,02_Out_of_Focus,mean_intensity,0.7879999999999999,0.07984985911070853,0.7,0.9,0.576,0.15969971822141707,0.3999999999999999,0.8,HIGH,1.0,0.6132300281778583
01_Good,02_Out_of_Focus,mean_star_area,0.472,0.0679411510058521,0.38,0.57,0.128,0.07222188034107113,0.040000000000000036,0.24,LOW,0.6,0.25237781196589293
01_Good,02_Out_of_Focus,median_eccentricity,0.304,0.11534296684236972,0.19,0.51,0.4,0.21651789764358972,0.020000000000000018,0.62,LOW,0.8,0.3843482102356411
01_Good,02_Out_of_Focus,median_fwhm,0.524,0.08616263691415207,0.43,0.67,0.14400000000000004,0.10613199329137282,0.020000000000000018,0.3400000000000001,HIGH,0.6,0.25018680067086274
01_Good,02_Out_of_Focus,median_fwhm_ratio,0.302,0.11513470371699404,0.19,0.51,0.404,0.21592591322025242,0.020000000000000018,0.62,LOW,0.8,0.38620740867797476
01_Good,02_Out_of_Focus,median_hfr,0.666,0.05003998401278722,0.58,0.72,0.33199999999999996,0.10007996802557444,0.15999999999999992,0.43999999999999995,HIGH,1.0,0.4373920031974425
01_Good,02_Out_of_Focus,saturated_ratio,0.6530000000000001,0.10457533169921096,0.535,0.8,0.30600000000000005,0.20915066339842192,0.07000000000000006,0.6000000000000001,HIGH,1.0,0.38778493366015787
01_Good,02_Out_of_Focus,sharpness,0.756,0.058855755878248636,0.68,0.85,0.512,0.11771151175649727,0.3600000000000001,0.7,HIGH,1.0,0.5766288488243503
01_Good,02_Out_of_Focus,star_count,0.611,0.0539814783050631,0.545,0.7,0.22199999999999998,0.1079629566101262,0.09000000000000008,0.3999999999999999,HIGH,1.0,0.3661037043389874
01_Good,02_Out_of_Focus,std_intensity,0.7799999999999999,0.08124038404635962,0.7,0.91,0.5599999999999999,0.16248076809271925,0.3999999999999999,0.8200000000000001,HIGH,1.0,0.6057519231907281
01_Good,02_Out_of_Focus,streak_count,0.5,0.0,0.5,0.5,0.0,0.0,0.0,0.0,UNKNOWN,0.0,0.1
01_Good,02_Out_of_Focus,valid_profile_count,0.611,0.0539814783050631,0.545,0.7,0.22199999999999998,0.1079629566101262,0.09000000000000008,0.3999999999999999,HIGH,1.0,0.3661037043389874
01_Good,03_Tracking_Error,axis_aligned_line_ratio,0.508,0.07652450587883598,0.41,0.61,0.14400000000000004,0.05425863986500212,0.06000000000000005,0.21999999999999997,HIGH,0.6,0.2673741360134998
01_Good,03_Tracking_Error,background_mad,0.49800000000000005,0.1411594842722231,0.33,0.66,0.25600000000000006,0.11909659944767526,0.020000000000000018,0.33999999999999997,LOW,0.6,0.2992903400552325
01_Good,03_Tracking_Error,background_median,0.533,0.13268760303811356,0.385,0.705,0.242,0.12734205903785284,0.07999999999999996,0.4099999999999999,LOW,0.6,0.3101657940962147
01_Good,03_Tracking_Error,bright_area_ratio,0.502,0.11285388783732707,0.36,0.69,0.18,0.13623509092741118,0.0,0.3799999999999999,HIGH,0.5,0.24237649090725888
01_Good,03_Tracking_Error,diagonal_line_ratio,0.5479999999999999,0.07833262411026456,0.44,0.65,0.16000000000000003,0.0903327183250897,0.040000000000000036,0.30000000000000004,HIGH,0.6,0.26496672816749106
01_Good,03_Tracking_Error,elongated_angle_consistency,0.40599999999999997,0.0348425027803687,0.35,0.45,0.188,0.0696850055607374,0.09999999999999998,0.30000000000000004,LOW,1.0,0.35763149944392625
01_Good,03_Tracking_Error,elongated_angle_std,0.5940000000000001,0.0348425027803687,0.55,0.65,0.188,0.0696850055607374,0.10000000000000009,0.30000000000000004,HIGH,1.0,0.3576314994439263
01_Good,03_Tracking_Error,elongated_radial_alignment,0.45200000000000007,0.08084553172563093,0.37,0.58,0.16799999999999998,0.0844748483277715,0.020000000000000018,0.26,LOW,0.6,0.2631525151672228
01_Good,03_Tracking_Error,elongated_star_count,0.453,0.06233778950203481,0.365,0.54,0.126,0.09221713506718802,0.010000000000000009,0.27,LOW,0.8,0.2704782864932812
01_Good,03_Tracking_Error,elongated_star_ratio,0.42800000000000005,0.06968500556073738,0.31,0.51,0.152,0.13059862173851605,0.020000000000000018,0.38,LOW,0.8,0.2813401378261484
01_Good,03_Tracking_Error,line_angle_std,0.522,0.12122705968553389,0.38,0.72,0.20400000000000001,0.13821722034536793,0.020000000000000018,0.43999999999999995,LOW,0.6,0.27397827796546326
01_Good,03_Tracking_Error,long_line_count,0.658,0.08268010643437755,0.545,0.77,0.316,0.1653602128687551,0.09000000000000008,0.54,HIGH,1.0,0.40266397871312454
01_Good,03_Tracking_Error,longest_line_ratio,0.542,0.044899888641287286,0.455,0.575,0.12,0.026832815729997427,0.08999999999999997,0.1499999999999999,HIGH,0.8,0.29831671842700025
01_Good,03_Tracking_Error,max_aspect_ratio,0.5229999999999999,0.07386474125047755,0.42,0.65,0.11000000000000003,0.10881176406988355,0.0,0.30000000000000004,HIGH,0.75,0.25111882359301163
01_Good,03_Tracking_Error,max_streak_area_ratio,0.5160000000000001,0.08309031231136396,0.43,0.67,0.12000000000000002,0.1193314711214104,0.0,0.3400000000000001,HIGH,0.5,0.21706685288785899
01_Good,03_Tracking_Error,max_streak_aspect_ratio,0.261,0.11926441212700459,0.1,0.4,0.4779999999999999,0.23852882425400918,0.19999999999999996,0.8,LOW,1.0,0.501247117574599
01_Good,03_Tracking_Error,max_streak_length_ratio,0.37599999999999995,0.05425863986500215,0.29,0.45,0.24800000000000005,0.10851727973000432,0.09999999999999998,0.42000000000000004,LOW,1.0,0.38074827202699957
01_Good,03_Tracking_Error,mean_aspect_ratio,0.414,0.10781465577554844,0.29,0.6,0.25200000000000006,0.11214276615100953,0.07999999999999996,0.42000000000000004,LOW,0.8,0.34618572338489906
01_Good,03_Tracking_Error,mean_circularity,0.786,0.10170545708072896,0.64,0.91,0.5720000000000001,0.20341091416145793,0.28,0.8200000000000001,HIGH,1.0,0.5710589085838542
01_Good,03_Tracking_Error,mean_fwhm,0.5040000000000001,0.12076423311560423,0.36,0.66,0.22400000000000003,0.09068627239003707,0.06000000000000005,0.32000000000000006,HIGH,0.6,0.2997313727609964
01_Good,03_Tracking_Error,mean_hfr,0.526,0.12240914998479487,0.36,0.67,0.22800000000000004,0.10322790320451153,0.06000000000000005,0.3400000000000001,HIGH,0.6,0.30027720967954885
01_Good,03_Tracking_Error,mean_hollowness,0.5039999999999999,0.1274127152210485,0.345,0.635,0.24400000000000005,0.0739188744503053,0.10000000000000009,0.31000000000000005,HIGH,0.6,0.3224081125549695
01_Good,03_Tracking_Error,mean_intensity,0.546,0.1345511055324333,0.39,0.73,0.23600000000000004,0.158694675399019,0.020000000000000018,0.45999999999999996,LOW,0.6,0.2863305324600981
01_Good,03_Tracking_Error,mean_star_area,0.578,0.11617228585166084,0.37,0.72,0.26,0.10353743284435823,0.1200000000000001,0.43999999999999995,HIGH,0.8,0.3626462567155642
01_Good,03_Tracking_Error,median_eccentricity,0.376,0.13690872872099863,0.22,0.57,0.304,0.20991426821443085,0.020000000000000018,0.56,LOW,0.8,0.34180857317855695
01_Good,03_Tracking_Error,median_fwhm,0.5640000000000001,0.10011992808627063,0.39,0.66,0.21600000000000003,0.09911609354691095,0.06000000000000005,0.32000000000000006,HIGH,0.8,0.3252883906453089
01_Good,03_Tracking_Error,median_fwhm_ratio,0.38,0.13311649033834988,0.22,0.57,0.296,0.20214846029589245,0.020000000000000018,0.56,LOW,0.8,0.33898515397041074
01_Good,03_Tracking_Error,median_hfr,0.552,0.10961751684835778,0.39,0.68,0.19200000000000003,0.1483778959279313,0.020000000000000018,0.3600000000000001,HIGH,0.8,0.29756221040720693
01_Good,03_Tracking_Error,saturated_ratio,0.518,0.09579144011862437,0.38,0.63,0.18799999999999997,0.05153639490690053,0.1399999999999999,0.26,HIGH,0.6,0.3114463605093099
01_Good,03_Tracking_Error,sharpness,0.514,0.13032267646115928,0.39,0.71,0.244,0.09583318840568747,0.16000000000000003,0.41999999999999993,LOW,0.6,0.33821668115943126
01_Good,03_Tracking_Error,star_count,0.522,0.10538500842150178,0.345,0.66,0.168,0.13466996695625943,0.0,0.32000000000000006,HIGH,0.75,0.27463300330437407
01_Good,03_Tracking_Error,std_intensity,0.502,0.11956588142108099,0.35,0.65,0.21200000000000002,0.11070682002478441,0.0,0.30000000000000004,HIGH,0.5,0.25932931799752157
01_Good,03_Tracking_Error,streak_count,0.45,0.031622776601683784,0.4,0.5,0.09999999999999998,0.06324555320336757,0.0,0.19999999999999996,LOW,1.0,0.2886754446796632
01_Good,03_Tracking_Error,valid_profile_count,0.522,0.10538500842150178,0.345,0.66,0.168,0.13466996695625943,0.0,0.32000000000000006,HIGH,0.75,0.27463300330437407
01_Good,04_Over_Saturated,axis_aligned_line_ratio,0.5780000000000001,0.15341447128612085,0.41,0.86,0.22800000000000004,0.25786818338057915,0.0,0.72,HIGH,0.75,0.2893131816619421
01_Good,04_Over_Saturated,background_mad,0.9480000000000001,0.03867815921162742,0.9,1.0,0.8959999999999999,0.07735631842325484,0.8,1.0,HIGH,1.0,0.8854643681576746
01_Good,04_Over_Saturated,background_median,0.952,0.037094473981982796,0.9,1.0,0.9039999999999999,0.07418894796396559,0.8,1.0,HIGH,1.0,0.8893811052036035
01_Good,04_Over_Saturated,bright_area_ratio,0.16799999999999998,0.06305553108173778,0.07,0.25,0.6639999999999999,0.12611106216347556,0.5,0.86,LOW,1.0,0.6861888937836524
01_Good,04_Over_Saturated,diagonal_line_ratio,0.76,0.13870832707519762,0.5,0.89,0.52,0.27741665415039524,0.0,0.78,HIGH,1.0,0.45625833458496046
01_Good,04_Over_Saturated,elongated_angle_consistency,0.38,0.048476798574163295,0.32,0.455,0.24000000000000005,0.09695359714832659,0.08999999999999997,0.36,LOW,1.0,0.37530464028516736
01_Good,04_Over_Saturated,elongated_angle_std,0.62,0.0484767985741633,0.545,0.68,0.24000000000000005,0.09695359714832659,0.09000000000000008,0.3600000000000001,HIGH,1.0,0.37530464028516736
01_Good,04_Over_Saturated,elongated_radial_alignment,0.37,0.15786069808536893,0.09,0.52,0.28400000000000003,0.2943195542263545,0.020000000000000018,0.8200000000000001,LOW,0.6,0.2943680445773646
01_Good,04_Over_Saturated,elongated_star_count,0.35,0.04888762624632126,0.27,0.415,0.3,0.09777525249264252,0.17000000000000004,0.45999999999999996,LOW,1.0,0.42622247475073577
01_Good,04_Over_Saturated,elongated_star_ratio,0.579,0.142492105044455,0.39,0.78,0.29000000000000004,0.1485934049680537,0.10999999999999999,0.56,HIGH,0.6,0.33864065950319466
01_Good,04_Over_Saturated,line_angle_std,0.728,0.10888526071052962,0.59,0.83,0.45600000000000007,0.21777052142105924,0.17999999999999994,0.6599999999999999,HIGH,1.0,0.4874229478578941
01_Good,04_Over_Saturated,long_line_count,0.892,0.07082372483850309,0.8,1.0,0.784,0.14164744967700618,0.6000000000000001,1.0,HIGH,1.0,0.7686352550322995
01_Good,04_Over_Saturated,longest_line_ratio,0.916,0.0655286197016235,0.82,1.0,0.8320000000000001,0.131057239403247,0.6399999999999999,1.0,HIGH,1.0,0.8032942760596753
01_Good,04_Over_Saturated,max_aspect_ratio,0.255,0.08983317872590284,0.155,0.39,0.49000000000000005,0.17966635745180565,0.21999999999999997,0.69,LOW,1.0,0.5185333642548194
01_Good,04_Over_Saturated,max_streak_area_ratio,0.564,0.068585712797929,0.48,0.66,0.14400000000000004,0.12026637102698326,0.0,0.32000000000000006,HIGH,0.75,0.2652733628973017
01_Good,04_Over_Saturated,max_streak_aspect_ratio,0.374,0.18637059853957655,0.095,0.64,0.364,0.2644692798795354,0.08999999999999997,0.81,LOW,0.8,0.38435307201204644
01_Good,04_Over_Saturated,max_streak_length_ratio,0.40800000000000003,0.08133879763065102,0.31,0.51,0.192,0.15315351775261318,0.0,0.38,LOW,0.75,0.28358464822473867
01_Good,04_Over_Saturated,mean_aspect_ratio,0.5,0.10807404868885037,0.35,0.61,0.20800000000000002,0.05878775382679626,0.1200000000000001,0.30000000000000004,HIGH,0.6,0.31372122461732044
01_Good,04_Over_Saturated,mean_circularity,0.298,0.04791659420284376,0.26,0.39,0.404,0.09583318840568752,0.21999999999999997,0.48,LOW,1.0,0.4882166811594313
01_Good,04_Over_Saturated,mean_fwhm,0.8460000000000001,0.09068627239003707,0.72,0.98,0.692,0.18137254478007414,0.43999999999999995,0.96,HIGH,1.0,0.6752627455219926
01_Good,04_Over_Saturated,mean_hfr,0.8859999999999999,0.07172168430816442,0.81,1.0,0.772,0.14344336861632884,0.6200000000000001,1.0,HIGH,1.0,0.7690556631383673
01_Good,04_Over_Saturated,mean_hollowness,0.414,0.0927038294786143,0.29,0.57,0.22799999999999992,0.10943491216243566,0.10999999999999999,0.42000000000000004,LOW,0.8,0.34465650878375637
01_Good,04_Over_Saturated,mean_intensity,0.952,0.037094473981982796,0.9,1.0,0.9039999999999999,0.07418894796396559,0.8,1.0,HIGH,1.0,0.8893811052036035
01_Good,04_Over_Saturated,mean_star_area,0.692,0.10186265262597473,0.54,0.82,0.384,0.20372530525194943,0.08000000000000007,0.6399999999999999,HIGH,1.0,0.42642746947480503
01_Good,04_Over_Saturated,median_eccentricity,0.12,0.07615773105863909,0.01,0.24,0.76,0.15231546211727817,0.52,0.98,LOW,1.0,0.7327684537882722
01_Good,04_Over_Saturated,median_fwhm,0.8620000000000001,0.07934733769950948,0.77,0.99,0.724,0.15869467539901896,0.54,0.98,HIGH,1.0,0.7219305324600982
01_Good,04_Over_Saturated,median_fwhm_ratio,0.12,0.07615773105863909,0.01,0.24,0.76,0.15231546211727817,0.52,0.98,LOW,1.0,0.7327684537882722
01_Good,04_Over_Saturated,median_hfr,0.892,0.06968500556073737,0.8,0.99,0.784,0.13937001112147474,0.6000000000000001,0.98,HIGH,1.0,0.7688629988878526
01_Good,04_Over_Saturated,saturated_ratio,0.776,0.08422588675698225,0.645,0.89,0.5519999999999999,0.1684517735139645,0.29000000000000004,0.78,HIGH,1.0,0.5685548226486035
01_Good,04_Over_Saturated,sharpness,0.9480000000000001,0.03762977544445354,0.9,1.0,0.8959999999999999,0.07525955088890708,0.8,1.0,HIGH,1.0,0.8856740449111093
01_Good,04_Over_Saturated,star_count,0.29600000000000004,0.05388877434122992,0.22,0.37,0.40800000000000003,0.10777754868245985,0.26,0.56,LOW,1.0,0.500822245131754
01_Good,04_Over_Saturated,std_intensity,0.946,0.04079215610874226,0.9,1.0,0.892,0.08158431221748452,0.8,1.0,HIGH,1.0,0.8832415687782516
01_Good,04_Over_Saturated,streak_count,0.39,0.058309518948453015,0.35,0.5,0.22000000000000003,0.11661903789690603,0.0,0.30000000000000004,LOW,1.0,0.3373380962103094
01_Good,04_Over_Saturated,valid_profile_count,0.29600000000000004,0.05388877434122992,0.22,0.37,0.40800000000000003,0.10777754868245985,0.26,0.56,LOW,1.0,0.500822245131754
01_Good,05_No_Star,axis_aligned_line_ratio,0.39499999999999996,0.0861394218694321,0.23,0.47,0.21000000000000002,0.17227884373886423,0.06000000000000005,0.54,LOW,1.0,0.3452721156261136
01_Good,05_No_Star,background_mad,0.177,0.10404806581575651,0.0,0.31,0.646,0.20809613163151303,0.38,1.0,LOW,1.0,0.6338903868368486
01_Good,05_No_Star,background_median,0.10900000000000001,0.055803225713214825,0.01,0.175,0.782,0.11160645142642964,0.65,0.98,LOW,1.0,0.7857393548573571
01_Good,05_No_Star,bright_area_ratio,0.998,0.0040000000000000036,0.99,1.0,0.9960000000000001,0.008000000000000007,0.98,1.0,HIGH,1.0,0.9914000000000001
01_Good,05_No_Star,diagonal_line_ratio,0.55,0.14463747785411635,0.39,0.72,0.26,0.16149303390549075,0.020000000000000018,0.43999999999999995,HIGH,0.6,0.29685069660945096
01_Good,05_No_Star,elongated_angle_consistency,0.8299999999999998,0.03999999999999999,0.8,0.9,0.66,0.07999999999999996,0.6000000000000001,0.8,HIGH,1.0,0.7190000000000001
01_Good,05_No_Star,elongated_angle_std,0.17,0.04,0.1,0.2,0.66,0.08000000000000002,0.6,0.8,LOW,1.0,0.719
01_Good,05_No_Star,elongated_radial_alignment,0.9199999999999999,0.024494897427831747,0.9,0.95,0.8399999999999999,0.048989794855663495,0.8,0.8999999999999999,HIGH,1.0,0.8631010205144336
01_Good,05_No_Star,elongated_star_count,0.9199999999999999,0.024494897427831747,0.9,0.95,0.8399999999999999,0.048989794855663495,0.8,0.8999999999999999,HIGH,1.0,0.8631010205144336
01_Good,05_No_Star,elongated_star_ratio,0.9199999999999999,0.024494897427831747,0.9,0.95,0.8399999999999999,0.048989794855663495,0.8,0.8999999999999999,HIGH,1.0,0.8631010205144336
01_Good,05_No_Star,line_angle_std,0.376,0.18629009635512028,0.16,0.67,0.384,0.2299217258111986,0.14,0.6799999999999999,LOW,0.8,0.4118078274188801
01_Good,05_No_Star,long_line_count,0.6679999999999999,0.16723038001511567,0.48,0.9,0.352,0.3175783367926723,0.040000000000000036,0.8,HIGH,0.8,0.35864216632073276
01_Good,05_No_Star,longest_line_ratio,0.33599999999999997,0.08058535847162313,0.22,0.46,0.328,0.16117071694324628,0.07999999999999996,0.56,LOW,1.0,0.4054829283056754
01_Good,05_No_Star,max_aspect_ratio,0.9970000000000001,0.0040000000000000036,0.99,1.0,0.9940000000000001,0.008000000000000007,0.98,1.0,HIGH,1.0,0.9905000000000002
01_Good,05_No_Star,max_streak_area_ratio,0.708,0.10166612021711069,0.63,0.89,0.41600000000000004,0.20333224043422138,0.26,0.78,HIGH,1.0,0.4948667759565779
01_Good,05_No_Star,max_streak_aspect_ratio,0.288,0.1287866452703851,0.16,0.535,0.45199999999999996,0.2044896085379401,0.07000000000000006,0.6799999999999999,LOW,0.8,0.423951039146206
01_Good,05_No_Star,max_streak_length_ratio,0.6839999999999999,0.09457272334029511,0.57,0.85,0.368,0.18914544668059022,0.1399999999999999,0.7,HIGH,1.0,0.4386854553319409
01_Good,05_No_Star,mean_aspect_ratio,0.976,0.03878143885933062,0.9,1.0,0.952,0.07756287771866124,0.8,1.0,HIGH,1.0,0.9106437122281339
01_Good,05_No_Star,mean_circularity,0.874,0.0463033476111609,0.83,0.96,0.7479999999999999,0.0926066952223218,0.6599999999999999,0.9199999999999999,HIGH,1.0,0.7753393304777678
01_Good,05_No_Star,mean_fwhm,0.998,0.0040000000000000036,0.99,1.0,0.9960000000000001,0.008000000000000007,0.98,1.0,HIGH,1.0,0.9914000000000001
01_Good,05_No_Star,mean_hfr,0.992,0.011661903789690611,0.97,1.0,0.984,0.023323807579381222,0.94,1.0,HIGH,1.0,0.9724676192420619
01_Good,05_No_Star,mean_hollowness,0.968,0.006782329983125275,0.955,0.975,0.9359999999999999,0.01356465996625055,0.9099999999999999,0.95,HIGH,1.0,0.942843534003375
01_Good,05_No_Star,mean_intensity,0.10600000000000001,0.051224993899462785,0.02,0.18,0.788,0.10244998779892556,0.64,0.96,LOW,1.0,0.7863550012201075
01_Good,05_No_Star,mean_star_area,0.999,0.0020000000000000018,0.995,1.0,0.998,0.0040000000000000036,0.99,1.0,HIGH,1.0,0.9957
01_Good,05_No_Star,median_eccentricity,0.914,0.03720215047547656,0.85,0.96,0.8280000000000001,0.07440430095095311,0.7,0.9199999999999999,HIGH,1.0,0.8251595699049047
01_Good,05_No_Star,median_fwhm,0.9940000000000001,0.008000000000000007,0.98,1.0,0.9879999999999999,0.016000000000000014,0.96,1.0,HIGH,1.0,0.981
01_Good,05_No_Star,median_fwhm_ratio,0.916,0.039799497484264805,0.85,0.97,0.8320000000000001,0.07959899496852961,0.7,0.94,HIGH,1.0,0.8264401005031471
01_Good,05_No_Star,median_hfr,0.982,0.014696938456699083,0.96,1.0,0.9640000000000001,0.029393876913398165,0.9199999999999999,1.0,HIGH,1.0,0.9568606123086603
01_Good,05_No_Star,saturated_ratio,0.182,0.06079473661428266,0.08,0.27,0.636,0.12158947322856532,0.45999999999999996,0.84,LOW,1.0,0.6620410526771435
01_Good,05_No_Star,sharpness,0.164,0.06651315659326357,0.04,0.23,0.6719999999999999,0.1330263131865271,0.54,0.92,LOW,1.0,0.7010973686813473
01_Good,05_No_Star,star_count,0.992,0.007483314773547889,0.98,1.0,0.984,0.014966629547095779,0.96,1.0,HIGH,1.0,0.9793033370452905
01_Good,05_No_Star,std_intensity,0.10200000000000001,0.057061370470748426,0.04,0.19,0.7959999999999999,0.11412274094149685,0.62,0.92,LOW,1.0,0.7827877259058503
01_Good,05_No_Star,streak_count,0.5,0.0,0.5,0.5,0.0,0.0,0.0,0.0,UNKNOWN,0.0,0.1
01_Good,05_No_Star,valid_profile_count,0.992,0.007483314773547889,0.98,1.0,0.984,0.014966629547095779,0.96,1.0,HIGH,1.0,0.9793033370452905
01_Good,06_Satellite,axis_aligned_line_ratio,0.373,0.11043550153822819,0.245,0.52,0.27,0.2009975124224178,0.020000000000000018,0.51,LOW,0.8,0.3274002487577582
01_Good,06_Satellite,background_mad,0.526,0.0783836717690617,0.43,0.67,0.10800000000000003,0.12496399481450648,0.020000000000000018,0.3400000000000001,HIGH,0.8,0.26210360051854936
01_Good,06_Satellite,background_median,0.505,0.0773950902835574,0.425,0.64,0.12200000000000003,0.09579144011862438,0.0,0.28,HIGH,0.5,0.22032085598813758
01_Good,06_Satellite,bright_area_ratio,0.45,0.04690415759823429,0.39,0.51,0.10800000000000001,0.08447484832777147,0.020000000000000018,0.21999999999999997,LOW,0.8,0.2661525151672228
01_Good,06_Satellite,diagonal_line_ratio,0.606,0.1290891165048394,0.44,0.77,0.268,0.19943921379708654,0.020000000000000018,0.54,HIGH,0.6,0.29665607862029136
01_Good,06_Satellite,elongated_angle_consistency,0.313,0.08919641248391103,0.24,0.48,0.374,0.17839282496782205,0.040000000000000036,0.52,LOW,1.0,0.41246071750321783
01_Good,06_Satellite,elongated_angle_std,0.6869999999999999,0.08919641248391103,0.52,0.76,0.374,0.17839282496782205,0.040000000000000036,0.52,HIGH,1.0,0.41246071750321783
01_Good,06_Satellite,elongated_radial_alignment,0.372,0.08518215775618741,0.22,0.47,0.25600000000000006,0.17036431551237485,0.06000000000000005,0.56,LOW,1.0,0.3661635684487625
01_Good,06_Satellite,elongated_star_count,0.457,0.02767670500619609,0.43,0.495,0.08600000000000001,0.05535341001239218,0.010000000000000009,0.14,LOW,1.0,0.2861646589987608
01_Good,06_Satellite,elongated_star_ratio,0.392,0.06523802572120035,0.3,0.48,0.21600000000000003,0.1304760514424007,0.040000000000000036,0.4,LOW,1.0,0.34615239485575994
01_Good,06_Satellite,line_angle_std,0.41400000000000003,0.1467787450552702,0.22,0.55,0.25200000000000006,0.22859571299567275,0.040000000000000036,0.56,HIGH,0.6,0.2925404287004328
01_Good,06_Satellite,long_line_count,0.597,0.15989371469823324,0.345,0.8,0.318,0.19691622584236174,0.030000000000000027,0.6000000000000001,HIGH,0.8,0.3524083774157638
01_Good,06_Satellite,longest_line_ratio,0.532,0.08158431221748455,0.385,0.605,0.156,0.07989993742175269,0.020000000000000018,0.22999999999999998,HIGH,0.8,0.2882100062578247
01_Good,06_Satellite,max_aspect_ratio,0.425,0.06395310782127794,0.305,0.49,0.15,0.12790621564255586,0.020000000000000018,0.39,LOW,1.0,0.3107093784357444
01_Good,06_Satellite,max_streak_area_ratio,0.356,0.058855755878248636,0.28,0.43,0.288,0.11771151175649727,0.14,0.43999999999999995,LOW,1.0,0.4098288488243503
01_Good,06_Satellite,max_streak_aspect_ratio,0.072,0.09152048950918039,0.0,0.24,0.8560000000000001,0.18304097901836078,0.52,1.0,LOW,1.0,0.772895902098164
01_Good,06_Satellite,max_streak_length_ratio,0.05600000000000001,0.02727636339397171,0.02,0.09,0.8879999999999999,0.054552726787943394,0.8200000000000001,0.96,LOW,1.0,0.8901447273212056
01_Good,06_Satellite,mean_aspect_ratio,0.396,0.0989141041510259,0.3,0.54,0.24000000000000005,0.1574801574802362,0.020000000000000018,0.4,LOW,0.8,0.3182519842519764
01_Good,06_Satellite,mean_circularity,0.64,0.0525357021462548,0.57,0.72,0.27999999999999997,0.1050714042925096,0.1399999999999999,0.43999999999999995,HIGH,1.0,0.407492859570749
01_Good,06_Satellite,mean_fwhm,0.42600000000000005,0.09286549412995121,0.3,0.53,0.188,0.14510685717773644,0.040000000000000036,0.4,LOW,0.6,0.2720893142822264
01_Good,06_Satellite,mean_hfr,0.362,0.07520638270785265,0.25,0.46,0.27599999999999997,0.1504127654157053,0.07999999999999996,0.5,LOW,1.0,0.38315872345842944
01_Good,06_Satellite,mean_hollowness,0.577,0.07366138744281157,0.5,0.695,0.154,0.14732277488562312,0.0,0.3899999999999999,HIGH,1.0,0.3045677225114377
01_Good,06_Satellite,mean_intensity,0.5119999999999999,0.0762627038597505,0.43,0.64,0.12800000000000003,0.08634813257969161,0.020000000000000018,0.28,HIGH,0.6,0.24496518674203085
01_Good,06_Satellite,mean_star_area,0.438,0.0719444229944198,0.3,0.51,0.132,0.136586968631711,0.020000000000000018,0.4,LOW,0.8,0.2717413031368289
01_Good,06_Satellite,median_eccentricity,0.42400000000000004,0.09112628599915613,0.27,0.52,0.176,0.15919798993705916,0.020000000000000018,0.45999999999999996,LOW,0.6,0.2592802010062941
01_Good,06_Satellite,median_fwhm,0.484,0.09687104830649867,0.36,0.63,0.168,0.10166612021711066,0.020000000000000018,0.28,LOW,0.6,0.26143338797828897
01_Good,06_Satellite,median_fwhm_ratio,0.43,0.08124038404635961,0.3,0.52,0.164,0.13821722034536796,0.020000000000000018,0.4,LOW,0.6,0.25597827796546324
01_Good,06_Satellite,median_hfr,0.434,0.09002221947941522,0.31,0.55,0.18800000000000003,0.12039933554633928,0.040000000000000036,0.38,LOW,0.6,0.2745600664453661
01_Good,06_Satellite,saturated_ratio,0.488,0.09962931295557549,0.355,0.66,0.16,0.1211610498468877,0.020000000000000018,0.32000000000000006,LOW,0.6,0.2558838950153113
01_Good,06_Satellite,sharpness,0.516,0.06086049621881177,0.44,0.61,0.10400000000000002,0.07088018058667739,0.020000000000000018,0.21999999999999997,LOW,0.6,0.23571198194133228
01_Good,06_Satellite,star_count,0.51,0.054037024344425214,0.41,0.56,0.09200000000000005,0.06013318551349165,0.0,0.18000000000000005,HIGH,0.75,0.24788668144865084
01_Good,06_Satellite,std_intensity,0.548,0.06910861017268399,0.46,0.67,0.12800000000000006,0.10925200226998133,0.040000000000000036,0.3400000000000001,HIGH,0.8,0.2786747997730019
01_Good,06_Satellite,streak_count,0.13,0.02449489742783178,0.1,0.15,0.74,0.048989794855663606,0.7,0.8,LOW,1.0,0.7881010205144336
01_Good,06_Satellite,valid_profile_count,0.51,0.054037024344425214,0.41,0.56,0.09200000000000005,0.06013318551349165,0.0,0.18000000000000005,HIGH,0.75,0.24788668144865084
02_Out_of_Focus,03_Tracking_Error,axis_aligned_line_ratio,0.625,0.06033241251599344,0.52,0.68,0.25000000000000006,0.12066482503198689,0.040000000000000036,0.3600000000000001,HIGH,1.0,0.36243351749680136
02_Out_of_Focus,03_Tracking_Error,background_mad,0.24200000000000005,0.06910861017268398,0.155,0.36,0.516,0.13821722034536793,0.28,0.69,LOW,1.0,0.5523782779654632
02_Out_of_Focus,03_Tracking_Error,background_median,0.22200000000000003,0.038026306683663094,0.16,0.28,0.556,0.07605261336732617,0.43999999999999995,0.6799999999999999,LOW,1.0,0.6245947386632674
02_Out_of_Focus,03_Tracking_Error,bright_area_ratio,0.5519999999999999,0.1321589951535649,0.38,0.71,0.252,0.13105723940324696,0.09000000000000008,0.41999999999999993,HIGH,0.6,0.3172942760596753
02_Out_of_Focus,03_Tracking_Error,diagonal_line_ratio,0.24499999999999997,0.08843076387773657,0.15,0.385,0.51,0.17686152775547315,0.22999999999999998,0.7,LOW,1.0,0.5308138472244527
02_Out_of_Focus,03_Tracking_Error,elongated_angle_consistency,0.45099999999999996,0.07282856582413248,0.385,0.58,0.16199999999999998,0.06764613810115103,0.040000000000000036,0.22999999999999998,LOW,0.8,0.2981353861898849
02_Out_of_Focus,03_Tracking_Error,elongated_angle_std,0.5489999999999999,0.0728285658241325,0.42,0.615,0.16199999999999998,0.06764613810115104,0.040000000000000036,0.22999999999999998,HIGH,0.8,0.2981353861898849
02_Out_of_Focus,03_Tracking_Error,elongated_radial_alignment,0.49000000000000005,0.08074651695274537,0.4,0.59,0.14799999999999996,0.06764613810115103,0.020000000000000018,0.19999999999999996,LOW,0.6,0.2558353861898849
02_Out_of_Focus,03_Tracking_Error,elongated_star_count,0.495,0.1033440854621105,0.355,0.645,0.178,0.10552724766618338,0.010000000000000009,0.29000000000000004,LOW,0.6,0.26254727523338167
02_Out_of_Focus,03_Tracking_Error,elongated_star_ratio,0.6,0.053197744313081566,0.525,0.68,0.2,0.10639548862616313,0.050000000000000044,0.3600000000000001,HIGH,1.0,0.34436045113738367
02_Out_of_Focus,03_Tracking_Error,line_angle_std,0.5710000000000001,0.05851495535331117,0.47,0.62,0.166,0.07939773296511679,0.06000000000000005,0.24,HIGH,0.8,0.30476022670348835
02_Out_of_Focus,03_Tracking_Error,long_line_count,0.55,0.06465291950097846,0.475,0.635,0.13999999999999999,0.08438009243891592,0.050000000000000044,0.27,HIGH,0.6,0.2595619907561084
02_Out_of_Focus,03_Tracking_Error,longest_line_ratio,0.399,0.07651143705355429,0.29,0.495,0.202,0.15302287410710858,0.010000000000000009,0.42000000000000004,LOW,1.0,0.32859771258928916
02_Out_of_Focus,03_Tracking_Error,max_aspect_ratio,0.564,0.1011137972781163,0.45,0.725,0.172,0.16642115250171774,0.010000000000000009,0.44999999999999996,HIGH,0.6,0.25375788474982824
02_Out_of_Focus,03_Tracking_Error,max_streak_area_ratio,0.466,0.06343500610861484,0.36,0.55,0.10800000000000003,0.09516301802696256,0.020000000000000018,0.28,LOW,0.8,0.26508369819730376
02_Out_of_Focus,03_Tracking_Error,max_streak_aspect_ratio,0.246,0.1155162326255492,0.07,0.43,0.508,0.2310324652510984,0.14,0.86,LOW,1.0,0.49749675347489014
02_Out_of_Focus,03_Tracking_Error,max_streak_length_ratio,0.30000000000000004,0.059665735560705195,0.23,0.4,0.4,0.1193314711214104,0.19999999999999996,0.54,LOW,1.0,0.478066852887859
02_Out_of_Focus,03_Tracking_Error,mean_aspect_ratio,0.5599999999999999,0.05958187643906493,0.495,0.655,0.12400000000000003,0.1149956520917204,0.010000000000000009,0.31000000000000005,HIGH,0.8,0.267300434790828
02_Out_of_Focus,03_Tracking_Error,mean_circularity,0.41200000000000003,0.09942836617384397,0.295,0.58,0.24,0.11366617790706261,0.07999999999999996,0.41000000000000003,LOW,0.8,0.34063338220929373
02_Out_of_Focus,03_Tracking_Error,mean_fwhm,0.4669999999999999,0.10351811435686027,0.3,0.6,0.17,0.13535139452550904,0.010000000000000009,0.4,LOW,0.6,0.2559648605474491
02_Out_of_Focus,03_Tracking_Error,mean_hfr,0.38499999999999995,0.12441864811996632,0.21,0.6,0.31,0.1368210510118966,0.19999999999999996,0.5800000000000001,LOW,0.8,0.40581789489881037
02_Out_of_Focus,03_Tracking_Error,mean_hollowness,0.6869999999999999,0.07560423268574318,0.6,0.82,0.37399999999999994,0.15120846537148636,0.19999999999999996,0.6399999999999999,HIGH,1.0,0.4631791534628513
02_Out_of_Focus,03_Tracking_Error,mean_intensity,0.21600000000000003,0.03929376540877701,0.16,0.28,0.568,0.078587530817554,0.43999999999999995,0.6799999999999999,LOW,1.0,0.6297412469182446
02_Out_of_Focus,03_Tracking_Error,mean_star_area,0.546,0.07248448109768049,0.445,0.64,0.14400000000000002,0.09350935782048767,0.020000000000000018,0.28,HIGH,0.6,0.2514490642179512
02_Out_of_Focus,03_Tracking_Error,median_eccentricity,0.551,0.12109500402576483,0.37,0.73,0.21400000000000002,0.1525254077195009,0.020000000000000018,0.45999999999999996,HIGH,0.6,0.27704745922804996
02_Out_of_Focus,03_Tracking_Error,median_fwhm,0.519,0.12084701072016636,0.33,0.65,0.20200000000000004,0.13804347141389917,0.010000000000000009,0.33999999999999997,LOW,0.6,0.2700956528586101
02_Out_of_Focus,03_Tracking_Error,median_fwhm_ratio,0.5589999999999999,0.1217538500417954,0.37,0.73,0.22999999999999998,0.14254823744964368,0.020000000000000018,0.45999999999999996,HIGH,0.6,0.28524517625503565
02_Out_of_Focus,03_Tracking_Error,median_hfr,0.413,0.11805083650698964,0.23,0.59,0.246,0.15969971822141704,0.06000000000000005,0.54,LOW,0.8,0.33273002817785835
02_Out_of_Focus,03_Tracking_Error,saturated_ratio,0.31300000000000006,0.057061370470748426,0.235,0.4,0.374,0.11412274094149685,0.19999999999999996,0.53,LOW,1.0,0.46688772590585026
02_Out_of_Focus,03_Tracking_Error,sharpness,0.26399999999999996,0.098508882848198,0.16,0.43,0.4720000000000001,0.19701776569639598,0.14,0.6799999999999999,LOW,1.0,0.4846982234303604
02_Out_of_Focus,03_Tracking_Error,star_count,0.441,0.1475262688472802,0.25,0.61,0.2859999999999999,0.1385063175454463,0.12,0.5,LOW,0.6,0.34084936824545536
02_Out_of_Focus,03_Tracking_Error,std_intensity,0.22999999999999998,0.05477225575051661,0.17,0.33,0.54,0.10954451150103323,0.33999999999999997,0.6599999999999999,LOW,1.0,0.5840455488498967
02_Out_of_Focus,03_Tracking_Error,streak_count,0.45,0.031622776601683784,0.4,0.5,0.09999999999999998,0.06324555320336757,0.0,0.19999999999999996,LOW,1.0,0.2886754446796632
02_Out_of_Focus,03_Tracking_Error,valid_profile_count,0.441,0.1475262688472802,0.25,0.61,0.2859999999999999,0.1385063175454463,0.12,0.5,LOW,0.6,0.34084936824545536
02_Out_of_Focus,04_Over_Saturated,axis_aligned_line_ratio,0.5549999999999999,0.1401784576887619,0.415,0.81,0.22200000000000003,0.20350921355064006,0.050000000000000044,0.6200000000000001,HIGH,0.6,0.28454907864493606
02_Out_of_Focus,04_Over_Saturated,background_mad,0.8390000000000001,0.06208059278067503,0.77,0.93,0.6780000000000002,0.12416118556135006,0.54,0.8600000000000001,HIGH,1.0,0.7046838814438651
02_Out_of_Focus,04_Over_Saturated,background_median,0.8539999999999999,0.05161395160225577,0.77,0.92,0.708,0.10322790320451154,0.54,0.8400000000000001,HIGH,1.0,0.7202772096795489
02_Out_of_Focus,04_Over_Saturated,bright_area_ratio,0.252,0.10777754868245984,0.06,0.36,0.4960000000000001,0.21555509736491968,0.28,0.88,LOW,1.0,0.5356444902635081
02_Out_of_Focus,04_Over_Saturated,diagonal_line_ratio,0.637,0.13934130758680285,0.4,0.78,0.354,0.16560193235587564,0.19999999999999996,0.56,HIGH,0.8,0.4227398067644124
02_Out_of_Focus,04_Over_Saturated,elongated_angle_consistency,0.46799999999999997,0.10303397497913007,0.38,0.66,0.192,0.09846826900072937,0.020000000000000018,0.32000000000000006,LOW,0.8,0.3025531730999271
02_Out_of_Focus,04_Over_Saturated,elongated_angle_std,0.5319999999999999,0.10303397497913006,0.34,0.62,0.19199999999999998,0.09846826900072934,0.020000000000000018,0.31999999999999995,HIGH,0.8,0.302553173099927
02_Out_of_Focus,04_Over_Saturated,elongated_radial_alignment,0.394,0.11253443917308159,0.27,0.54,0.244,0.18990523952750746,0.0,0.45999999999999996,LOW,0.75,0.3033094760472492
02_Out_of_Focus,04_Over_Saturated,elongated_star_count,0.41500000000000004,0.10540398474441087,0.345,0.625,0.27,0.02097617696340305,0.25,0.31000000000000005,LOW,0.8,0.4144023823036597
02_Out_of_Focus,04_Over_Saturated,elongated_star_ratio,0.7699999999999999,0.0469041575982343,0.71,0.85,0.5399999999999999,0.09380831519646861,0.41999999999999993,0.7,HIGH,1.0,0.609619168480353
02_Out_of_Focus,04_Over_Saturated,line_angle_std,0.686,0.10253779790886872,0.535,0.805,0.372,0.20507559581773743,0.07000000000000006,0.6100000000000001,HIGH,1.0,0.41789244041822626
02_Out_of_Focus,04_Over_Saturated,long_line_count,0.748,0.07046985170979148,0.67,0.875,0.496,0.14093970341958295,0.3400000000000001,0.75,HIGH,1.0,0.5611060296580418
02_Out_of_Focus,04_Over_Saturated,longest_line_ratio,0.7539999999999999,0.06351377803280168,0.71,0.88,0.5079999999999999,0.12702755606560337,0.41999999999999993,0.76,HIGH,1.0,0.5918972443934396
02_Out_of_Focus,04_Over_Saturated,max_aspect_ratio,0.275,0.08631338250816036,0.13,0.395,0.45,0.1726267650163207,0.20999999999999996,0.74,LOW,1.0,0.4982373234983679
02_Out_of_Focus,04_Over_Saturated,max_streak_area_ratio,0.5399999999999999,0.05549774770204643,0.47,0.61,0.10400000000000001,0.08890444308357145,0.0,0.21999999999999997,HIGH,0.75,0.25040955569164286
02_Out_of_Focus,04_Over_Saturated,max_streak_aspect_ratio,0.34900000000000003,0.17252246230563717,0.1,0.64,0.41400000000000003,0.19713954448562573,0.27,0.8,LOW,0.8,0.46758604555143746
02_Out_of_Focus,04_Over_Saturated,max_streak_length_ratio,0.32,0.058991524815010514,0.22,0.4,0.36,0.11798304963002104,0.19999999999999996,0.56,LOW,1.0,0.4602016950369979
02_Out_of_Focus,04_Over_Saturated,mean_aspect_ratio,0.642,0.08908422980528036,0.5,0.74,0.284,0.17816845961056071,0.0,0.48,HIGH,1.0,0.35998315403894393
02_Out_of_Focus,04_Over_Saturated,mean_circularity,0.126,0.08039900496896714,0.01,0.26,0.7479999999999999,0.16079800993793425,0.48,0.98,LOW,1.0,0.7145201990062066
02_Out_of_Focus,04_Over_Saturated,mean_fwhm,0.692,0.12367699866992245,0.47,0.85,0.40800000000000003,0.20536796244789496,0.06000000000000005,0.7,HIGH,0.8,0.4010632037552105
02_Out_of_Focus,04_Over_Saturated,mean_hfr,0.762,0.09410632284814872,0.6,0.87,0.524,0.18821264569629745,0.19999999999999996,0.74,HIGH,1.0,0.5269787354303702
02_Out_of_Focus,04_Over_Saturated,mean_hollowness,0.622,0.10623558725775462,0.545,0.83,0.244,0.21247117451550923,0.09000000000000008,0.6599999999999999,HIGH,1.0,0.36555288254844914
02_Out_of_Focus,04_Over_Saturated,mean_intensity,0.8480000000000001,0.057061370470748426,0.78,0.93,0.696,0.11412274094149687,0.56,0.8600000000000001,HIGH,1.0,0.7197877259058503
02_Out_of_Focus,04_Over_Saturated,mean_star_area,0.568,0.11196428001822724,0.42,0.76,0.2,0.16923356641044943,0.020000000000000018,0.52,HIGH,0.8,0.2990766433589551
02_Out_of_Focus,04_Over_Saturated,median_eccentricity,0.20800000000000002,0.06368673331236263,0.14,0.29,0.5839999999999999,0.12737346662472523,0.42000000000000004,0.72,LOW,1.0,0.6260626533375274
02_Out_of_Focus,04_Over_Saturated,median_fwhm,0.768,0.08840814442120139,0.64,0.9,0.5360000000000001,0.1768162888424028,0.28,0.8,HIGH,1.0,0.5575183711157599
02_Out_of_Focus,04_Over_Saturated,median_fwhm_ratio,0.22800000000000004,0.06209669878504008,0.14,0.29,0.5439999999999999,0.12419339757008015,0.42000000000000004,0.72,LOW,1.0,0.608380660242992
02_Out_of_Focus,04_Over_Saturated,median_hfr,0.7959999999999999,0.07391887445030533,0.72,0.9,0.592,0.14783774890061066,0.43999999999999995,0.8,HIGH,1.0,0.633616225109939
02_Out_of_Focus,04_Over_Saturated,saturated_ratio,0.704,0.060448325038829624,0.635,0.815,0.40800000000000003,0.12089665007765925,0.27,0.6299999999999999,HIGH,1.0,0.5025103349922341
02_Out_of_Focus,04_Over_Saturated,sharpness,0.79,0.055497747702046435,0.72,0.87,0.58,0.11099549540409287,0.43999999999999995,0.74,HIGH,1.0,0.6319004504595908
02_Out_of_Focus,04_Over_Saturated,star_count,0.17099999999999999,0.06887670143089025,0.04,0.24,0.658,0.13775340286178053,0.52,0.92,LOW,1.0,0.6883246597138221
02_Out_of_Focus,04_Over_Saturated,std_intensity,0.744,0.05462600113499067,0.67,0.8,0.4880000000000001,0.10925200226998134,0.3400000000000001,0.6000000000000001,HIGH,1.0,0.5606747997730019
02_Out_of_Focus,04_Over_Saturated,streak_count,0.39,0.058309518948453015,0.35,0.5,0.22000000000000003,0.11661903789690603,0.0,0.30000000000000004,LOW,1.0,0.3373380962103094
02_Out_of_Focus,04_Over_Saturated,valid_profile_count,0.17099999999999999,0.06887670143089025,0.04,0.24,0.658,0.13775340286178053,0.52,0.92,LOW,1.0,0.6883246597138221
02_Out_of_Focus,05_No_Star,axis_aligned_line_ratio,0.5959999999999999,0.05276362383309166,0.53,0.69,0.19199999999999995,0.10552724766618331,0.06000000000000005,0.3799999999999999,HIGH,1.0,0.34384727523338166
02_Out_of_Focus,05_No_Star,background_mad,0.028999999999999998,0.024166091947189144,0.0,0.055,0.942,0.04833218389437828,0.89,1.0,LOW,1.0,0.9360667816105622
02_Out_of_Focus,05_No_Star,background_median,0.004,0.008,0.0,0.02,0.992,0.016000000000000014,0.96,1.0,LOW,1.0,0.9828
02_Out_of_Focus,05_No_Star,bright_area_ratio,0.952,0.029765752132274417,0.92,1.0,0.9039999999999999,0.05953150426454883,0.8400000000000001,1.0,HIGH,1.0,0.9028468495735452
02_Out_of_Focus,05_No_Star,diagonal_line_ratio,0.211,0.0708801805866774,0.11,0.325,0.5780000000000001,0.1417603611733548,0.35,0.78,LOW,1.0,0.6009239638826646
02_Out_of_Focus,05_No_Star,elongated_angle_consistency,0.85,0.06324555320336755,0.8,0.95,0.7000000000000001,0.1264911064067351,0.6000000000000001,0.8999999999999999,HIGH,1.0,0.7323508893593267
02_Out_of_Focus,05_No_Star,elongated_angle_std,0.15,0.0632455532033676,0.05,0.2,0.7000000000000001,0.1264911064067352,0.6,0.9,LOW,1.0,0.7323508893593265
02_Out_of_Focus,05_No_Star,elongated_radial_alignment,0.9099999999999999,0.019999999999999973,0.9,0.95,0.82,0.039999999999999945,0.8,0.8999999999999999,HIGH,1.0,0.855
02_Out_of_Focus,05_No_Star,elongated_star_count,0.9099999999999999,0.019999999999999973,0.9,0.95,0.82,0.039999999999999945,0.8,0.8999999999999999,HIGH,1.0,0.855
02_Out_of_Focus,05_No_Star,elongated_star_ratio,0.9099999999999999,0.019999999999999973,0.9,0.95,0.82,0.039999999999999945,0.8,0.8999999999999999,HIGH,1.0,0.855
02_Out_of_Focus,05_No_Star,line_angle_std,0.536,0.10442221985765292,0.4,0.68,0.184,0.12224565431948903,0.020000000000000018,0.3600000000000001,HIGH,0.6,0.2665754345680511
02_Out_of_Focus,05_No_Star,long_line_count,0.568,0.06392182725798756,0.49,0.675,0.14400000000000004,0.11876026271442819,0.020000000000000018,0.3500000000000001,HIGH,0.8,0.2789239737285572
02_Out_of_Focus,05_No_Star,longest_line_ratio,0.2700000000000001,0.1177709641634983,0.11,0.405,0.45999999999999996,0.2355419283269966,0.18999999999999995,0.78,LOW,1.0,0.49044580716730024
02_Out_of_Focus,05_No_Star,max_aspect_ratio,0.945,0.028460498941515398,0.925,1.0,0.89,0.056920997883030795,0.8500000000000001,1.0,HIGH,1.0,0.8998079002116969
02_Out_of_Focus,05_No_Star,max_streak_area_ratio,0.7,0.09273618495495704,0.62,0.86,0.4,0.1854723699099141,0.24,0.72,HIGH,1.0,0.48345276300900863
02_Out_of_Focus,05_No_Star,max_streak_aspect_ratio,0.253,0.16957594168985177,0.085,0.51,0.502,0.32719413197672115,0.020000000000000018,0.83,LOW,0.8,0.4191805868023279
02_Out_of_Focus,05_No_Star,max_streak_length_ratio,0.612,0.11034491379306981,0.47,0.81,0.248,0.1933287355775132,0.06000000000000005,0.6200000000000001,HIGH,0.8,0.3302671264422487
02_Out_of_Focus,05_No_Star,mean_aspect_ratio,0.9309999999999998,0.04374928570845471,0.865,1.0,0.8619999999999999,0.08749857141690942,0.73,1.0,HIGH,1.0,0.8481501428583091
02_Out_of_Focus,05_No_Star,mean_circularity,0.795,0.052630789467763076,0.705,0.855,0.5900000000000001,0.10526157893552615,0.4099999999999999,0.71,HIGH,1.0,0.6279738421064475
02_Out_of_Focus,05_No_Star,mean_fwhm,0.924,0.039420806688854046,0.87,0.99,0.8480000000000001,0.07884161337770809,0.74,0.98,HIGH,1.0,0.8457158386622292
02_Out_of_Focus,05_No_Star,mean_hfr,0.916,0.04397726685459205,0.86,0.99,0.8320000000000001,0.0879545337091841,0.72,0.98,HIGH,1.0,0.8316045466290817
02_Out_of_Focus,05_No_Star,mean_hollowness,0.9400000000000001,0.026076809620810576,0.92,0.99,0.8800000000000001,0.05215361924162115,0.8400000000000001,0.98,HIGH,1.0,0.8927846380758381
02_Out_of_Focus,05_No_Star,mean_intensity,0.002,0.004,0.0,0.01,0.9960000000000001,0.008000000000000007,0.98,1.0,LOW,1.0,0.9914000000000001
02_Out_of_Focus,05_No_Star,mean_star_area,0.937,0.03295451410656815,0.905,1.0,0.8740000000000002,0.06590902821313631,0.81,1.0,HIGH,1.0,0.8797090971786865
02_Out_of_Focus,05_No_Star,median_eccentricity,0.9199999999999999,0.03937003937005905,0.88,0.99,0.8400000000000001,0.0787400787401181,0.76,0.98,HIGH,1.0,0.8481259921259883
02_Out_of_Focus,05_No_Star,median_fwhm,0.9039999999999999,0.05471745608121783,0.815,0.98,0.808,0.10943491216243566,0.6299999999999999,0.96,HIGH,1.0,0.7916565087837565
02_Out_of_Focus,05_No_Star,median_fwhm_ratio,0.9199999999999999,0.03937003937005905,0.88,0.99,0.8400000000000001,0.0787400787401181,0.76,0.98,HIGH,1.0,0.8481259921259883
02_Out_of_Focus,05_No_Star,median_hfr,0.882,0.053907327887774234,0.815,0.97,0.7639999999999999,0.10781465577554847,0.6299999999999999,0.94,HIGH,1.0,0.7720185344224451
02_Out_of_Focus,05_No_Star,saturated_ratio,0.048,0.0116619037896906,0.03,0.06,0.9039999999999999,0.023323807579381187,0.88,0.94,LOW,1.0,0.918467619242062
02_Out_of_Focus,05_No_Star,sharpness,0.044,0.03440930106817051,0.0,0.1,0.9119999999999999,0.06881860213634099,0.8,1.0,LOW,1.0,0.8935181397863659
02_Out_of_Focus,05_No_Star,star_count,0.946,0.02745906043549195,0.925,1.0,0.892,0.0549181208709839,0.8500000000000001,1.0,HIGH,1.0,0.9009081879129017
02_Out_of_Focus,05_No_Star,std_intensity,0.0,0.0,0.0,0.0,1.0,0.0,1.0,1.0,LOW,1.0,1.0
02_Out_of_Focus,05_No_Star,streak_count,0.5,0.0,0.5,0.5,0.0,0.0,0.0,0.0,UNKNOWN,0.0,0.1
02_Out_of_Focus,05_No_Star,valid_profile_count,0.946,0.02745906043549195,0.925,1.0,0.892,0.0549181208709839,0.8500000000000001,1.0,HIGH,1.0,0.9009081879129017
02_Out_of_Focus,06_Satellite,axis_aligned_line_ratio,0.558,0.0793473376995095,0.45,0.65,0.15600000000000003,0.11959933110180844,0.040000000000000036,0.30000000000000004,HIGH,0.8,0.2902400668898192
02_Out_of_Focus,06_Satellite,background_mad,0.23200000000000004,0.10200980345045275,0.065,0.33,0.5359999999999999,0.20401960690090548,0.33999999999999997,0.87,LOW,1.0,0.5727980393099095
02_Out_of_Focus,06_Satellite,background_median,0.20099999999999998,0.07109149034870489,0.07,0.265,0.5979999999999999,0.14218298069740976,0.47,0.86,LOW,1.0,0.645881701930259
02_Out_of_Focus,06_Satellite,bright_area_ratio,0.52,0.08124038404635961,0.44,0.64,0.144,0.08522910301065006,0.020000000000000018,0.28,LOW,0.6,0.25227708969893503
02_Out_of_Focus,06_Satellite,diagonal_line_ratio,0.276,0.07059745037889116,0.15,0.36,0.44799999999999995,0.14119490075778232,0.28,0.7,LOW,1.0,0.5214805099242218
02_Out_of_Focus,06_Satellite,elongated_angle_consistency,0.34199999999999997,0.08975522268926749,0.19,0.47,0.316,0.17951044537853497,0.06000000000000005,0.62,LOW,1.0,0.39224895546214655
02_Out_of_Focus,06_Satellite,elongated_angle_std,0.658,0.08975522268926751,0.53,0.81,0.31600000000000006,0.17951044537853503,0.06000000000000005,0.6200000000000001,HIGH,1.0,0.39224895546214655
02_Out_of_Focus,06_Satellite,elongated_radial_alignment,0.388,0.07652450587883594,0.3,0.48,0.22400000000000003,0.1530490117576719,0.040000000000000036,0.4,LOW,1.0,0.34749509882423285
02_Out_of_Focus,06_Satellite,elongated_star_count,0.51,0.03962322551231792,0.465,0.56,0.07200000000000004,0.03867815921162747,0.020000000000000018,0.1200000000000001,LOW,0.6,0.2245321840788373
02_Out_of_Focus,06_Satellite,elongated_star_ratio,0.5980000000000001,0.10380751417888782,0.47,0.73,0.21999999999999997,0.1819890106572372,0.0,0.45999999999999996,HIGH,0.75,0.29330109893427625
02_Out_of_Focus,06_Satellite,line_angle_std,0.5120000000000001,0.09368030742904297,0.4,0.68,0.14400000000000004,0.12224565431948901,0.040000000000000036,0.3600000000000001,LOW,0.6,0.25457543456805115
02_Out_of_Focus,06_Satellite,long_line_count,0.496,0.07532595834106592,0.38,0.6,0.124,0.08593020423576332,0.0,0.24,HIGH,0.5,0.22220697957642366
02_Out_of_Focus,06_Satellite,longest_line_ratio,0.413,0.04675467891024384,0.36,0.485,0.174,0.09350935782048767,0.030000000000000027,0.28,LOW,1.0,0.3279490642179512
02_Out_of_Focus,06_Satellite,max_aspect_ratio,0.43599999999999994,0.061757590626578034,0.33,0.505,0.132,0.11923086848631102,0.010000000000000009,0.33999999999999997,LOW,0.8,0.2704769131513689
02_Out_of_Focus,06_Satellite,max_streak_area_ratio,0.24200000000000005,0.0735934779718964,0.11,0.32,0.516,0.1471869559437928,0.36,0.78,LOW,1.0,0.5754813044056207
02_Out_of_Focus,06_Satellite,max_streak_aspect_ratio,0.05800000000000001,0.06493073232299171,0.0,0.17,0.884,0.12986146464598344,0.6599999999999999,1.0,LOW,1.0,0.8328138535354017
02_Out_of_Focus,06_Satellite,max_streak_length_ratio,0.018,0.019390719429665314,0.0,0.05,0.9640000000000001,0.03878143885933063,0.9,1.0,LOW,1.0,0.949921856114067
02_Out_of_Focus,06_Satellite,mean_aspect_ratio,0.5359999999999999,0.07578918128598566,0.43,0.64,0.15199999999999997,0.07110555533852471,0.06000000000000005,0.28,HIGH,0.6,0.26928944446614755
02_Out_of_Focus,06_Satellite,mean_circularity,0.28200000000000003,0.08681013765684281,0.12,0.37,0.43599999999999994,0.17362027531368562,0.26,0.76,LOW,1.0,0.5068379724686315
02_Out_of_Focus,06_Satellite,mean_fwhm,0.406,0.06887670143089027,0.31,0.52,0.20400000000000001,0.11271202242884296,0.040000000000000036,0.38,LOW,0.8,0.31252879775711573
02_Out_of_Focus,06_Satellite,mean_hfr,0.28200000000000003,0.054918120870983925,0.24,0.39,0.43599999999999994,0.10983624174196785,0.21999999999999997,0.52,LOW,1.0,0.5012163758258033
02_Out_of_Focus,06_Satellite,mean_hollowness,0.746,0.08656789243131659,0.67,0.91,0.492,0.17313578486263317,0.3400000000000001,0.8200000000000001,HIGH,1.0,0.5560864215137368
02_Out_of_Focus,06_Satellite,mean_intensity,0.21400000000000002,0.07578918128598568,0.08,0.28,0.572,0.15157836257197135,0.43999999999999995,0.84,LOW,1.0,0.6242421637428028
02_Out_of_Focus,06_Satellite,mean_star_area,0.46399999999999997,0.04963869458396345,0.41,0.54,0.10400000000000005,0.0649923072370877,0.020000000000000018,0.18000000000000005,LOW,0.8,0.26630076927629126
02_Out_of_Focus,06_Satellite,median_eccentricity,0.638,0.0856504524214554,0.53,0.74,0.276,0.1713009048429108,0.06000000000000005,0.48,HIGH,1.0,0.37506990951570895
02_Out_of_Focus,06_Satellite,median_fwhm,0.492,0.10087616170334794,0.37,0.67,0.16000000000000003,0.12393546707863735,0.020000000000000018,0.3400000000000001,LOW,0.6,0.2556064532921363
02_Out_of_Focus,06_Satellite,median_fwhm_ratio,0.6419999999999999,0.08634813257969161,0.53,0.75,0.284,0.17269626515938322,0.06000000000000005,0.5,HIGH,1.0,0.3785303734840617
02_Out_of_Focus,06_Satellite,median_hfr,0.35000000000000003,0.054037024344425186,0.29,0.45,0.3,0.10807404868885039,0.09999999999999998,0.42000000000000004,LOW,1.0,0.40419259513111494
02_Out_of_Focus,06_Satellite,saturated_ratio,0.266,0.07519308478842984,0.175,0.36,0.46799999999999997,0.15038616957685969,0.28,0.65,LOW,1.0,0.529561383042314
02_Out_of_Focus,06_Satellite,sharpness,0.246,0.06651315659326355,0.14,0.32,0.508,0.1330263131865271,0.36,0.72,LOW,1.0,0.5732973686813473
02_Out_of_Focus,06_Satellite,star_count,0.413,0.07997499609252884,0.285,0.53,0.198,0.12905812643921344,0.06000000000000005,0.43000000000000005,LOW,0.8,0.3141941873560787
02_Out_of_Focus,06_Satellite,std_intensity,0.236,0.09178235124467012,0.08,0.35,0.528,0.18356470248934023,0.30000000000000004,0.84,LOW,1.0,0.5592435297510661
02_Out_of_Focus,06_Satellite,streak_count,0.13,0.02449489742783178,0.1,0.15,0.74,0.048989794855663606,0.7,0.8,LOW,1.0,0.7881010205144336
02_Out_of_Focus,06_Satellite,valid_profile_count,0.413,0.07997499609252884,0.285,0.53,0.198,0.12905812643921344,0.06000000000000005,0.43000000000000005,LOW,0.8,0.3141941873560787
03_Tracking_Error,04_Over_Saturated,axis_aligned_line_ratio,0.571,0.1508111401720708,0.37,0.83,0.246,0.22499777776680369,0.040000000000000036,0.6599999999999999,HIGH,0.8,0.3202002222233197
03_Tracking_Error,04_Over_Saturated,background_mad,0.952,0.014352700094407311,0.935,0.975,0.9039999999999999,0.028705400188814623,0.8700000000000001,0.95,HIGH,1.0,0.9149294599811185
03_Tracking_Error,04_Over_Saturated,background_median,0.951,0.024576411454889004,0.915,0.99,0.9019999999999999,0.04915282290977801,0.8300000000000001,0.98,HIGH,1.0,0.8999847177090223
03_Tracking_Error,04_Over_Saturated,bright_area_ratio,0.13199999999999998,0.0620966987850401,0.07,0.23,0.736,0.12419339757008019,0.54,0.86,LOW,1.0,0.730780660242992
03_Tracking_Error,04_Over_Saturated,diagonal_line_ratio,0.7470000000000001,0.14709180806557517,0.48,0.93,0.51,0.2654806960967219,0.040000000000000036,0.8600000000000001,HIGH,0.8,0.43495193039032787
03_Tracking_Error,04_Over_Saturated,elongated_angle_consistency,0.4880000000000001,0.059883219686319454,0.405,0.59,0.096,0.07552483035399679,0.0,0.18999999999999995,LOW,0.75,0.24814751696460033
03_Tracking_Error,04_Over_Saturated,elongated_angle_std,0.512,0.059883219686319475,0.41,0.595,0.09600000000000002,0.0755248303539968,0.0,0.18999999999999995,HIGH,0.75,0.24814751696460033
03_Tracking_Error,04_Over_Saturated,elongated_radial_alignment,0.4,0.13638181696985854,0.19,0.62,0.296,0.16365818036383026,0.18000000000000005,0.62,LOW,0.8,0.390834181963617
03_Tracking_Error,04_Over_Saturated,elongated_star_count,0.41200000000000003,0.0861742420912421,0.33,0.55,0.21600000000000003,0.11842297074469965,0.050000000000000044,0.33999999999999997,LOW,0.8,0.32035770292553006
03_Tracking_Error,04_Over_Saturated,elongated_star_ratio,0.642,0.0658483105326173,0.54,0.74,0.28400000000000003,0.1316966210652346,0.08000000000000007,0.48,HIGH,1.0,0.3886303378934766
03_Tracking_Error,04_Over_Saturated,line_angle_std,0.7030000000000001,0.11897898974188678,0.53,0.82,0.406,0.2379579794837736,0.06000000000000005,0.6399999999999999,HIGH,1.0,0.42690420205162266
03_Tracking_Error,04_Over_Saturated,long_line_count,0.8469999999999999,0.0793473376995095,0.73,0.96,0.694,0.15869467539901896,0.45999999999999996,0.9199999999999999,HIGH,1.0,0.6844305324600981
03_Tracking_Error,04_Over_Saturated,longest_line_ratio,0.882,0.044452221541785714,0.81,0.94,0.764,0.08890444308357143,0.6200000000000001,0.8799999999999999,HIGH,1.0,0.770909555691643
03_Tracking_Error,04_Over_Saturated,max_aspect_ratio,0.24000000000000005,0.08654478609367522,0.14,0.36,0.5199999999999999,0.17308957218735044,0.28,0.72,LOW,1.0,0.5506910427812649
03_Tracking_Error,04_Over_Saturated,max_streak_area_ratio,0.5559999999999999,0.06945502141674136,0.48,0.64,0.12800000000000003,0.12432216214336043,0.020000000000000018,0.28,HIGH,0.8,0.271167783785664
03_Tracking_Error,04_Over_Saturated,max_streak_aspect_ratio,0.584,0.09221713506718804,0.5,0.76,0.16799999999999998,0.18443427013437608,0.0,0.52,HIGH,1.0,0.3071565729865624
03_Tracking_Error,04_Over_Saturated,max_streak_length_ratio,0.49399999999999994,0.06974238309665079,0.39,0.55,0.13200000000000006,0.046647615158762354,0.10000000000000009,0.21999999999999997,HIGH,0.6,0.27473523848412384
03_Tracking_Error,04_Over_Saturated,mean_aspect_ratio,0.584,0.06529931086925804,0.5,0.67,0.16800000000000007,0.13059862173851608,0.0,0.3400000000000001,HIGH,1.0,0.3125401378261484
03_Tracking_Error,04_Over_Saturated,mean_circularity,0.10200000000000001,0.06112282715974451,0.01,0.17,0.7959999999999999,0.12224565431948901,0.6599999999999999,0.98,LOW,1.0,0.7939754345680511
03_Tracking_Error,04_Over_Saturated,mean_fwhm,0.776,0.08039900496896711,0.63,0.85,0.5519999999999999,0.1607980099379342,0.26,0.7,HIGH,1.0,0.5603201990062066
03_Tracking_Error,04_Over_Saturated,mean_hfr,0.806,0.0863944442658207,0.64,0.89,0.6120000000000001,0.1727888885316414,0.28,0.78,HIGH,1.0,0.592121111146836
03_Tracking_Error,04_Over_Saturated,mean_hollowness,0.38499999999999995,0.11618950038622253,0.22,0.54,0.262,0.1955914108543624,0.08000000000000007,0.56,LOW,0.8,0.3423408589145638
03_Tracking_Error,04_Over_Saturated,mean_intensity,0.954,0.020591260281973993,0.93,0.99,0.908,0.041182520563947986,0.8600000000000001,0.98,HIGH,1.0,0.9124817479436054
03_Tracking_Error,04_Over_Saturated,mean_star_area,0.5700000000000001,0.12016655108639841,0.42,0.69,0.26000000000000006,0.09879271228182775,0.14,0.3799999999999999,HIGH,0.6,0.33912072877181726
03_Tracking_Error,04_Over_Saturated,median_eccentricity,0.21599999999999997,0.052763623833091675,0.15,0.29,0.568,0.10552724766618331,0.42000000000000004,0.7,LOW,1.0,0.6210472752333817
03_Tracking_Error,04_Over_Saturated,median_fwhm,0.782,0.08207313811473277,0.63,0.88,0.5640000000000001,0.16414627622946554,0.26,0.76,HIGH,1.0,0.5653853723770534
03_Tracking_Error,04_Over_Saturated,median_fwhm_ratio,0.21599999999999997,0.052763623833091675,0.15,0.29,0.568,0.10552724766618331,0.42000000000000004,0.7,LOW,1.0,0.6210472752333817
03_Tracking_Error,04_Over_Saturated,median_hfr,0.8140000000000001,0.09156418513807676,0.64,0.9,0.6279999999999999,0.18312837027615353,0.28,0.8,HIGH,1.0,0.5982871629723846
03_Tracking_Error,04_Over_Saturated,saturated_ratio,0.8629999999999999,0.04578209256903838,0.82,0.945,0.7259999999999998,0.09156418513807676,0.6399999999999999,0.8899999999999999,HIGH,1.0,0.7595435814861922
03_Tracking_Error,04_Over_Saturated,sharpness,0.952,0.022271057451320065,0.93,0.99,0.9039999999999999,0.04454211490264013,0.8600000000000001,0.98,HIGH,1.0,0.9103457885097361
03_Tracking_Error,04_Over_Saturated,star_count,0.196,0.08867919710958146,0.12,0.34,0.6079999999999999,0.17735839421916294,0.31999999999999995,0.76,LOW,1.0,0.6018641605780837
03_Tracking_Error,04_Over_Saturated,std_intensity,0.922,0.017204650534085233,0.9,0.95,0.8440000000000001,0.034409301068170466,0.8,0.8999999999999999,HIGH,1.0,0.866359069893183
03_Tracking_Error,04_Over_Saturated,streak_count,0.44000000000000006,0.04898979485566354,0.4,0.5,0.11999999999999997,0.09797958971132709,0.0,0.19999999999999996,LOW,1.0,0.29420204102886727
03_Tracking_Error,04_Over_Saturated,valid_profile_count,0.196,0.08867919710958146,0.12,0.34,0.6079999999999999,0.17735839421916294,0.31999999999999995,0.76,LOW,1.0,0.6018641605780837
03_Tracking_Error,05_No_Star,axis_aligned_line_ratio,0.44000000000000006,0.06782329983125271,0.35,0.56,0.16800000000000004,0.06764613810115104,0.12,0.30000000000000004,LOW,0.8,0.3248353861898849
03_Tracking_Error,05_No_Star,background_mad,0.17099999999999999,0.07234638899074368,0.07,0.285,0.658,0.14469277798148736,0.43000000000000005,0.86,LOW,1.0,0.6606307222018513
03_Tracking_Error,05_No_Star,background_median,0.05500000000000001,0.07835815209663892,0.0,0.21,0.8899999999999999,0.1567163041932778,0.5800000000000001,1.0,LOW,1.0,0.8088283695806723
03_Tracking_Error,05_No_Star,bright_area_ratio,0.9479999999999998,0.0403236903073119,0.88,1.0,0.8959999999999999,0.0806473806146238,0.76,1.0,HIGH,1.0,0.8731352619385376
03_Tracking_Error,05_No_Star,diagonal_line_ratio,0.5030000000000001,0.02400000000000002,0.485,0.55,0.03400000000000003,0.034409301068170535,0.0,0.10000000000000009,LOW,0.75,0.22435906989318294
03_Tracking_Error,05_No_Star,elongated_angle_consistency,0.86,0.048989794855663536,0.8,0.95,0.72,0.09797958971132707,0.6000000000000001,0.8999999999999999,HIGH,1.0,0.7442020410288673
03_Tracking_Error,05_No_Star,elongated_angle_std,0.14,0.048989794855663564,0.05,0.2,0.72,0.09797958971132714,0.6,0.9,LOW,1.0,0.7442020410288673
03_Tracking_Error,05_No_Star,elongated_radial_alignment,0.9099999999999999,0.048989794855663564,0.85,1.0,0.82,0.09797958971132714,0.7,1.0,HIGH,1.0,0.8192020410288673
03_Tracking_Error,05_No_Star,elongated_star_count,0.9099999999999999,0.048989794855663564,0.85,1.0,0.82,0.09797958971132714,0.7,1.0,HIGH,1.0,0.8192020410288673
03_Tracking_Error,05_No_Star,elongated_star_ratio,0.9099999999999999,0.048989794855663564,0.85,1.0,0.82,0.09797958971132714,0.7,1.0,HIGH,1.0,0.8192020410288673
03_Tracking_Error,05_No_Star,line_angle_std,0.438,0.10979981785048644,0.3,0.59,0.22000000000000003,0.12328828005937952,0.06000000000000005,0.4,LOW,0.6,0.29467117199406206
03_Tracking_Error,05_No_Star,long_line_count,0.51,0.15530614926653744,0.285,0.725,0.268,0.15829087149927504,0.040000000000000036,0.44999999999999996,LOW,0.6,0.3067709128500725
03_Tracking_Error,05_No_Star,longest_line_ratio,0.31,0.060909769331364244,0.23,0.4,0.38,0.12181953866272853,0.19999999999999996,0.54,LOW,1.0,0.46881804613372713
03_Tracking_Error,05_No_Star,max_aspect_ratio,0.951,0.04270831300812525,0.88,1.0,0.9019999999999999,0.0854166260162505,0.76,1.0,HIGH,1.0,0.8753583373983749
03_Tracking_Error,05_No_Star,max_streak_area_ratio,0.706,0.09850888284819802,0.62,0.88,0.41200000000000003,0.197017765696396,0.24,0.76,HIGH,1.0,0.4876982234303604
03_Tracking_Error,05_No_Star,max_streak_aspect_ratio,0.6159999999999999,0.12289833196589774,0.41,0.77,0.304,0.1477294825009551,0.1399999999999999,0.54,HIGH,0.8,0.3840270517499045
03_Tracking_Error,05_No_Star,max_streak_length_ratio,0.7300000000000001,0.09273618495495704,0.64,0.87,0.45999999999999996,0.1854723699099141,0.28,0.74,HIGH,1.0,0.5224527630090086
03_Tracking_Error,05_No_Star,mean_aspect_ratio,0.933,0.06446704584514477,0.81,0.99,0.866,0.12893409169028952,0.6200000000000001,0.98,HIGH,1.0,0.8128065908309711
03_Tracking_Error,05_No_Star,mean_circularity,0.7939999999999999,0.04397726685459203,0.75,0.865,0.588,0.08795453370918406,0.5,0.73,HIGH,1.0,0.6558045466290816
03_Tracking_Error,05_No_Star,mean_fwhm,0.9469999999999998,0.03867815921162743,0.88,0.99,0.8939999999999999,0.07735631842325486,0.76,0.98,HIGH,1.0,0.8725643681576745
03_Tracking_Error,05_No_Star,mean_hfr,0.943,0.03487119154832538,0.88,0.98,0.8859999999999999,0.06974238309665076,0.76,0.96,HIGH,1.0,0.8697257616903349
03_Tracking_Error,05_No_Star,mean_hollowness,0.938,0.047497368348151665,0.86,1.0,0.8759999999999998,0.09499473669630334,0.72,1.0,HIGH,1.0,0.8507005263303695
03_Tracking_Error,05_No_Star,mean_intensity,0.038,0.06144916598294887,0.0,0.16,0.924,0.12289833196589775,0.6799999999999999,1.0,LOW,1.0,0.8575101668034103
03_Tracking_Error,05_No_Star,mean_star_area,0.9479999999999998,0.0403236903073119,0.88,1.0,0.8959999999999999,0.0806473806146238,0.76,1.0,HIGH,1.0,0.8731352619385376
03_Tracking_Error,05_No_Star,median_eccentricity,0.899,0.05834380858325927,0.79,0.96,0.798,0.11668761716651854,0.5800000000000001,0.9199999999999999,HIGH,1.0,0.7714312382833481
03_Tracking_Error,05_No_Star,median_fwhm,0.9269999999999999,0.03487119154832538,0.86,0.96,0.8539999999999999,0.06974238309665076,0.72,0.9199999999999999,HIGH,1.0,0.8433257616903349
03_Tracking_Error,05_No_Star,median_fwhm_ratio,0.899,0.05834380858325927,0.79,0.96,0.798,0.11668761716651854,0.5800000000000001,0.9199999999999999,HIGH,1.0,0.7714312382833481
03_Tracking_Error,05_No_Star,median_hfr,0.917,0.04166533331199932,0.84,0.96,0.834,0.08333066662399864,0.6799999999999999,0.9199999999999999,HIGH,1.0,0.8209669333376001
03_Tracking_Error,05_No_Star,saturated_ratio,0.11399999999999999,0.030066592756745815,0.06,0.15,0.772,0.06013318551349165,0.7,0.88,LOW,1.0,0.8013866814486509
03_Tracking_Error,05_No_Star,sharpness,0.156,0.0816333265278342,0.07,0.29,0.688,0.1632666530556684,0.42000000000000004,0.86,LOW,1.0,0.6692733346944332
03_Tracking_Error,05_No_Star,star_count,0.9489999999999998,0.041036569057366384,0.88,1.0,0.8979999999999999,0.08207313811473277,0.76,1.0,HIGH,1.0,0.8738926861885267
03_Tracking_Error,05_No_Star,std_intensity,0.084,0.03611094017053558,0.03,0.14,0.8320000000000001,0.07222188034107115,0.72,0.94,LOW,1.0,0.8331778119658929
03_Tracking_Error,05_No_Star,streak_count,0.55,0.031622776601683784,0.5,0.6,0.10000000000000005,0.06324555320336757,0.0,0.19999999999999996,HIGH,1.0,0.2886754446796633
03_Tracking_Error,05_No_Star,valid_profile_count,0.9489999999999998,0.041036569057366384,0.88,1.0,0.8979999999999999,0.08207313811473277,0.76,1.0,HIGH,1.0,0.8738926861885267
03_Tracking_Error,06_Satellite,axis_aligned_line_ratio,0.396,0.08912911982062878,0.28,0.55,0.24800000000000005,0.11634431657799185,0.10000000000000009,0.43999999999999995,LOW,0.8,0.3499655683422009
03_Tracking_Error,06_Satellite,background_mad,0.539,0.13937001112147476,0.34,0.75,0.22999999999999998,0.17572706109191036,0.020000000000000018,0.5,HIGH,0.6,0.28192729389080895
03_Tracking_Error,06_Satellite,background_median,0.4720000000000001,0.11223190277278561,0.32,0.655,0.2,0.11627553482998906,0.050000000000000044,0.36,LOW,0.6,0.2833724465170011
03_Tracking_Error,06_Satellite,bright_area_ratio,0.484,0.1370547335920945,0.31,0.73,0.21600000000000003,0.1717672844286711,0.020000000000000018,0.45999999999999996,LOW,0.8,0.30602327155713294
03_Tracking_Error,06_Satellite,diagonal_line_ratio,0.5469999999999999,0.06764613810115104,0.45,0.65,0.134,0.09583318840568751,0.020000000000000018,0.30000000000000004,HIGH,0.8,0.27671668115943127
03_Tracking_Error,06_Satellite,elongated_angle_consistency,0.409,0.08873556220591604,0.33,0.575,0.24199999999999994,0.07782030583337489,0.1499999999999999,0.33999999999999997,LOW,0.8,0.3661179694166624
03_Tracking_Error,06_Satellite,elongated_angle_std,0.592,0.08885943956609227,0.425,0.67,0.24400000000000005,0.07683749084919422,0.15000000000000002,0.3400000000000001,HIGH,0.8,0.3671162509150806
03_Tracking_Error,06_Satellite,elongated_radial_alignment,0.396,0.09350935782048769,0.31,0.56,0.256,0.11271202242884291,0.12,0.38,LOW,0.8,0.3599287977571157
03_Tracking_Error,06_Satellite,elongated_star_count,0.548,0.10651760417883986,0.4,0.67,0.18800000000000003,0.13876599006961324,0.030000000000000027,0.3400000000000001,HIGH,0.6,0.2697234009930387
03_Tracking_Error,06_Satellite,elongated_star_ratio,0.47400000000000003,0.07172168430816442,0.4,0.59,0.13199999999999998,0.07652450587883591,0.020000000000000018,0.19999999999999996,LOW,0.6,0.2477475494121164
03_Tracking_Error,06_Satellite,line_angle_std,0.40599999999999997,0.11429785649783637,0.3,0.6,0.268,0.12560254774486065,0.06000000000000005,0.4,LOW,0.8,0.346039745225514
03_Tracking_Error,06_Satellite,long_line_count,0.45699999999999996,0.16289874155437786,0.15,0.595,0.242,0.2344696142360455,0.040000000000000036,0.7,HIGH,0.6,0.2874530385763955
03_Tracking_Error,06_Satellite,longest_line_ratio,0.4880000000000001,0.0874414089547967,0.37,0.625,0.156,0.08260750571225353,0.06999999999999995,0.26,LOW,0.6,0.2729392494287746
03_Tracking_Error,06_Satellite,max_aspect_ratio,0.39299999999999996,0.0795361553005927,0.25,0.485,0.21400000000000002,0.15907231060118537,0.030000000000000027,0.5,LOW,1.0,0.3393927689398815
03_Tracking_Error,06_Satellite,max_streak_area_ratio,0.27399999999999997,0.1153429668423697,0.17,0.42,0.45199999999999996,0.23068593368473939,0.16000000000000003,0.6599999999999999,LOW,1.0,0.47833140663152607
03_Tracking_Error,06_Satellite,max_streak_aspect_ratio,0.134,0.12338557452149745,0.03,0.33,0.732,0.24677114904299488,0.33999999999999997,0.94,LOW,1.0,0.6567228850957005
03_Tracking_Error,06_Satellite,max_streak_length_ratio,0.11200000000000002,0.055641710972974226,0.02,0.17,0.776,0.11128342194594845,0.6599999999999999,0.96,LOW,1.0,0.7860716578054052
03_Tracking_Error,06_Satellite,mean_aspect_ratio,0.472,0.04534313619501855,0.41,0.54,0.08800000000000004,0.06013318551349164,0.0,0.18000000000000005,LOW,0.75,0.24608668144865087
03_Tracking_Error,06_Satellite,mean_circularity,0.33799999999999997,0.08518215775618741,0.25,0.48,0.324,0.17036431551237483,0.040000000000000036,0.5,LOW,1.0,0.39076356844876253
03_Tracking_Error,06_Satellite,mean_fwhm,0.42400000000000004,0.10071742649611339,0.25,0.55,0.19200000000000003,0.16375591592366973,0.020000000000000018,0.5,LOW,0.8,0.29602440840763306
03_Tracking_Error,06_Satellite,mean_hfr,0.364,0.13558761005342637,0.15,0.55,0.312,0.22399999999999998,0.09999999999999998,0.7,LOW,0.8,0.368
03_Tracking_Error,06_Satellite,mean_hollowness,0.5409999999999999,0.11029052543169791,0.38,0.67,0.19000000000000003,0.13885243966167826,0.020000000000000018,0.3400000000000001,HIGH,0.6,0.2676147560338322
03_Tracking_Error,06_Satellite,mean_intensity,0.48,0.11781341180018515,0.32,0.67,0.20800000000000002,0.11771151175649727,0.08000000000000007,0.36,LOW,0.6,0.29582884882435034
03_Tracking_Error,06_Satellite,mean_star_area,0.388,0.06079473661428266,0.31,0.46,0.22399999999999998,0.12158947322856532,0.07999999999999996,0.38,LOW,1.0,0.3626410526771434
03_Tracking_Error,06_Satellite,median_eccentricity,0.5599999999999999,0.1414213562373095,0.35,0.73,0.2719999999999999,0.142884568795934,0.07999999999999996,0.45999999999999996,HIGH,0.6,0.3221115431204066
03_Tracking_Error,06_Satellite,median_fwhm,0.45,0.10256705123966466,0.28,0.57,0.18,0.14028542333400143,0.06000000000000005,0.43999999999999995,LOW,0.6,0.27497145766659986
03_Tracking_Error,06_Satellite,median_fwhm_ratio,0.5599999999999999,0.1414213562373095,0.35,0.73,0.2719999999999999,0.142884568795934,0.07999999999999996,0.45999999999999996,HIGH,0.6,0.3221115431204066
03_Tracking_Error,06_Satellite,median_hfr,0.414,0.1170640850132952,0.22,0.55,0.22000000000000003,0.18973665961010278,0.020000000000000018,0.56,LOW,0.6,0.27602633403898974
03_Tracking_Error,06_Satellite,saturated_ratio,0.41900000000000004,0.06606057825965497,0.32,0.52,0.178,0.10961751684835776,0.040000000000000036,0.36,LOW,0.8,0.3011382483151642
03_Tracking_Error,06_Satellite,sharpness,0.516,0.16523922052587878,0.31,0.74,0.31199999999999994,0.11356055653262714,0.15999999999999992,0.48,HIGH,0.6,0.36704394434673726
03_Tracking_Error,06_Satellite,star_count,0.49800000000000005,0.14787156589419076,0.325,0.77,0.22000000000000003,0.19768662069042509,0.0,0.54,LOW,0.75,0.2917313379309575
03_Tracking_Error,06_Satellite,std_intensity,0.568,0.11232096865679177,0.42,0.74,0.21600000000000003,0.14934523762075574,0.040000000000000036,0.48,HIGH,0.6,0.2842654762379244
03_Tracking_Error,06_Satellite,streak_count,0.18,0.050990195135927854,0.1,0.25,0.64,0.10198039027185571,0.5,0.8,LOW,1.0,0.6778019609728145
03_Tracking_Error,06_Satellite,valid_profile_count,0.49800000000000005,0.14787156589419076,0.325,0.77,0.22000000000000003,0.19768662069042509,0.0,0.54,LOW,0.75,0.2917313379309575
04_Over_Saturated,05_No_Star,axis_aligned_line_ratio,0.41600000000000004,0.14974645237867906,0.15,0.6,0.24799999999999994,0.23752052542885632,0.0,0.7,LOW,0.75,0.30034794745711435
04_Over_Saturated,05_No_Star,background_mad,0.0,0.0,0.0,0.0,1.0,0.0,1.0,1.0,LOW,1.0,1.0
04_Over_Saturated,05_No_Star,background_median,0.002,0.004,0.0,0.01,0.9960000000000001,0.008000000000000007,0.98,1.0,LOW,1.0,0.9914000000000001
04_Over_Saturated,05_No_Star,bright_area_ratio,1.0,0.0,1.0,1.0,1.0,0.0,1.0,1.0,HIGH,1.0,1.0
04_Over_Saturated,05_No_Star,diagonal_line_ratio,0.24399999999999994,0.14178857499812883,0.09,0.51,0.52,0.26862613424609305,0.020000000000000018,0.8200000000000001,LOW,0.8,0.4331373865753907
04_Over_Saturated,05_No_Star,elongated_angle_consistency,0.9800000000000001,0.024494897427831803,0.95,1.0,0.96,0.048989794855663606,0.8999999999999999,1.0,HIGH,1.0,0.9471010205144337
04_Over_Saturated,05_No_Star,elongated_angle_std,0.02,0.024494897427831782,0.0,0.05,0.96,0.04898979485566355,0.9,1.0,LOW,1.0,0.9471010205144337
04_Over_Saturated,05_No_Star,elongated_radial_alignment,1.0,0.0,1.0,1.0,1.0,0.0,1.0,1.0,HIGH,1.0,1.0
04_Over_Saturated,05_No_Star,elongated_star_count,1.0,0.0,1.0,1.0,1.0,0.0,1.0,1.0,HIGH,1.0,1.0
04_Over_Saturated,05_No_Star,elongated_star_ratio,1.0,0.0,1.0,1.0,1.0,0.0,1.0,1.0,HIGH,1.0,1.0
04_Over_Saturated,05_No_Star,line_angle_std,0.276,0.13062924634246345,0.12,0.46,0.44800000000000006,0.2612584926849269,0.07999999999999996,0.76,LOW,1.0,0.44947415073150737
04_Over_Saturated,05_No_Star,long_line_count,0.13799999999999998,0.10283968105745953,0.0,0.3,0.724,0.20567936211491905,0.4,1.0,LOW,1.0,0.6752320637885081
04_Over_Saturated,05_No_Star,longest_line_ratio,0.06300000000000001,0.050950956811427986,0.0,0.14,0.874,0.10190191362285597,0.72,1.0,LOW,1.0,0.8491098086377143
04_Over_Saturated,05_No_Star,max_aspect_ratio,1.0,0.0,1.0,1.0,1.0,0.0,1.0,1.0,HIGH,1.0,1.0
04_Over_Saturated,05_No_Star,max_streak_area_ratio,0.7,0.09486832980505139,0.62,0.88,0.4,0.18973665961010275,0.24,0.76,HIGH,1.0,0.48302633403898976
04_Over_Saturated,05_No_Star,max_streak_aspect_ratio,0.505,0.14560219778561034,0.33,0.695,0.2739999999999999,0.09911609354691092,0.12,0.3899999999999999,LOW,0.6,0.3393883906453089
04_Over_Saturated,05_No_Star,max_streak_length_ratio,0.738,0.0990757286120067,0.61,0.91,0.476,0.1981514572240134,0.21999999999999997,0.8200000000000001,HIGH,1.0,0.5103848542775987
04_Over_Saturated,05_No_Star,mean_aspect_ratio,0.976,0.03199999999999999,0.92,1.0,0.952,0.06399999999999997,0.8400000000000001,1.0,HIGH,1.0,0.924
04_Over_Saturated,05_No_Star,mean_circularity,0.922,0.03599999999999998,0.88,0.98,0.844,0.07199999999999997,0.76,0.96,HIGH,1.0,0.8505999999999999
04_Over_Saturated,05_No_Star,mean_fwhm,0.916,0.042237424163885755,0.85,0.98,0.8320000000000001,0.08447484832777151,0.7,0.96,HIGH,1.0,0.8259525151672229
04_Over_Saturated,05_No_Star,mean_hfr,0.8539999999999999,0.039293765408777,0.79,0.91,0.708,0.078587530817554,0.5800000000000001,0.8200000000000001,HIGH,1.0,0.7347412469182446
04_Over_Saturated,05_No_Star,mean_hollowness,0.9949999999999999,0.006324555320336764,0.985,1.0,0.9899999999999999,0.01264911064067353,0.97,1.0,HIGH,1.0,0.9852350889359326
04_Over_Saturated,05_No_Star,mean_intensity,0.002,0.004,0.0,0.01,0.9960000000000001,0.008000000000000007,0.98,1.0,LOW,1.0,0.9914000000000001
04_Over_Saturated,05_No_Star,mean_star_area,0.9960000000000001,0.008000000000000007,0.98,1.0,0.992,0.016000000000000014,0.96,1.0,HIGH,1.0,0.9828
04_Over_Saturated,05_No_Star,median_eccentricity,0.976,0.018547236990991423,0.94,0.99,0.952,0.037094473981982845,0.8799999999999999,0.98,HIGH,1.0,0.9386905526018017
04_Over_Saturated,05_No_Star,median_fwhm,0.8640000000000001,0.034409301068170535,0.82,0.92,0.728,0.06881860213634107,0.6399999999999999,0.8400000000000001,HIGH,1.0,0.7627181397863658
04_Over_Saturated,05_No_Star,median_fwhm_ratio,0.976,0.018547236990991423,0.94,0.99,0.952,0.037094473981982845,0.8799999999999999,0.98,HIGH,1.0,0.9386905526018017
04_Over_Saturated,05_No_Star,median_hfr,0.836,0.04630334761116091,0.76,0.9,0.6719999999999999,0.09260669522232182,0.52,0.8,HIGH,1.0,0.6991393304777679
04_Over_Saturated,05_No_Star,saturated_ratio,0.006,0.008,0.0,0.02,0.9879999999999999,0.016000000000000014,0.96,1.0,LOW,1.0,0.981
04_Over_Saturated,05_No_Star,sharpness,0.008,0.009797958971132711,0.0,0.02,0.984,0.01959591794226544,0.96,1.0,LOW,1.0,0.9788404082057734
04_Over_Saturated,05_No_Star,star_count,1.0,0.0,1.0,1.0,1.0,0.0,1.0,1.0,HIGH,1.0,1.0
04_Over_Saturated,05_No_Star,std_intensity,0.0,0.0,0.0,0.0,1.0,0.0,1.0,1.0,LOW,1.0,1.0
04_Over_Saturated,05_No_Star,streak_count,0.61,0.058309518948453015,0.5,0.65,0.22000000000000003,0.11661903789690603,0.0,0.30000000000000004,HIGH,1.0,0.3373380962103094
04_Over_Saturated,05_No_Star,valid_profile_count,1.0,0.0,1.0,1.0,1.0,0.0,1.0,1.0,HIGH,1.0,1.0
04_Over_Saturated,06_Satellite,axis_aligned_line_ratio,0.41200000000000003,0.17034083479894066,0.1,0.61,0.264,0.27810789273229913,0.0,0.8,LOW,0.75,0.3034892107267701
04_Over_Saturated,06_Satellite,background_mad,0.055999999999999994,0.0348425027803687,0.01,0.11,0.8880000000000001,0.06968500556073737,0.78,0.98,LOW,1.0,0.8766314994439264
04_Over_Saturated,06_Satellite,background_median,0.053000000000000005,0.04894895300208167,0.0,0.14,0.8939999999999999,0.09789790600416334,0.72,1.0,LOW,1.0,0.8585102093995837
04_Over_Saturated,06_Satellite,bright_area_ratio,0.8460000000000001,0.05817215828899596,0.75,0.91,0.692,0.11634431657799194,0.5,0.8200000000000001,HIGH,1.0,0.6997655683422008
04_Over_Saturated,06_Satellite,diagonal_line_ratio,0.251,0.14221111067704942,0.09,0.505,0.502,0.27730128019899225,0.010000000000000009,0.8200000000000001,LOW,0.8,0.42116987198010075
04_Over_Saturated,06_Satellite,elongated_angle_consistency,0.38700000000000007,0.1531208672911697,0.21,0.645,0.34199999999999997,0.16702095676890374,0.06999999999999995,0.5800000000000001,LOW,0.8,0.37819790432310957
04_Over_Saturated,06_Satellite,elongated_angle_std,0.6140000000000001,0.15353826884526217,0.355,0.79,0.34400000000000003,0.1671645895517349,0.07000000000000006,0.5800000000000001,HIGH,0.8,0.37908354104482656
04_Over_Saturated,06_Satellite,elongated_radial_alignment,0.488,0.07082372483850309,0.43,0.62,0.12,0.078993670632526,0.0,0.24,LOW,0.75,0.2586006329367474
04_Over_Saturated,06_Satellite,elongated_star_count,0.653,0.1083789647487002,0.455,0.765,0.34199999999999997,0.15380507143784306,0.08999999999999997,0.53,HIGH,0.8,0.3855194928562157
04_Over_Saturated,06_Satellite,elongated_star_ratio,0.29500000000000004,0.11882760622010358,0.15,0.47,0.41,0.23765521244020715,0.06000000000000005,0.7,LOW,1.0,0.4287344787559793
04_Over_Saturated,06_Satellite,line_angle_std,0.25000000000000006,0.10217631819555842,0.13,0.4,0.5,0.20435263639111684,0.19999999999999996,0.74,LOW,1.0,0.5145647363608883
04_Over_Saturated,06_Satellite,long_line_count,0.11800000000000002,0.09019977827023745,0.0,0.25,0.764,0.1803995565404749,0.5,1.0,LOW,1.0,0.7257600443459525
04_Over_Saturated,06_Satellite,longest_line_ratio,0.097,0.0766550715869472,0.0,0.185,0.8059999999999998,0.1533101431738944,0.63,1.0,LOW,1.0,0.7863689856826105
04_Over_Saturated,06_Satellite,max_aspect_ratio,0.671,0.031685959035509706,0.62,0.715,0.34199999999999997,0.0633719180710194,0.24,0.42999999999999994,HIGH,1.0,0.4695628081928981
04_Over_Saturated,06_Satellite,max_streak_area_ratio,0.21799999999999997,0.06615134163416492,0.15,0.33,0.5640000000000001,0.1323026832683298,0.33999999999999997,0.7,LOW,1.0,0.5925697316731671
04_Over_Saturated,06_Satellite,max_streak_aspect_ratio,0.13,0.10526157893552615,0.01,0.32,0.74,0.2105231578710523,0.36,0.98,LOW,1.0,0.6699476842128947
04_Over_Saturated,06_Satellite,max_streak_length_ratio,0.13799999999999998,0.0661513416341649,0.01,0.19,0.724,0.1323026832683298,0.62,0.98,LOW,1.0,0.7485697316731671
04_Over_Saturated,06_Satellite,mean_aspect_ratio,0.418,0.072773621594641,0.28,0.48,0.16399999999999998,0.145547243189282,0.040000000000000036,0.43999999999999995,LOW,1.0,0.3212452756810718
04_Over_Saturated,06_Satellite,mean_circularity,0.782,0.05741080037762929,0.67,0.83,0.5640000000000001,0.11482160075525857,0.3400000000000001,0.6599999999999999,HIGH,1.0,0.5943178399244742
04_Over_Saturated,06_Satellite,mean_fwhm,0.128,0.07386474125047755,0.01,0.21,0.744,0.1477294825009551,0.5800000000000001,0.98,LOW,1.0,0.7440270517499046
04_Over_Saturated,06_Satellite,mean_hfr,0.096,0.061514225996918796,0.0,0.19,0.808,0.12302845199383759,0.62,1.0,LOW,1.0,0.7872971548006164
04_Over_Saturated,06_Satellite,mean_hollowness,0.6839999999999999,0.047686476070265445,0.63,0.76,0.368,0.09537295214053089,0.26,0.52,HIGH,1.0,0.4840627047859469
04_Over_Saturated,06_Satellite,mean_intensity,0.048,0.03709447398198282,0.01,0.11,0.9039999999999999,0.0741889479639656,0.78,0.98,LOW,1.0,0.8833811052036035
04_Over_Saturated,06_Satellite,mean_star_area,0.27199999999999996,0.09947864092356709,0.16,0.43,0.45599999999999996,0.19895728184713418,0.14,0.6799999999999999,LOW,1.0,0.47730427181528656
04_Over_Saturated,06_Satellite,median_eccentricity,0.85,0.08270429251254133,0.72,0.97,0.7,0.16540858502508266,0.43999999999999995,0.94,HIGH,1.0,0.6804591414974918
04_Over_Saturated,06_Satellite,median_fwhm,0.138,0.07652450587883596,0.0,0.22,0.724,0.1530490117576719,0.56,1.0,LOW,1.0,0.7284950988242329
04_Over_Saturated,06_Satellite,median_fwhm_ratio,0.85,0.08270429251254133,0.72,0.97,0.7,0.16540858502508266,0.43999999999999995,0.94,HIGH,1.0,0.6804591414974918
04_Over_Saturated,06_Satellite,median_hfr,0.11000000000000001,0.07071067811865475,0.0,0.22,0.78,0.1414213562373095,0.56,1.0,LOW,1.0,0.7548578643762691
04_Over_Saturated,06_Satellite,saturated_ratio,0.159,0.07193052203341778,0.055,0.245,0.682,0.14386104406683556,0.51,0.89,LOW,1.0,0.6955138955933164
04_Over_Saturated,06_Satellite,sharpness,0.054000000000000006,0.04079215610874228,0.0,0.1,0.892,0.08158431221748452,0.8,1.0,LOW,1.0,0.8832415687782516
04_Over_Saturated,06_Satellite,star_count,0.8230000000000001,0.044,0.75,0.88,0.6460000000000001,0.088,0.5,0.76,HIGH,1.0,0.6819000000000002
04_Over_Saturated,06_Satellite,std_intensity,0.066,0.02576819745345025,0.03,0.09,0.868,0.05153639490690048,0.8200000000000001,0.94,LOW,1.0,0.88144636050931
04_Over_Saturated,06_Satellite,streak_count,0.24000000000000005,0.07348469228349533,0.1,0.3,0.5199999999999999,0.14696938456699069,0.4,0.8,LOW,1.0,0.5893030615433009
04_Over_Saturated,06_Satellite,valid_profile_count,0.8230000000000001,0.044,0.75,0.88,0.6460000000000001,0.088,0.5,0.76,HIGH,1.0,0.6819000000000002
05_No_Star,06_Satellite,axis_aligned_line_ratio,0.466,0.054534392817743936,0.4,0.54,0.11600000000000002,0.055353410012392155,0.040000000000000036,0.19999999999999996,LOW,0.6,0.24866465899876078
05_No_Star,06_Satellite,background_mad,0.9039999999999999,0.0405462698654266,0.825,0.94,0.808,0.0810925397308532,0.6499999999999999,0.8799999999999999,HIGH,1.0,0.8004907460269147
05_No_Star,06_Satellite,background_median,0.8950000000000001,0.0834865258589672,0.765,0.99,0.7899999999999999,0.1669730517179344,0.53,0.98,HIGH,1.0,0.7478026948282066
05_No_Star,06_Satellite,bright_area_ratio,0.0,0.0,0.0,0.0,1.0,0.0,1.0,1.0,LOW,1.0,1.0
05_No_Star,06_Satellite,diagonal_line_ratio,0.564,0.06374950980203693,0.47,0.67,0.15200000000000005,0.09765244492586962,0.06000000000000005,0.3400000000000001,HIGH,0.8,0.2966347555074131
05_No_Star,06_Satellite,elongated_angle_consistency,0.07999999999999999,0.05099019513592785,0.0,0.15,0.8400000000000001,0.10198039027185571,0.7,1.0,LOW,1.0,0.8278019609728146
05_No_Star,06_Satellite,elongated_angle_std,0.9199999999999999,0.05099019513592784,0.85,1.0,0.8399999999999999,0.10198039027185568,0.7,1.0,HIGH,1.0,0.8278019609728144
05_No_Star,06_Satellite,elongated_radial_alignment,0.04,0.048989794855663564,0.0,0.1,0.9199999999999999,0.0979795897113271,0.8,1.0,LOW,1.0,0.8942020410288672
05_No_Star,06_Satellite,elongated_star_count,0.04,0.048989794855663564,0.0,0.1,0.9199999999999999,0.0979795897113271,0.8,1.0,LOW,1.0,0.8942020410288672
05_No_Star,06_Satellite,elongated_star_ratio,0.04,0.048989794855663564,0.0,0.1,0.9199999999999999,0.0979795897113271,0.8,1.0,LOW,1.0,0.8942020410288672
05_No_Star,06_Satellite,line_angle_std,0.472,0.08681013765684283,0.37,0.59,0.17600000000000002,0.04799999999999997,0.1200000000000001,0.26,LOW,0.6,0.30040000000000006
05_No_Star,06_Satellite,long_line_count,0.449,0.1068831137270991,0.305,0.585,0.19,0.1414213562373095,0.030000000000000027,0.39,LOW,0.6,0.2703578643762691
05_No_Star,06_Satellite,longest_line_ratio,0.692,0.10390380166288432,0.565,0.875,0.384,0.20780760332576861,0.1299999999999999,0.75,HIGH,1.0,0.4410192396674232
05_No_Star,06_Satellite,max_aspect_ratio,0.003,0.006,0.0,0.015,0.994,0.01200000000000001,0.97,1.0,LOW,1.0,0.9871
05_No_Star,06_Satellite,max_streak_area_ratio,0.254,0.08662563131083087,0.1,0.34,0.492,0.17325126262166174,0.31999999999999995,0.8,LOW,1.0,0.5500748737378338
05_No_Star,06_Satellite,max_streak_aspect_ratio,0.078,0.10264501936285073,0.0,0.27,0.8440000000000001,0.20529003872570145,0.45999999999999996,1.0,LOW,1.0,0.74727099612743
05_No_Star,06_Satellite,max_streak_length_ratio,0.04,0.015491933384829671,0.03,0.07,0.9199999999999999,0.030983866769659325,0.86,0.94,LOW,1.0,0.918901613323034
05_No_Star,06_Satellite,mean_aspect_ratio,0.024,0.034985711369071804,0.0,0.09,0.952,0.06997142273814358,0.8200000000000001,1.0,LOW,1.0,0.9174028577261857
05_No_Star,06_Satellite,mean_circularity,0.14800000000000002,0.058787753826796275,0.05,0.23,0.704,0.11757550765359256,0.54,0.9,LOW,1.0,0.7170424492346408
05_No_Star,06_Satellite,mean_fwhm,0.004,0.008,0.0,0.02,0.992,0.016000000000000014,0.96,1.0,LOW,1.0,0.9828
05_No_Star,06_Satellite,mean_hfr,0.01,0.01549193338482967,0.0,0.04,0.9800000000000001,0.03098386676965932,0.92,1.0,LOW,1.0,0.9639016133230341
05_No_Star,06_Satellite,mean_hollowness,0.034999999999999996,0.020493901531919195,0.02,0.075,0.93,0.04098780306383839,0.85,0.96,LOW,1.0,0.9194012196936162
05_No_Star,06_Satellite,mean_intensity,0.908,0.07025667228100117,0.78,0.99,0.8160000000000001,0.14051334456200235,0.56,0.98,HIGH,1.0,0.7711486655437998
05_No_Star,06_Satellite,mean_star_area,0.0,0.0,0.0,0.0,1.0,0.0,1.0,1.0,LOW,1.0,1.0
05_No_Star,06_Satellite,median_eccentricity,0.07599999999999998,0.048414873747640814,0.0,0.15,0.8480000000000001,0.09682974749528164,0.7,1.0,LOW,1.0,0.8319170252504718
05_No_Star,06_Satellite,median_fwhm,0.018,0.019390719429665314,0.0,0.05,0.9640000000000001,0.03878143885933063,0.9,1.0,LOW,1.0,0.949921856114067
05_No_Star,06_Satellite,median_fwhm_ratio,0.07599999999999998,0.048414873747640814,0.0,0.15,0.8480000000000001,0.09682974749528164,0.7,1.0,LOW,1.0,0.8319170252504718
05_No_Star,06_Satellite,median_hfr,0.024,0.017435595774162694,0.0,0.05,0.952,0.03487119154832538,0.9,1.0,LOW,1.0,0.9449128808451674
05_No_Star,06_Satellite,saturated_ratio,0.826,0.0195959179422654,0.79,0.85,0.6519999999999999,0.0391918358845308,0.5800000000000001,0.7,HIGH,1.0,0.7134808164115469
05_No_Star,06_Satellite,sharpness,0.876,0.043174066289845804,0.82,0.95,0.752,0.08634813257969161,0.6399999999999999,0.8999999999999999,HIGH,1.0,0.7717651867420309
05_No_Star,06_Satellite,star_count,0.0,0.0,0.0,0.0,1.0,0.0,1.0,1.0,LOW,1.0,1.0
05_No_Star,06_Satellite,std_intensity,0.986,0.01356465996625055,0.96,1.0,0.9719999999999999,0.0271293199325011,0.9199999999999999,1.0,HIGH,1.0,0.9606870680067499
05_No_Star,06_Satellite,streak_count,0.13,0.02449489742783178,0.1,0.15,0.74,0.048989794855663606,0.7,0.8,LOW,1.0,0.7881010205144336
05_No_Star,06_Satellite,valid_profile_count,0.0,0.0,0.0,0.0,1.0,0.0,1.0,1.0,LOW,1.0,1.0
