class,feature,mean_auc,std_auc,min_auc,max_auc,mean_strength,std_strength,min_strength,max_strength,direction,direction_consistency,candidate,candidate_score
01_Good,axis_aligned_line_ratio,0.43879999999999997,0.05654520315641283,0.343,0.51,0.1304,0.10376434840541329,0.020000000000000018,0.31399999999999995,LOW,0.8,DROP,0.2743035651594587
01_Good,background_mad,0.5838000000000001,0.08445211661053852,0.466,0.71,0.19479999999999997,0.1366431849745899,0.04400000000000004,0.41999999999999993,HIGH,0.8,DROP,0.307195681502541
01_Good,background_median,0.5780000000000001,0.06491532946846994,0.502,0.667,0.15600000000000006,0.12983065893693987,0.0040000000000000036,0.3340000000000001,HIGH,1.0,DROP,0.30841693410630605
01_Good,bright_area_ratio,0.5224,0.026933993391251868,0.492,0.566,0.0512,0.047826352568432366,0.008000000000000007,0.1319999999999999,HIGH,0.8,DROP,0.2406573647431568
01_Good,diagonal_line_ratio,0.6596,0.08741990619990395,0.572,0.768,0.3192,0.1748398123998079,0.1439999999999999,0.536,HIGH,1.0,DROP,0.41935601876001916
01_Good,elongated_angle_consistency,0.47520000000000007,0.017634057956125687,0.451,0.498,0.0496,0.035268115912251374,0.0040000000000000036,0.09799999999999998,LOW,1.0,DROP,0.26999318840877484
01_Good,elongated_angle_std,0.5248,0.017634057956125715,0.502,0.549,0.04960000000000005,0.03526811591225142,0.0040000000000000036,0.09800000000000009,HIGH,1.0,DROP,0.26999318840877484
01_Good,elongated_star_count,0.5282,0.02515074551578941,0.481,0.554,0.07160000000000007,0.024179330015531884,0.038000000000000034,0.1080000000000001,HIGH,0.8,DROP,0.26120206699844684
01_Good,elongated_star_ratio,0.5298,0.06297745628397514,0.43,0.627,0.11560000000000004,0.07780385594557636,0.03200000000000003,0.254,HIGH,0.8,DROP,0.27383961440544236
01_Good,line_angle_std,0.48439999999999994,0.09527560023426773,0.378,0.594,0.17679999999999998,0.07762061581822188,0.03200000000000003,0.244,LOW,0.6,DROP,0.27139793841817783
01_Good,long_line_count,0.6708,0.05875508488633133,0.605,0.755,0.3416,0.11751016977266265,0.20999999999999996,0.51,HIGH,1.0,DROP,0.4549689830227338
01_Good,longest_line_ratio,0.5898,0.034735572544583156,0.556,0.634,0.17960000000000004,0.06947114508916631,0.1120000000000001,0.268,HIGH,1.0,DROP,0.3574728854910834
01_Good,max_aspect_ratio,0.5326,0.04262675216340084,0.465,0.58,0.09319999999999998,0.05322555777068002,0.010000000000000009,0.15999999999999992,HIGH,0.8,DROP,0.259617444222932
01_Good,max_streak_area_ratio,0.538,0.04955804677345548,0.474,0.606,0.10640000000000005,0.06541437150963081,0.02400000000000002,0.21199999999999997,HIGH,0.6,DROP,0.23853856284903696
01_Good,max_streak_aspect_ratio,0.3154,0.08737413805011182,0.201,0.413,0.36920000000000003,0.17474827610022367,0.17400000000000004,0.598,LOW,1.0,DROP,0.45086517238997764
01_Good,max_streak_length_ratio,0.4284,0.02602767757599591,0.384,0.452,0.1432,0.05205535515199182,0.09599999999999997,0.23199999999999998,LOW,1.0,DROP,0.3380344644848008
01_Good,mean_aspect_ratio,0.5272,0.08776878716263545,0.43,0.65,0.1552,0.09841625881936379,0.008000000000000007,0.30000000000000004,HIGH,0.6,DROP,0.25239837411806365
01_Good,mean_circularity,0.6824,0.037296648643008114,0.638,0.74,0.36479999999999996,0.07459329728601623,0.276,0.48,HIGH,1.0,DROP,0.4895006702713984
01_Good,mean_fwhm,0.6596,0.02608907817459249,0.632,0.694,0.3192,0.05217815634918499,0.264,0.3879999999999999,HIGH,1.0,DROP,0.46762218436508146
01_Good,mean_hfr,0.6844,0.029567549780122097,0.658,0.728,0.3688,0.059135099560244195,0.31600000000000006,0.45599999999999996,HIGH,1.0,DROP,0.5048464900439756
01_Good,mean_hollowness,0.5534,0.05080393685532648,0.481,0.624,0.12199999999999997,0.08274297553266982,0.02400000000000002,0.248,HIGH,0.8,DROP,0.273825702446733
01_Good,mean_intensity,0.5808000000000001,0.06753487987699394,0.504,0.668,0.16160000000000005,0.13506975975398788,0.008000000000000007,0.3360000000000001,HIGH,1.0,DROP,0.3116130240246012
01_Good,mean_star_area,0.6358,0.03057057408685682,0.576,0.658,0.2716,0.06114114817371364,0.1519999999999999,0.31600000000000006,HIGH,1.0,DROP,0.41170588518262863
01_Good,median_eccentricity,0.4276,0.06357861275617768,0.348,0.488,0.14480000000000004,0.12715722551235537,0.02400000000000002,0.30400000000000005,LOW,1.0,DROP,0.3096442774487645
01_Good,median_fwhm,0.6856,0.02843659613948193,0.648,0.722,0.3712,0.05687319227896386,0.29600000000000004,0.44399999999999995,HIGH,1.0,DROP,0.5001526807721036
01_Good,median_fwhm_ratio,0.4295999999999999,0.06041721608945583,0.352,0.488,0.14080000000000004,0.12083443217891165,0.02400000000000002,0.29600000000000004,LOW,1.0,DROP,0.3084765567821089
01_Good,median_hfr,0.7051999999999999,0.03610207750254823,0.662,0.764,0.4104,0.07220415500509646,0.32400000000000007,0.528,HIGH,1.0,DROP,0.5246595844994904
01_Good,saturated_ratio,0.5234,0.084818865825947,0.399,0.65,0.13879999999999998,0.10817467356086637,0.01200000000000001,0.30000000000000004,HIGH,0.6,DROP,0.24524253264391332
01_Good,sharpness,0.5796,0.05566183611775667,0.506,0.676,0.1592,0.11132367223551334,0.01200000000000001,0.3520000000000001,HIGH,1.0,DROP,0.31410763277644865
01_Good,star_count,0.5862,0.026843248685656504,0.546,0.626,0.17239999999999997,0.053686497371313,0.09200000000000008,0.252,HIGH,1.0,DROP,0.3498113502628687
01_Good,std_intensity,0.5756,0.06285729870110551,0.49,0.672,0.1592,0.11541646329705309,0.020000000000000018,0.3440000000000001,HIGH,0.8,DROP,0.2860983536702947
01_Good,streak_count,0.394,0.013564659966250527,0.38,0.42,0.21200000000000002,0.027129319932501055,0.16000000000000003,0.24,LOW,1.0,DROP,0.3906870680067499
01_Good,valid_profile_count,0.5862,0.026843248685656504,0.546,0.626,0.17239999999999997,0.053686497371313,0.09200000000000008,0.252,HIGH,1.0,DROP,0.3498113502628687
02_Out_of_Focus,axis_aligned_line_ratio,0.5988,0.04833797678844245,0.519,0.654,0.1976,0.0966759535768849,0.038000000000000034,0.30800000000000005,HIGH,1.0,DROP,0.3406524046423115
02_Out_of_Focus,background_mad,0.31439999999999996,0.046033031618610554,0.23,0.357,0.3712000000000001,0.09206606323722114,0.28600000000000003,0.54,LOW,1.0,DROP,0.493633393676278
02_Out_of_Focus,background_median,0.298,0.023469128658729535,0.254,0.32,0.404,0.04693825731745907,0.36,0.492,LOW,1.0,DROP,0.5351061742682541
02_Out_of_Focus,bright_area_ratio,0.5564,0.06958620552954442,0.46,0.656,0.1448,0.10547871823263687,0.02400000000000002,0.31200000000000006,HIGH,0.8,DROP,0.28181212817673634
02_Out_of_Focus,diagonal_line_ratio,0.307,0.07939773296511683,0.198,0.405,0.386,0.15879546593023366,0.18999999999999995,0.604,LOW,1.0,DROP,0.4648204534069767
02_Out_of_Focus,elongated_angle_consistency,0.5328,0.049162587401397013,0.5,0.63,0.06560000000000002,0.09832517480279403,0.0,0.26,HIGH,1.0,DROP,0.26968748251972063
02_Out_of_Focus,elongated_angle_std,0.46719999999999995,0.049162587401397013,0.37,0.5,0.06560000000000002,0.09832517480279403,0.0,0.26,LOW,1.0,DROP,0.26968748251972063
02_Out_of_Focus,elongated_star_count,0.5738,0.04717372149830877,0.51,0.647,0.14760000000000004,0.09434744299661754,0.020000000000000018,0.29400000000000004,HIGH,1.0,DROP,0.31298525570033825
02_Out_of_Focus,elongated_star_ratio,0.7096,0.04901265142797316,0.63,0.776,0.4192,0.09802530285594632,0.26,0.552,HIGH,1.0,DROP,0.5068374697144054
02_Out_of_Focus,line_angle_std,0.5846,0.0721542791523829,0.5,0.694,0.16919999999999996,0.1443085583047658,0.0,0.3879999999999999,HIGH,1.0,DROP,0.3117091441695234
02_Out_of_Focus,long_line_count,0.5646,0.037701989337434155,0.521,0.621,0.12919999999999998,0.07540397867486831,0.04200000000000004,0.242,HIGH,1.0,DROP,0.3131996021325132
02_Out_of_Focus,longest_line_ratio,0.4426,0.06030787676580897,0.346,0.513,0.12520000000000003,0.10978233009004681,0.026000000000000023,0.30800000000000005,LOW,0.8,DROP,0.27316176699099537
02_Out_of_Focus,max_aspect_ratio,0.5514,0.05061462239313852,0.491,0.627,0.11079999999999997,0.09240432890292531,0.0020000000000000018,0.254,HIGH,0.6,DROP,0.23121956710970745
02_Out_of_Focus,max_streak_area_ratio,0.48040000000000005,0.015041276541570532,0.462,0.508,0.045600000000000016,0.01903260360539249,0.016000000000000014,0.07599999999999996,LOW,0.8,DROP,0.24341673963946076
02_Out_of_Focus,max_streak_aspect_ratio,0.2648,0.09289434859021295,0.159,0.426,0.47040000000000004,0.1857886971804259,0.14800000000000002,0.6819999999999999,LOW,1.0,DROP,0.4875011302819574
02_Out_of_Focus,max_streak_length_ratio,0.3264,0.02394660727535323,0.29,0.358,0.34719999999999995,0.04789321455070646,0.28400000000000003,0.42000000000000004,LOW,1.0,DROP,0.4866506785449294
02_Out_of_Focus,mean_aspect_ratio,0.6638000000000001,0.07035737345865035,0.557,0.752,0.3276,0.1407147469173007,0.1140000000000001,0.504,HIGH,1.0,DROP,0.41754852530826997
02_Out_of_Focus,mean_circularity,0.36019999999999996,0.06600727232661566,0.262,0.466,0.27959999999999996,0.13201454465323129,0.06799999999999995,0.476,LOW,1.0,DROP,0.3830185455346768
02_Out_of_Focus,mean_fwhm,0.593,0.07995998999499686,0.452,0.692,0.2244,0.09907088371464139,0.09599999999999997,0.3839999999999999,HIGH,0.8,DROP,0.3398729116285359
02_Out_of_Focus,mean_hfr,0.5378000000000001,0.06065772827925555,0.436,0.602,0.1268,0.06598909000736405,0.030000000000000027,0.20399999999999996,HIGH,0.8,DROP,0.2794610909992636
02_Out_of_Focus,mean_hollowness,0.7382,0.06868304011908619,0.695,0.875,0.47639999999999993,0.13736608023817237,0.3899999999999999,0.75,HIGH,1.0,DROP,0.5676433919761827
02_Out_of_Focus,mean_intensity,0.29840000000000005,0.03220931542271584,0.238,0.326,0.4032,0.06441863084543169,0.348,0.524,LOW,1.0,DROP,0.5293981369154568
02_Out_of_Focus,mean_star_area,0.6086,0.06273627339904721,0.522,0.706,0.21719999999999998,0.12547254679809441,0.04400000000000004,0.4119999999999999,HIGH,1.0,DROP,0.3483927453201906
02_Out_of_Focus,median_eccentricity,0.6026,0.06037747924516227,0.483,0.644,0.21880000000000002,0.09389014857800577,0.03400000000000003,0.28800000000000003,HIGH,0.8,DROP,0.3192709851421994
02_Out_of_Focus,median_fwhm,0.6317999999999999,0.0846319088760262,0.51,0.754,0.2636,0.16926381775205238,0.020000000000000018,0.508,HIGH,1.0,DROP,0.35769361822479473
02_Out_of_Focus,median_fwhm_ratio,0.6094,0.06473206315266031,0.483,0.662,0.23240000000000002,0.10307589436914918,0.03400000000000003,0.32400000000000007,HIGH,0.8,DROP,0.32447241056308507
02_Out_of_Focus,median_hfr,0.555,0.05362835071116769,0.484,0.628,0.12280000000000002,0.09232637759600448,0.014000000000000012,0.256,HIGH,0.8,DROP,0.27022736224039956
02_Out_of_Focus,saturated_ratio,0.3356,0.03381478966369598,0.291,0.384,0.32880000000000004,0.06762957932739196,0.23199999999999998,0.41800000000000004,LOW,1.0,DROP,0.4607970420672608
02_Out_of_Focus,sharpness,0.3176,0.034278856457005694,0.282,0.374,0.36479999999999996,0.06855771291401139,0.252,0.43600000000000005,LOW,1.0,DROP,0.48290422870859884
02_Out_of_Focus,star_count,0.4720000000000001,0.06538807230680534,0.374,0.556,0.12400000000000003,0.06973091136648078,0.05800000000000005,0.252,LOW,0.6,DROP,0.2562269088633519
02_Out_of_Focus,std_intensity,0.28600000000000003,0.03921224298608791,0.208,0.31,0.42800000000000005,0.07842448597217583,0.38,0.5840000000000001,LOW,1.0,DROP,0.5487575514027825
02_Out_of_Focus,streak_count,0.394,0.013564659966250527,0.38,0.42,0.21200000000000002,0.027129319932501055,0.16000000000000003,0.24,LOW,1.0,DROP,0.3906870680067499
02_Out_of_Focus,valid_profile_count,0.4720000000000001,0.06538807230680534,0.374,0.556,0.12400000000000003,0.06973091136648078,0.05800000000000005,0.252,LOW,0.6,DROP,0.2562269088633519
03_Tracking_Error,axis_aligned_line_ratio,0.4548,0.04968057970676269,0.37,0.526,0.1112,0.0753615286469164,0.052000000000000046,0.26,LOW,0.8,DROP,0.2781038471353084
03_Tracking_Error,background_mad,0.5843999999999999,0.07723885032805704,0.466,0.7,0.19599999999999998,0.11807116498112481,0.06799999999999995,0.3999999999999999,HIGH,0.8,DROP,0.3167928835018875
03_Tracking_Error,background_median,0.5446,0.06092815441156905,0.48,0.647,0.11720000000000001,0.09523528757766209,0.030000000000000027,0.29400000000000004,HIGH,0.6,DROP,0.2422164712422338
03_Tracking_Error,bright_area_ratio,0.502,0.08973739465796855,0.376,0.644,0.14640000000000003,0.10389533194518415,0.020000000000000018,0.28800000000000003,HIGH,0.6,DROP,0.2514904668054816
03_Tracking_Error,diagonal_line_ratio,0.6008000000000001,0.04870893141919662,0.535,0.66,0.20160000000000006,0.09741786283839322,0.07000000000000006,0.32000000000000006,HIGH,1.0,DROP,0.3519782137161607
03_Tracking_Error,elongated_angle_consistency,0.58,0.04421764353739353,0.521,0.651,0.16,0.08843528707478705,0.04200000000000004,0.30200000000000005,HIGH,1.0,DROP,0.32575647129252133
03_Tracking_Error,elongated_angle_std,0.4202,0.04421040601487392,0.349,0.479,0.15960000000000002,0.08842081202974784,0.04200000000000004,0.30200000000000005,LOW,1.0,DROP,0.32557791879702525
03_Tracking_Error,elongated_star_count,0.5843999999999999,0.07655742942392983,0.486,0.692,0.18000000000000002,0.13977696519813265,0.028000000000000025,0.3839999999999999,HIGH,0.8,DROP,0.2954223034801868
03_Tracking_Error,elongated_star_ratio,0.5996,0.02834501719879527,0.56,0.632,0.1992,0.05669003439759054,0.1200000000000001,0.264,HIGH,1.0,DROP,0.36997099656024096
03_Tracking_Error,line_angle_std,0.4908,0.06000799946673776,0.426,0.59,0.1096,0.052251698536985344,0.04800000000000004,0.17999999999999994,LOW,0.6,DROP,0.2484948301463015
03_Tracking_Error,long_line_count,0.5212,0.07644972204004405,0.372,0.576,0.14479999999999996,0.0648764980559216,0.05400000000000005,0.256,HIGH,0.8,DROP,0.29487235019440783
03_Tracking_Error,longest_line_ratio,0.5478,0.03113454672867423,0.514,0.601,0.09560000000000005,0.06226909345734846,0.028000000000000025,0.20199999999999996,HIGH,1.0,DROP,0.2951930906542652
03_Tracking_Error,max_aspect_ratio,0.49939999999999996,0.06609871405708283,0.391,0.564,0.1196,0.05633329388558774,0.050000000000000044,0.21799999999999997,HIGH,0.6,DROP,0.25318667061144123
03_Tracking_Error,max_streak_area_ratio,0.5108,0.06482715480414052,0.432,0.588,0.11599999999999996,0.06181262007066192,0.0040000000000000036,0.17599999999999993,HIGH,0.6,DROP,0.2372187379929338
03_Tracking_Error,max_streak_aspect_ratio,0.5654,0.06888134725743973,0.465,0.666,0.1588,0.10425814116892744,0.03600000000000003,0.3320000000000001,HIGH,0.8,DROP,0.2918341858831073
03_Tracking_Error,max_streak_length_ratio,0.532,0.04635515073861802,0.468,0.59,0.09919999999999998,0.05339063588308344,0.02400000000000002,0.17999999999999994,HIGH,0.6,DROP,0.23650093641169165
03_Tracking_Error,mean_aspect_ratio,0.603,0.030252272641902486,0.566,0.649,0.20599999999999996,0.06050454528380497,0.1319999999999999,0.29800000000000004,HIGH,1.0,DROP,0.3762495454716195
03_Tracking_Error,mean_circularity,0.4072,0.06751118425861008,0.306,0.492,0.18560000000000001,0.13502236851722013,0.016000000000000014,0.388,LOW,1.0,DROP,0.324817763148278
03_Tracking_Error,mean_fwhm,0.6352,0.06945041396564892,0.5,0.686,0.2704000000000001,0.13890082793129785,0.0,0.3720000000000001,HIGH,1.0,DROP,0.35778991720687026
03_Tracking_Error,mean_hfr,0.6404,0.08896201436568306,0.48,0.726,0.2968,0.14971760083570665,0.040000000000000036,0.45199999999999996,HIGH,0.8,DROP,0.35058823991642935
03_Tracking_Error,mean_hollowness,0.5346,0.08355022441621568,0.428,0.644,0.1428,0.1109926123667697,0.0040000000000000036,0.28800000000000003,LOW,0.6,DROP,0.24436073876332304
03_Tracking_Error,mean_intensity,0.542,0.06066300355241241,0.476,0.642,0.11600000000000002,0.09121403400793103,0.03200000000000003,0.28400000000000003,HIGH,0.6,DROP,0.24267859659920693
03_Tracking_Error,mean_star_area,0.5564,0.061701215547183504,0.452,0.634,0.15119999999999997,0.07134816045281055,0.06000000000000005,0.268,HIGH,0.8,DROP,0.29890518395471893
03_Tracking_Error,median_eccentricity,0.5496,0.08243688494842585,0.424,0.634,0.176,0.07776888838089431,0.040000000000000036,0.268,HIGH,0.6,DROP,0.27342311116191054
03_Tracking_Error,median_fwhm,0.6152,0.07270323239031398,0.492,0.702,0.23679999999999998,0.13473292099557554,0.016000000000000014,0.4039999999999999,HIGH,0.8,DROP,0.31788670790044243
03_Tracking_Error,median_fwhm_ratio,0.5471999999999999,0.08094047195315827,0.424,0.634,0.1712,0.07620603650630309,0.040000000000000036,0.268,HIGH,0.6,DROP,0.27141939634936973
03_Tracking_Error,median_hfr,0.6359999999999999,0.08673638221646095,0.486,0.75,0.2832,0.15451394759050072,0.028000000000000025,0.5,HIGH,0.8,DROP,0.34038860524094994
03_Tracking_Error,saturated_ratio,0.5130000000000001,0.039668627402520515,0.45,0.562,0.07560000000000004,0.035426543720775264,0.02400000000000002,0.12400000000000011,HIGH,0.6,DROP,0.22767734562792252
03_Tracking_Error,sharpness,0.5691999999999999,0.08639074024454242,0.452,0.686,0.1832,0.12428097199491163,0.016000000000000014,0.3720000000000001,HIGH,0.6,DROP,0.26481190280050887
03_Tracking_Error,star_count,0.5359999999999999,0.0991201291363162,0.413,0.703,0.1728,0.12092708546888903,0.07799999999999996,0.4059999999999999,HIGH,0.6,DROP,0.2790672914531111
03_Tracking_Error,std_intensity,0.5684,0.05203690997743813,0.492,0.632,0.14320000000000005,0.0950755489071717,0.016000000000000014,0.264,HIGH,0.8,DROP,0.27973244510928286
03_Tracking_Error,streak_count,0.454,0.030066592756745822,0.42,0.51,0.1,0.045607017003965515,0.020000000000000018,0.16000000000000003,LOW,0.8,DROP,0.26643929829960344
03_Tracking_Error,valid_profile_count,0.5359999999999999,0.0991201291363162,0.413,0.703,0.1728,0.12092708546888903,0.07799999999999996,0.4059999999999999,HIGH,0.6,DROP,0.2790672914531111
04_Over_Saturated,axis_aligned_line_ratio,0.4248,0.15211758609707163,0.15,0.603,0.23839999999999995,0.24154635165946925,0.014000000000000012,0.7,LOW,0.6,DROP,0.27732536483405307
04_Over_Saturated,background_mad,0.0634,0.02403830276870645,0.043,0.098,0.8732000000000001,0.048076605537412886,0.804,0.914,LOW,1.0,CORE,0.8793323394462588
04_Over_Saturated,background_median,0.0596,0.031039329889673842,0.03,0.113,0.8808,0.06207865977934768,0.774,0.94,LOW,1.0,CORE,0.8723521340220652
04_Over_Saturated,bright_area_ratio,0.8588000000000001,0.0466921835000249,0.792,0.938,0.7175999999999999,0.0933843670000498,0.5840000000000001,0.8759999999999999,HIGH,1.0,CORE,0.738781563299995
04_Over_Saturated,diagonal_line_ratio,0.27020000000000005,0.14031450388324082,0.116,0.527,0.4812,0.2417257950654005,0.05400000000000005,0.768,LOW,0.8,DROP,0.42856742049346
04_Over_Saturated,elongated_angle_consistency,0.6062000000000001,0.061029173351766774,0.533,0.673,0.21240000000000006,0.12205834670353356,0.06600000000000006,0.3460000000000001,HIGH,1.0,DROP,0.35317416532964674
04_Over_Saturated,elongated_angle_std,0.394,0.06096556405053594,0.327,0.467,0.21199999999999997,0.12193112810107189,0.06599999999999995,0.346,LOW,1.0,DROP,0.3530068871898928
04_Over_Saturated,elongated_star_count,0.6952,0.049757009556443396,0.61,0.736,0.39039999999999997,0.09951401911288679,0.21999999999999997,0.472,HIGH,1.0,DROP,0.4817285980887114
04_Over_Saturated,elongated_star_ratio,0.46080000000000004,0.061674630116442544,0.384,0.549,0.12720000000000004,0.0719844427636972,0.02400000000000002,0.23199999999999998,LOW,0.6,DROP,0.24724155572363032
04_Over_Saturated,line_angle_std,0.2818,0.11050864219598393,0.164,0.416,0.43640000000000007,0.22101728439196783,0.16800000000000004,0.6719999999999999,LOW,1.0,DROP,0.4746782715608032
04_Over_Saturated,long_line_count,0.1538,0.07563438371534471,0.061,0.27,0.6924,0.15126876743068943,0.45999999999999996,0.878,LOW,1.0,SECONDARY,0.6844531232569311
04_Over_Saturated,longest_line_ratio,0.1216,0.053827873820168674,0.056,0.197,0.7567999999999999,0.10765574764033735,0.606,0.888,LOW,1.0,CORE,0.7615944252359662
04_Over_Saturated,max_aspect_ratio,0.7802,0.04745271330493126,0.703,0.827,0.5603999999999999,0.09490542660986252,0.4059999999999999,0.6539999999999999,HIGH,1.0,SECONDARY,0.6144894573390136
04_Over_Saturated,max_streak_area_ratio,0.4516,0.053417600095848575,0.392,0.546,0.13360000000000002,0.05417600945067841,0.06000000000000005,0.21599999999999997,LOW,0.8,DROP,0.29270239905493217
04_Over_Saturated,max_streak_aspect_ratio,0.46560000000000007,0.11536827986929508,0.26,0.609,0.1688,0.17169554449664673,0.010000000000000009,0.48,LOW,0.6,DROP,0.25179044555033536
04_Over_Saturated,max_streak_length_ratio,0.5308,0.06580699051012744,0.434,0.634,0.11760000000000004,0.08536416109820326,0.008000000000000007,0.268,HIGH,0.6,DROP,0.23678358389017967
04_Over_Saturated,mean_aspect_ratio,0.5336000000000001,0.044061774816727454,0.466,0.586,0.09439999999999997,0.058053768180885514,0.008000000000000007,0.17199999999999993,HIGH,0.8,DROP,0.25907462318191143
04_Over_Saturated,mean_circularity,0.8356,0.012026637102698337,0.822,0.858,0.6712,0.024053274205396675,0.6439999999999999,0.716,HIGH,1.0,CORE,0.7428346725794603
04_Over_Saturated,mean_fwhm,0.346,0.060847349983380546,0.282,0.428,0.3080000000000001,0.12169469996676109,0.14400000000000002,0.43600000000000005,LOW,1.0,DROP,0.419630530003324
04_Over_Saturated,mean_hfr,0.2992,0.0512343634682817,0.236,0.364,0.4016,0.1024687269365634,0.272,0.528,LOW,1.0,DROP,0.5020731273063437
04_Over_Saturated,mean_hollowness,0.6516,0.054485227355678685,0.56,0.7,0.3032,0.10897045471135738,0.1200000000000001,0.3999999999999999,HIGH,1.0,DROP,0.41154295452886436
04_Over_Saturated,mean_intensity,0.059199999999999996,0.025848791074245616,0.034,0.102,0.8815999999999999,0.051697582148491225,0.796,0.9319999999999999,LOW,1.0,CORE,0.8803502417851509
04_Over_Saturated,mean_star_area,0.48760000000000003,0.0807900984032078,0.378,0.606,0.14,0.08439905212737875,0.016000000000000014,0.244,LOW,0.6,DROP,0.24936009478726212
04_Over_Saturated,median_eccentricity,0.8564,0.04526190451141004,0.792,0.924,0.7128,0.09052380902282009,0.5840000000000001,0.8480000000000001,HIGH,1.0,CORE,0.736907619097718
04_Over_Saturated,median_fwhm,0.31800000000000006,0.05158294291720859,0.248,0.374,0.364,0.10316588583441719,0.252,0.504,LOW,1.0,DROP,0.47908341141655825
04_Over_Saturated,median_fwhm_ratio,0.8524,0.04046529377132953,0.792,0.906,0.7048,0.08093058754265905,0.5840000000000001,0.812,HIGH,1.0,CORE,0.7342669412457341
04_Over_Saturated,median_hfr,0.2888,0.04938987750541602,0.228,0.362,0.4224,0.09877975501083205,0.276,0.544,LOW,1.0,DROP,0.5130020244989169
04_Over_Saturated,saturated_ratio,0.1644,0.049576607386952166,0.081,0.233,0.6712,0.0991532147739043,0.534,0.838,LOW,1.0,CORE,0.7023246785226096
04_Over_Saturated,sharpness,0.0744,0.026665333299998335,0.036,0.11,0.8512000000000001,0.05333066659999667,0.78,0.928,LOW,1.0,CORE,0.8617069333400004
04_Over_Saturated,star_count,0.8320000000000001,0.03239135687185704,0.792,0.888,0.6639999999999999,0.06478271374371408,0.5840000000000001,0.776,HIGH,1.0,CORE,0.7175217286256286
04_Over_Saturated,std_intensity,0.09079999999999999,0.014119490075778233,0.068,0.11,0.8184000000000001,0.028238980151556455,0.78,0.864,LOW,1.0,CORE,0.8494561019848444
04_Over_Saturated,streak_count,0.526,0.05748043145279966,0.42,0.57,0.11599999999999999,0.0496386945839634,0.020000000000000018,0.16000000000000003,HIGH,0.8,DROP,0.2732361305416037
04_Over_Saturated,valid_profile_count,0.8320000000000001,0.03239135687185704,0.792,0.888,0.6639999999999999,0.06478271374371408,0.5840000000000001,0.776,HIGH,1.0,CORE,0.7175217286256286
05_No_Star,axis_aligned_line_ratio,0.5237999999999999,0.026125849268492714,0.484,0.556,0.06040000000000005,0.03671294049786808,0.028000000000000025,0.1120000000000001,HIGH,0.8,DROP,0.2519087059502132
05_No_Star,background_mad,0.9054,0.02209615351141459,0.881,0.94,0.8108000000000001,0.04419230702282918,0.762,0.8799999999999999,HIGH,1.0,CORE,0.8390407692977171
05_No_Star,background_median,0.945,0.03179308100829485,0.901,0.992,0.8899999999999999,0.0635861620165897,0.802,0.984,HIGH,1.0,CORE,0.8847413837983411
05_No_Star,bright_area_ratio,0.0204,0.011056219968868202,0.008,0.04,0.9591999999999998,0.022112439937736386,0.92,0.984,LOW,1.0,CORE,0.9554287560062263
05_No_Star,diagonal_line_ratio,0.6112,0.04813065551184613,0.569,0.674,0.2224,0.09626131102369226,0.1379999999999999,0.3480000000000001,HIGH,1.0,DROP,0.38185386889763073
05_No_Star,elongated_angle_consistency,0.11200000000000002,0.026381811916545844,0.06,0.13,0.776,0.05276362383309168,0.74,0.88,LOW,1.0,CORE,0.815923637616691
05_No_Star,elongated_angle_std,0.8880000000000001,0.026381811916545816,0.87,0.94,0.776,0.05276362383309163,0.74,0.8799999999999999,HIGH,1.0,CORE,0.815923637616691
05_No_Star,elongated_star_count,0.06,0.022803508501982758,0.03,0.09,0.8800000000000001,0.0456070170039655,0.8200000000000001,0.94,LOW,1.0,CORE,0.8874392982996036
05_No_Star,elongated_star_ratio,0.06,0.022803508501982758,0.03,0.09,0.8800000000000001,0.0456070170039655,0.8200000000000001,0.94,LOW,1.0,CORE,0.8874392982996036
05_No_Star,line_angle_std,0.5692,0.08636295502123582,0.412,0.656,0.2088,0.07342588099573609,0.09200000000000008,0.31200000000000006,HIGH,0.8,DROP,0.3342174119004264
05_No_Star,long_line_count,0.5129999999999999,0.09095493389585854,0.396,0.606,0.18199999999999997,0.025361387974635795,0.1479999999999999,0.21199999999999997,HIGH,0.6,DROP,0.3137638612025364
05_No_Star,longest_line_ratio,0.7426,0.06446890723441802,0.663,0.833,0.4852,0.12893781446883607,0.32600000000000007,0.6659999999999999,HIGH,1.0,DROP,0.5532462185531164
05_No_Star,max_aspect_ratio,0.022,0.011454256850621082,0.012,0.044,0.9559999999999998,0.022908513701242146,0.912,0.976,LOW,1.0,CORE,0.9515091486298758
05_No_Star,max_streak_area_ratio,0.288,0.09424224105994085,0.118,0.36,0.42400000000000004,0.1884844821198817,0.28,0.764,LOW,1.0,DROP,0.5059515517880119
05_No_Star,max_streak_aspect_ratio,0.4832000000000001,0.0791742382344156,0.382,0.572,0.14079999999999998,0.0798658875866286,0.0020000000000000018,0.236,LOW,0.6,DROP,0.24597341124133715
05_No_Star,max_streak_length_ratio,0.2552,0.07517020686415597,0.118,0.31,0.4896,0.15034041372831194,0.38,0.764,LOW,1.0,DROP,0.5692859586271688
05_No_Star,mean_aspect_ratio,0.041600000000000005,0.03978240817245734,0.012,0.119,0.9168,0.07956481634491465,0.762,0.976,LOW,1.0,CORE,0.8832035183655085
05_No_Star,mean_circularity,0.1526,0.04058374058659453,0.078,0.201,0.6948000000000001,0.08116748117318906,0.598,0.844,LOW,1.0,CORE,0.7339432518826812
05_No_Star,mean_fwhm,0.04379999999999999,0.010925200226998128,0.028,0.056,0.9124000000000001,0.02185040045399623,0.888,0.944,LOW,1.0,CORE,0.9247949599546004
05_No_Star,mean_hfr,0.061,0.012743625857659195,0.044,0.077,0.8779999999999999,0.02548725171531841,0.846,0.912,LOW,1.0,CORE,0.8963512748284681
05_No_Star,mean_hollowness,0.0388,0.009867117106835207,0.028,0.056,0.9224,0.019734234213670383,0.888,0.944,LOW,1.0,CORE,0.929506576578633
05_No_Star,mean_intensity,0.9520000000000002,0.020039960079800526,0.928,0.98,0.9039999999999999,0.04007992015960105,0.8560000000000001,0.96,HIGH,1.0,CORE,0.9095920079840398
05_No_Star,mean_star_area,0.024,0.010059821071967434,0.012,0.04,0.952,0.02011964214393485,0.92,0.976,LOW,1.0,CORE,0.9523880357856066
05_No_Star,median_eccentricity,0.07339999999999999,0.036406592809544815,0.026,0.138,0.8532,0.07281318561908962,0.724,0.948,LOW,1.0,CORE,0.8438586814380911
05_No_Star,median_fwhm,0.0658,0.01762271261752855,0.042,0.093,0.8684000000000001,0.0352454252350571,0.8140000000000001,0.916,LOW,1.0,CORE,0.8814554574764943
05_No_Star,median_fwhm_ratio,0.07300000000000001,0.03693237062523878,0.024,0.138,0.8540000000000001,0.07386474125047754,0.724,0.952,LOW,1.0,CORE,0.8441135258749524
05_No_Star,median_hfr,0.0814,0.018260339536821324,0.056,0.109,0.8371999999999999,0.036520679073642634,0.782,0.888,LOW,1.0,CORE,0.8576879320926357
05_No_Star,saturated_ratio,0.8952,0.015263027222671144,0.878,0.918,0.7904000000000002,0.030526054445342288,0.756,0.8360000000000001,HIGH,1.0,CORE,0.8294273945554659
05_No_Star,sharpness,0.9008,0.037621270579287984,0.852,0.968,0.8016,0.07524254115857597,0.704,0.9359999999999999,HIGH,1.0,CORE,0.8143957458841424
05_No_Star,star_count,0.022600000000000002,0.00873155198117723,0.014,0.039,0.9548,0.017463103962354433,0.922,0.972,LOW,1.0,CORE,0.9545136896037646
05_No_Star,std_intensity,0.9599999999999997,0.014966629547095779,0.938,0.974,0.9199999999999999,0.029933259094191558,0.8759999999999999,0.948,HIGH,1.0,CORE,0.9238066740905808
05_No_Star,streak_count,0.394,0.013564659966250527,0.38,0.42,0.21200000000000002,0.027129319932501055,0.16000000000000003,0.24,LOW,1.0,DROP,0.3906870680067499
05_No_Star,valid_profile_count,0.022600000000000002,0.00873155198117723,0.014,0.039,0.9548,0.017463103962354433,0.922,0.972,LOW,1.0,CORE,0.9545136896037646
06_Satellite,axis_aligned_line_ratio,0.5589999999999999,0.08356554313830553,0.458,0.678,0.1756,0.10498304625033512,0.06000000000000005,0.3560000000000001,HIGH,0.6,DROP,0.2765216953749665
06_Satellite,background_mad,0.5485999999999999,0.04855347567373524,0.482,0.626,0.1116,0.08014387063275641,0.03600000000000003,0.252,HIGH,0.8,DROP,0.2730056129367244
06_Satellite,background_median,0.5748,0.051928412261497074,0.511,0.646,0.14960000000000004,0.10385682452299415,0.02200000000000002,0.29200000000000004,HIGH,1.0,DROP,0.3135343175477006
06_Satellite,bright_area_ratio,0.5399999999999999,0.04129891039724899,0.474,0.594,0.10080000000000004,0.05533317269052984,0.03200000000000003,0.18799999999999994,HIGH,0.8,DROP,0.26942668273094705
06_Satellite,diagonal_line_ratio,0.5512,0.03917856556843293,0.502,0.598,0.1024,0.07835713113686586,0.0040000000000000036,0.19599999999999995,HIGH,1.0,DROP,0.2894442868863134
06_Satellite,elongated_angle_consistency,0.6938000000000001,0.08893908027408423,0.536,0.806,0.38760000000000006,0.17787816054816846,0.07200000000000006,0.6120000000000001,HIGH,1.0,DROP,0.42823218394518314
06_Satellite,elongated_angle_std,0.3058,0.0890649201425567,0.194,0.464,0.38839999999999997,0.1781298402851134,0.07199999999999995,0.612,LOW,1.0,DROP,0.4285670159714886
06_Satellite,elongated_star_count,0.5584,0.041272751301554875,0.496,0.625,0.12000000000000002,0.07782030583337486,0.008000000000000007,0.25,HIGH,0.8,DROP,0.2686179694166625
06_Satellite,elongated_star_ratio,0.6402,0.05697157185825228,0.57,0.708,0.2804,0.11394314371650456,0.1399999999999999,0.4159999999999999,HIGH,1.0,DROP,0.40678568562834944
06_Satellite,line_angle_std,0.5892000000000001,0.07348033750602945,0.49,0.698,0.18639999999999998,0.1366712844748303,0.020000000000000018,0.3959999999999999,HIGH,0.8,DROP,0.29621287155251697
06_Satellite,long_line_count,0.5766,0.09864806130887721,0.468,0.752,0.17959999999999995,0.17360829473271144,0.0020000000000000018,0.504,HIGH,0.6,DROP,0.25405917052672883
06_Satellite,longest_line_ratio,0.5556,0.06501261416063808,0.46,0.646,0.14320000000000002,0.09362563751451843,0.050000000000000044,0.29200000000000004,HIGH,0.8,DROP,0.29007743624854815
06_Satellite,max_aspect_ratio,0.6144000000000001,0.031232034836046172,0.58,0.67,0.22879999999999998,0.062464069672092344,0.15999999999999992,0.3400000000000001,HIGH,1.0,DROP,0.39471359303279074
06_Satellite,max_streak_area_ratio,0.7312000000000001,0.04294368405248904,0.676,0.796,0.46240000000000003,0.08588736810497807,0.3520000000000001,0.5920000000000001,HIGH,1.0,DROP,0.5550912631895023
06_Satellite,max_streak_aspect_ratio,0.9056,0.09590328461528311,0.734,0.982,0.8111999999999998,0.19180656923056622,0.46799999999999997,0.964,HIGH,1.0,SECONDARY,0.7362593430769433
06_Satellite,max_streak_length_ratio,0.9272,0.030320949853195545,0.902,0.984,0.8544,0.06064189970639109,0.804,0.968,HIGH,1.0,CORE,0.869615810029361
06_Satellite,mean_aspect_ratio,0.6308,0.031612655693566805,0.578,0.67,0.2616,0.06322531138713361,0.15599999999999992,0.3400000000000001,HIGH,1.0,DROP,0.4081974688612866
06_Satellite,mean_circularity,0.5619999999999999,0.054918120870983925,0.498,0.66,0.12560000000000002,0.10800296292231987,0.0040000000000000036,0.32000000000000006,HIGH,0.8,DROP,0.266919703707768
06_Satellite,mean_fwhm,0.7224,0.03682173271316818,0.662,0.772,0.44480000000000003,0.07364346542633636,0.32400000000000007,0.544,HIGH,1.0,DROP,0.5399956534573663
06_Satellite,mean_hfr,0.7772,0.04948696798147975,0.7,0.842,0.5544,0.0989739359629595,0.3999999999999999,0.6839999999999999,HIGH,1.0,SECONDARY,0.609582606403704
06_Satellite,mean_hollowness,0.48340000000000005,0.031238437861071104,0.46,0.545,0.06920000000000001,0.014729562111617573,0.04800000000000004,0.09000000000000008,LOW,0.8,DROP,0.2640670437888383
06_Satellite,mean_intensity,0.5676,0.048089915782833295,0.502,0.63,0.13520000000000004,0.09617983156566659,0.0040000000000000036,0.26,HIGH,1.0,DROP,0.30242201684343334
06_Satellite,mean_star_area,0.6876,0.01616910634512616,0.668,0.714,0.3752,0.03233821269025232,0.3360000000000001,0.42799999999999994,HIGH,1.0,DROP,0.5164061787309748
06_Satellite,median_eccentricity,0.4904,0.05948310684555742,0.416,0.584,0.11039999999999998,0.048305693246241684,0.06000000000000005,0.16800000000000004,LOW,0.6,DROP,0.25284943067537585
06_Satellite,median_fwhm,0.6836000000000001,0.041921832021036484,0.608,0.732,0.36719999999999997,0.08384366404207297,0.21599999999999997,0.46399999999999997,HIGH,1.0,DROP,0.47165563359579266
06_Satellite,median_fwhm_ratio,0.48839999999999995,0.05858873611881382,0.414,0.582,0.10799999999999998,0.05103724130475706,0.04800000000000004,0.17200000000000004,LOW,0.6,DROP,0.24789627586952434
06_Satellite,median_hfr,0.7336,0.04970955642529914,0.67,0.798,0.46720000000000006,0.09941911285059828,0.3400000000000001,0.5960000000000001,HIGH,1.0,DROP,0.5522980887149402
06_Satellite,saturated_ratio,0.5683999999999999,0.02742699400225987,0.52,0.598,0.13679999999999998,0.05485398800451974,0.040000000000000036,0.19599999999999995,HIGH,1.0,DROP,0.318074601199548
06_Satellite,sharpness,0.5584,0.058670605928352236,0.486,0.64,0.12800000000000003,0.10501047566790657,0.016000000000000014,0.28,HIGH,0.8,DROP,0.2718989524332094
06_Satellite,star_count,0.5511999999999999,0.04161442057748731,0.478,0.598,0.11999999999999997,0.05488897885732613,0.04400000000000004,0.19599999999999995,HIGH,0.8,DROP,0.28171110211426736
06_Satellite,std_intensity,0.5192,0.033671352809175964,0.472,0.56,0.06400000000000006,0.04374471396637545,0.008000000000000007,0.1200000000000001,HIGH,0.6,DROP,0.2168255286033625
06_Satellite,streak_count,0.8380000000000001,0.036551333764994115,0.81,0.9,0.6759999999999999,0.07310266752998823,0.6200000000000001,0.8,HIGH,1.0,CORE,0.7328897332470012
06_Satellite,valid_profile_count,0.5511999999999999,0.04161442057748731,0.478,0.598,0.11999999999999997,0.05488897885732613,0.04400000000000004,0.19599999999999995,HIGH,0.8,DROP,0.28171110211426736
