class,feature,fold,auc,strength,direction,n_positive,n_negative
01_Good,axis_aligned_line_ratio,1,0.415,0.17000000000000004,LOW,10,50
01_Good,axis_aligned_line_ratio,2,0.462,0.07599999999999996,LOW,10,50
01_Good,axis_aligned_line_ratio,3,0.343,0.31399999999999995,LOW,10,50
01_Good,axis_aligned_line_ratio,4,0.464,0.07199999999999995,LOW,10,50
01_Good,axis_aligned_line_ratio,5,0.51,0.020000000000000018,HIGH,10,50
01_Good,background_mad,1,0.71,0.41999999999999993,HIGH,10,50
01_Good,background_mad,2,0.593,0.18599999999999994,HIGH,10,50
01_Good,background_mad,3,0.628,0.256,HIGH,10,50
01_Good,background_mad,4,0.466,0.06799999999999995,LOW,10,50
01_Good,background_mad,5,0.522,0.04400000000000004,HIGH,10,50
01_Good,background_median,1,0.642,0.28400000000000003,HIGH,10,50
01_Good,background_median,2,0.552,0.10400000000000009,HIGH,10,50
01_Good,background_median,3,0.667,0.3340000000000001,HIGH,10,50
01_Good,background_median,4,0.502,0.0040000000000000036,HIGH,10,50
01_Good,background_median,5,0.527,0.05400000000000005,HIGH,10,50
01_Good,bright_area_ratio,1,0.492,0.016000000000000014,LOW,10,50
01_Good,bright_area_ratio,2,0.51,0.020000000000000018,HIGH,10,50
01_Good,bright_area_ratio,3,0.504,0.008000000000000007,HIGH,10,50
01_Good,bright_area_ratio,4,0.566,0.1319999999999999,HIGH,10,50
01_Good,bright_area_ratio,5,0.54,0.08000000000000007,HIGH,10,50
01_Good,diagonal_line_ratio,1,0.768,0.536,HIGH,10,50
01_Good,diagonal_line_ratio,2,0.572,0.1439999999999999,HIGH,10,50
01_Good,diagonal_line_ratio,3,0.764,0.528,HIGH,10,50
01_Good,diagonal_line_ratio,4,0.592,0.18399999999999994,HIGH,10,50
01_Good,diagonal_line_ratio,5,0.602,0.20399999999999996,HIGH,10,50
01_Good,elongated_angle_consistency,1,0.451,0.09799999999999998,LOW,10,50
01_Good,elongated_angle_consistency,2,0.498,0.0040000000000000036,LOW,10,50
01_Good,elongated_angle_consistency,3,0.488,0.02400000000000002,LOW,10,50
01_Good,elongated_angle_consistency,4,0.459,0.08199999999999996,LOW,10,50
01_Good,elongated_angle_consistency,5,0.48,0.040000000000000036,LOW,10,50
01_Good,elongated_angle_std,1,0.549,0.09800000000000009,HIGH,10,50
01_Good,elongated_angle_std,2,0.502,0.0040000000000000036,HIGH,10,50
01_Good,elongated_angle_std,3,0.512,0.02400000000000002,HIGH,10,50
01_Good,elongated_angle_std,4,0.541,0.08200000000000007,HIGH,10,50
01_Good,elongated_angle_std,5,0.52,0.040000000000000036,HIGH,10,50
01_Good,elongated_star_count,1,0.481,0.038000000000000034,LOW,10,50
01_Good,elongated_star_count,2,0.537,0.07400000000000007,HIGH,10,50
01_Good,elongated_star_count,3,0.554,0.1080000000000001,HIGH,10,50
01_Good,elongated_star_count,4,0.542,0.08400000000000007,HIGH,10,50
01_Good,elongated_star_count,5,0.527,0.05400000000000005,HIGH,10,50
01_Good,elongated_star_ratio,1,0.43,0.14,LOW,10,50
01_Good,elongated_star_ratio,2,0.545,0.09000000000000008,HIGH,10,50
01_Good,elongated_star_ratio,3,0.627,0.254,HIGH,10,50
01_Good,elongated_star_ratio,4,0.516,0.03200000000000003,HIGH,10,50
01_Good,elongated_star_ratio,5,0.531,0.062000000000000055,HIGH,10,50
01_Good,line_angle_std,1,0.378,0.244,LOW,10,50
01_Good,line_angle_std,2,0.484,0.03200000000000003,LOW,10,50
01_Good,line_angle_std,3,0.378,0.244,LOW,10,50
01_Good,line_angle_std,4,0.588,0.17599999999999993,HIGH,10,50
01_Good,line_angle_std,5,0.594,0.18799999999999994,HIGH,10,50
01_Good,long_line_count,1,0.663,0.32600000000000007,HIGH,10,50
01_Good,long_line_count,2,0.605,0.20999999999999996,HIGH,10,50
01_Good,long_line_count,3,0.612,0.22399999999999998,HIGH,10,50
01_Good,long_line_count,4,0.755,0.51,HIGH,10,50
01_Good,long_line_count,5,0.719,0.43799999999999994,HIGH,10,50
01_Good,longest_line_ratio,1,0.634,0.268,HIGH,10,50
01_Good,longest_line_ratio,2,0.569,0.1379999999999999,HIGH,10,50
01_Good,longest_line_ratio,3,0.56,0.1200000000000001,HIGH,10,50
01_Good,longest_line_ratio,4,0.556,0.1120000000000001,HIGH,10,50
01_Good,longest_line_ratio,5,0.63,0.26,HIGH,10,50
01_Good,max_aspect_ratio,1,0.465,0.06999999999999995,LOW,10,50
01_Good,max_aspect_ratio,2,0.543,0.08600000000000008,HIGH,10,50
01_Good,max_aspect_ratio,3,0.58,0.15999999999999992,HIGH,10,50
01_Good,max_aspect_ratio,4,0.505,0.010000000000000009,HIGH,10,50
01_Good,max_aspect_ratio,5,0.57,0.1399999999999999,HIGH,10,50
01_Good,max_streak_area_ratio,1,0.562,0.12400000000000011,HIGH,10,50
01_Good,max_streak_area_ratio,2,0.606,0.21199999999999997,HIGH,10,50
01_Good,max_streak_area_ratio,3,0.488,0.02400000000000002,LOW,10,50
01_Good,max_streak_area_ratio,4,0.56,0.1200000000000001,HIGH,10,50
01_Good,max_streak_area_ratio,5,0.474,0.052000000000000046,LOW,10,50
01_Good,max_streak_aspect_ratio,1,0.223,0.554,LOW,10,50
01_Good,max_streak_aspect_ratio,2,0.201,0.598,LOW,10,50
01_Good,max_streak_aspect_ratio,3,0.347,0.30600000000000005,LOW,10,50
01_Good,max_streak_aspect_ratio,4,0.393,0.21399999999999997,LOW,10,50
01_Good,max_streak_aspect_ratio,5,0.413,0.17400000000000004,LOW,10,50
01_Good,max_streak_length_ratio,1,0.414,0.17200000000000004,LOW,10,50
01_Good,max_streak_length_ratio,2,0.452,0.09599999999999997,LOW,10,50
01_Good,max_streak_length_ratio,3,0.384,0.23199999999999998,LOW,10,50
01_Good,max_streak_length_ratio,4,0.45,0.09999999999999998,LOW,10,50
01_Good,max_streak_length_ratio,5,0.442,0.11599999999999999,LOW,10,50
01_Good,mean_aspect_ratio,1,0.43,0.14,LOW,10,50
01_Good,mean_aspect_ratio,2,0.504,0.008000000000000007,HIGH,10,50
01_Good,mean_aspect_ratio,3,0.65,0.30000000000000004,HIGH,10,50
01_Good,mean_aspect_ratio,4,0.444,0.11199999999999999,LOW,10,50
01_Good,mean_aspect_ratio,5,0.608,0.21599999999999997,HIGH,10,50
01_Good,mean_circularity,1,0.74,0.48,HIGH,10,50
01_Good,mean_circularity,2,0.688,0.3759999999999999,HIGH,10,50
01_Good,mean_circularity,3,0.638,0.276,HIGH,10,50
01_Good,mean_circularity,4,0.7,0.3999999999999999,HIGH,10,50
01_Good,mean_circularity,5,0.646,0.29200000000000004,HIGH,10,50
01_Good,mean_fwhm,1,0.638,0.276,HIGH,10,50
01_Good,mean_fwhm,2,0.646,0.29200000000000004,HIGH,10,50
01_Good,mean_fwhm,3,0.694,0.3879999999999999,HIGH,10,50
01_Good,mean_fwhm,4,0.632,0.264,HIGH,10,50
01_Good,mean_fwhm,5,0.688,0.3759999999999999,HIGH,10,50
01_Good,mean_hfr,1,0.712,0.42399999999999993,HIGH,10,50
01_Good,mean_hfr,2,0.664,0.32800000000000007,HIGH,10,50
01_Good,mean_hfr,3,0.728,0.45599999999999996,HIGH,10,50
01_Good,mean_hfr,4,0.658,0.31600000000000006,HIGH,10,50
01_Good,mean_hfr,5,0.66,0.32000000000000006,HIGH,10,50
01_Good,mean_hollowness,1,0.481,0.038000000000000034,LOW,10,50
01_Good,mean_hollowness,2,0.579,0.15799999999999992,HIGH,10,50
01_Good,mean_hollowness,3,0.512,0.02400000000000002,HIGH,10,50
01_Good,mean_hollowness,4,0.571,0.1419999999999999,HIGH,10,50
01_Good,mean_hollowness,5,0.624,0.248,HIGH,10,50
01_Good,mean_intensity,1,0.654,0.30800000000000005,HIGH,10,50
01_Good,mean_intensity,2,0.554,0.1080000000000001,HIGH,10,50
01_Good,mean_intensity,3,0.668,0.3360000000000001,HIGH,10,50
01_Good,mean_intensity,4,0.504,0.008000000000000007,HIGH,10,50
01_Good,mean_intensity,5,0.524,0.04800000000000004,HIGH,10,50
01_Good,mean_star_area,1,0.576,0.1519999999999999,HIGH,10,50
01_Good,mean_star_area,2,0.654,0.30800000000000005,HIGH,10,50
01_Good,mean_star_area,3,0.652,0.30400000000000005,HIGH,10,50
01_Good,mean_star_area,4,0.658,0.31600000000000006,HIGH,10,50
01_Good,mean_star_area,5,0.639,0.278,HIGH,10,50
01_Good,median_eccentricity,1,0.352,0.29600000000000004,LOW,10,50
01_Good,median_eccentricity,2,0.348,0.30400000000000005,LOW,10,50
01_Good,median_eccentricity,3,0.488,0.02400000000000002,LOW,10,50
01_Good,median_eccentricity,4,0.478,0.04400000000000004,LOW,10,50
01_Good,median_eccentricity,5,0.472,0.05600000000000005,LOW,10,50
01_Good,median_fwhm,1,0.658,0.31600000000000006,HIGH,10,50
01_Good,median_fwhm,2,0.708,0.4159999999999999,HIGH,10,50
01_Good,median_fwhm,3,0.722,0.44399999999999995,HIGH,10,50
01_Good,median_fwhm,4,0.648,0.29600000000000004,HIGH,10,50
01_Good,median_fwhm,5,0.692,0.3839999999999999,HIGH,10,50
01_Good,median_fwhm_ratio,1,0.352,0.29600000000000004,LOW,10,50
01_Good,median_fwhm_ratio,2,0.36,0.28,LOW,10,50
01_Good,median_fwhm_ratio,3,0.488,0.02400000000000002,LOW,10,50
01_Good,median_fwhm_ratio,4,0.478,0.04400000000000004,LOW,10,50
01_Good,median_fwhm_ratio,5,0.47,0.06000000000000005,LOW,10,50
01_Good,median_hfr,1,0.706,0.4119999999999999,HIGH,10,50
01_Good,median_hfr,2,0.72,0.43999999999999995,HIGH,10,50
01_Good,median_hfr,3,0.764,0.528,HIGH,10,50
01_Good,median_hfr,4,0.674,0.3480000000000001,HIGH,10,50
01_Good,median_hfr,5,0.662,0.32400000000000007,HIGH,10,50
01_Good,saturated_ratio,1,0.65,0.30000000000000004,HIGH,10,50
01_Good,saturated_ratio,2,0.506,0.01200000000000001,HIGH,10,50
01_Good,saturated_ratio,3,0.576,0.1519999999999999,HIGH,10,50
01_Good,saturated_ratio,4,0.486,0.028000000000000025,LOW,10,50
01_Good,saturated_ratio,5,0.399,0.20199999999999996,LOW,10,50
01_Good,sharpness,1,0.676,0.3520000000000001,HIGH,10,50
01_Good,sharpness,2,0.564,0.1279999999999999,HIGH,10,50
01_Good,sharpness,3,0.592,0.18399999999999994,HIGH,10,50
01_Good,sharpness,4,0.506,0.01200000000000001,HIGH,10,50
01_Good,sharpness,5,0.56,0.1200000000000001,HIGH,10,50
01_Good,star_count,1,0.599,0.19799999999999995,HIGH,10,50
01_Good,star_count,2,0.589,0.17799999999999994,HIGH,10,50
01_Good,star_count,3,0.546,0.09200000000000008,HIGH,10,50
01_Good,star_count,4,0.626,0.252,HIGH,10,50
01_Good,star_count,5,0.571,0.1419999999999999,HIGH,10,50
01_Good,std_intensity,1,0.672,0.3440000000000001,HIGH,10,50
01_Good,std_intensity,2,0.578,0.15599999999999992,HIGH,10,50
01_Good,std_intensity,3,0.608,0.21599999999999997,HIGH,10,50
01_Good,std_intensity,4,0.49,0.020000000000000018,LOW,10,50
01_Good,std_intensity,5,0.53,0.06000000000000005,HIGH,10,50
01_Good,streak_count,1,0.39,0.21999999999999997,LOW,10,50
01_Good,streak_count,2,0.39,0.21999999999999997,LOW,10,50
01_Good,streak_count,3,0.38,0.24,LOW,10,50
01_Good,streak_count,4,0.39,0.21999999999999997,LOW,10,50
01_Good,streak_count,5,0.42,0.16000000000000003,LOW,10,50
01_Good,valid_profile_count,1,0.599,0.19799999999999995,HIGH,10,50
01_Good,valid_profile_count,2,0.589,0.17799999999999994,HIGH,10,50
01_Good,valid_profile_count,3,0.546,0.09200000000000008,HIGH,10,50
01_Good,valid_profile_count,4,0.626,0.252,HIGH,10,50
01_Good,valid_profile_count,5,0.571,0.1419999999999999,HIGH,10,50
02_Out_of_Focus,axis_aligned_line_ratio,1,0.519,0.038000000000000034,HIGH,10,50
02_Out_of_Focus,axis_aligned_line_ratio,2,0.654,0.30800000000000005,HIGH,10,50
02_Out_of_Focus,axis_aligned_line_ratio,3,0.586,0.17199999999999993,HIGH,10,50
02_Out_of_Focus,axis_aligned_line_ratio,4,0.591,0.18199999999999994,HIGH,10,50
02_Out_of_Focus,axis_aligned_line_ratio,5,0.644,0.28800000000000003,HIGH,10,50
02_Out_of_Focus,background_mad,1,0.23,0.54,LOW,10,50
02_Out_of_Focus,background_mad,2,0.355,0.29000000000000004,LOW,10,50
02_Out_of_Focus,background_mad,3,0.317,0.366,LOW,10,50
02_Out_of_Focus,background_mad,4,0.357,0.28600000000000003,LOW,10,50
02_Out_of_Focus,background_mad,5,0.313,0.374,LOW,10,50
02_Out_of_Focus,background_median,1,0.254,0.492,LOW,10,50
02_Out_of_Focus,background_median,2,0.316,0.368,LOW,10,50
02_Out_of_Focus,background_median,3,0.299,0.402,LOW,10,50
02_Out_of_Focus,background_median,4,0.32,0.36,LOW,10,50
02_Out_of_Focus,background_median,5,0.301,0.398,LOW,10,50
02_Out_of_Focus,bright_area_ratio,1,0.46,0.07999999999999996,LOW,10,50
02_Out_of_Focus,bright_area_ratio,2,0.656,0.31200000000000006,HIGH,10,50
02_Out_of_Focus,bright_area_ratio,3,0.512,0.02400000000000002,HIGH,10,50
02_Out_of_Focus,bright_area_ratio,4,0.61,0.21999999999999997,HIGH,10,50
02_Out_of_Focus,bright_area_ratio,5,0.544,0.08800000000000008,HIGH,10,50
02_Out_of_Focus,diagonal_line_ratio,1,0.264,0.472,LOW,10,50
02_Out_of_Focus,diagonal_line_ratio,2,0.198,0.604,LOW,10,50
02_Out_of_Focus,diagonal_line_ratio,3,0.405,0.18999999999999995,LOW,10,50
02_Out_of_Focus,diagonal_line_ratio,4,0.392,0.21599999999999997,LOW,10,50
02_Out_of_Focus,diagonal_line_ratio,5,0.276,0.44799999999999995,LOW,10,50
02_Out_of_Focus,elongated_angle_consistency,1,0.5,0.0,NONE,10,50
02_Out_of_Focus,elongated_angle_consistency,2,0.504,0.008000000000000007,HIGH,10,50
02_Out_of_Focus,elongated_angle_consistency,3,0.522,0.04400000000000004,HIGH,10,50
02_Out_of_Focus,elongated_angle_consistency,4,0.63,0.26,HIGH,10,50
02_Out_of_Focus,elongated_angle_consistency,5,0.508,0.016000000000000014,HIGH,10,50
02_Out_of_Focus,elongated_angle_std,1,0.5,0.0,NONE,10,50
02_Out_of_Focus,elongated_angle_std,2,0.496,0.008000000000000007,LOW,10,50
02_Out_of_Focus,elongated_angle_std,3,0.478,0.04400000000000004,LOW,10,50
02_Out_of_Focus,elongated_angle_std,4,0.37,0.26,LOW,10,50
02_Out_of_Focus,elongated_angle_std,5,0.492,0.016000000000000014,LOW,10,50
02_Out_of_Focus,elongated_star_count,1,0.555,0.1100000000000001,HIGH,10,50
02_Out_of_Focus,elongated_star_count,2,0.604,0.20799999999999996,HIGH,10,50
02_Out_of_Focus,elongated_star_count,3,0.51,0.020000000000000018,HIGH,10,50
02_Out_of_Focus,elongated_star_count,4,0.647,0.29400000000000004,HIGH,10,50
02_Out_of_Focus,elongated_star_count,5,0.553,0.1060000000000001,HIGH,10,50
02_Out_of_Focus,elongated_star_ratio,1,0.776,0.552,HIGH,10,50
02_Out_of_Focus,elongated_star_ratio,2,0.732,0.46399999999999997,HIGH,10,50
02_Out_of_Focus,elongated_star_ratio,3,0.63,0.26,HIGH,10,50
02_Out_of_Focus,elongated_star_ratio,4,0.686,0.3720000000000001,HIGH,10,50
02_Out_of_Focus,elongated_star_ratio,5,0.724,0.44799999999999995,HIGH,10,50
02_Out_of_Focus,line_angle_std,1,0.515,0.030000000000000027,HIGH,10,50
02_Out_of_Focus,line_angle_std,2,0.694,0.3879999999999999,HIGH,10,50
02_Out_of_Focus,line_angle_std,3,0.63,0.26,HIGH,10,50
02_Out_of_Focus,line_angle_std,4,0.5,0.0,NONE,10,50
02_Out_of_Focus,line_angle_std,5,0.584,0.16799999999999993,HIGH,10,50
02_Out_of_Focus,long_line_count,1,0.621,0.242,HIGH,10,50
02_Out_of_Focus,long_line_count,2,0.521,0.04200000000000004,HIGH,10,50
02_Out_of_Focus,long_line_count,3,0.585,0.16999999999999993,HIGH,10,50
02_Out_of_Focus,long_line_count,4,0.571,0.1419999999999999,HIGH,10,50
02_Out_of_Focus,long_line_count,5,0.525,0.050000000000000044,HIGH,10,50
02_Out_of_Focus,longest_line_ratio,1,0.479,0.04200000000000004,LOW,10,50
02_Out_of_Focus,longest_line_ratio,2,0.402,0.19599999999999995,LOW,10,50
02_Out_of_Focus,longest_line_ratio,3,0.473,0.05400000000000005,LOW,10,50
02_Out_of_Focus,longest_line_ratio,4,0.513,0.026000000000000023,HIGH,10,50
02_Out_of_Focus,longest_line_ratio,5,0.346,0.30800000000000005,LOW,10,50
02_Out_of_Focus,max_aspect_ratio,1,0.491,0.018000000000000016,LOW,10,50
02_Out_of_Focus,max_aspect_ratio,2,0.627,0.254,HIGH,10,50
02_Out_of_Focus,max_aspect_ratio,3,0.499,0.0020000000000000018,LOW,10,50
02_Out_of_Focus,max_aspect_ratio,4,0.568,0.1359999999999999,HIGH,10,50
02_Out_of_Focus,max_aspect_ratio,5,0.572,0.1439999999999999,HIGH,10,50
02_Out_of_Focus,max_streak_area_ratio,1,0.508,0.016000000000000014,HIGH,10,50
02_Out_of_Focus,max_streak_area_ratio,2,0.462,0.07599999999999996,LOW,10,50
02_Out_of_Focus,max_streak_area_ratio,3,0.478,0.04400000000000004,LOW,10,50
02_Out_of_Focus,max_streak_area_ratio,4,0.478,0.04400000000000004,LOW,10,50
02_Out_of_Focus,max_streak_area_ratio,5,0.476,0.04800000000000004,LOW,10,50
02_Out_of_Focus,max_streak_aspect_ratio,1,0.303,0.394,LOW,10,50
02_Out_of_Focus,max_streak_aspect_ratio,2,0.159,0.6819999999999999,LOW,10,50
02_Out_of_Focus,max_streak_aspect_ratio,3,0.21,0.5800000000000001,LOW,10,50
02_Out_of_Focus,max_streak_aspect_ratio,4,0.226,0.548,LOW,10,50
02_Out_of_Focus,max_streak_aspect_ratio,5,0.426,0.14800000000000002,LOW,10,50
02_Out_of_Focus,max_streak_length_ratio,1,0.31,0.38,LOW,10,50
02_Out_of_Focus,max_streak_length_ratio,2,0.29,0.42000000000000004,LOW,10,50
02_Out_of_Focus,max_streak_length_ratio,3,0.358,0.28400000000000003,LOW,10,50
02_Out_of_Focus,max_streak_length_ratio,4,0.332,0.33599999999999997,LOW,10,50
02_Out_of_Focus,max_streak_length_ratio,5,0.342,0.31599999999999995,LOW,10,50
02_Out_of_Focus,mean_aspect_ratio,1,0.752,0.504,HIGH,10,50
02_Out_of_Focus,mean_aspect_ratio,2,0.73,0.45999999999999996,HIGH,10,50
02_Out_of_Focus,mean_aspect_ratio,3,0.557,0.1140000000000001,HIGH,10,50
02_Out_of_Focus,mean_aspect_ratio,4,0.635,0.27,HIGH,10,50
02_Out_of_Focus,mean_aspect_ratio,5,0.645,0.29000000000000004,HIGH,10,50
02_Out_of_Focus,mean_circularity,1,0.262,0.476,LOW,10,50
02_Out_of_Focus,mean_circularity,2,0.466,0.06799999999999995,LOW,10,50
02_Out_of_Focus,mean_circularity,3,0.337,0.32599999999999996,LOW,10,50
02_Out_of_Focus,mean_circularity,4,0.356,0.28800000000000003,LOW,10,50
02_Out_of_Focus,mean_circularity,5,0.38,0.24,LOW,10,50
02_Out_of_Focus,mean_fwhm,1,0.614,0.22799999999999998,HIGH,10,50
02_Out_of_Focus,mean_fwhm,2,0.692,0.3839999999999999,HIGH,10,50
02_Out_of_Focus,mean_fwhm,3,0.575,0.1499999999999999,HIGH,10,50
02_Out_of_Focus,mean_fwhm,4,0.632,0.264,HIGH,10,50
02_Out_of_Focus,mean_fwhm,5,0.452,0.09599999999999997,LOW,10,50
02_Out_of_Focus,mean_hfr,1,0.54,0.08000000000000007,HIGH,10,50
02_Out_of_Focus,mean_hfr,2,0.602,0.20399999999999996,HIGH,10,50
02_Out_of_Focus,mean_hfr,3,0.515,0.030000000000000027,HIGH,10,50
02_Out_of_Focus,mean_hfr,4,0.596,0.19199999999999995,HIGH,10,50
02_Out_of_Focus,mean_hfr,5,0.436,0.128,LOW,10,50
02_Out_of_Focus,mean_hollowness,1,0.695,0.3899999999999999,HIGH,10,50
02_Out_of_Focus,mean_hollowness,2,0.875,0.75,HIGH,10,50
02_Out_of_Focus,mean_hollowness,3,0.713,0.42599999999999993,HIGH,10,50
02_Out_of_Focus,mean_hollowness,4,0.7,0.3999999999999999,HIGH,10,50
02_Out_of_Focus,mean_hollowness,5,0.708,0.4159999999999999,HIGH,10,50
02_Out_of_Focus,mean_intensity,1,0.238,0.524,LOW,10,50
02_Out_of_Focus,mean_intensity,2,0.326,0.348,LOW,10,50
02_Out_of_Focus,mean_intensity,3,0.3,0.4,LOW,10,50
02_Out_of_Focus,mean_intensity,4,0.326,0.348,LOW,10,50
02_Out_of_Focus,mean_intensity,5,0.302,0.396,LOW,10,50
02_Out_of_Focus,mean_star_area,1,0.628,0.256,HIGH,10,50
02_Out_of_Focus,mean_star_area,2,0.706,0.4119999999999999,HIGH,10,50
02_Out_of_Focus,mean_star_area,3,0.563,0.1259999999999999,HIGH,10,50
02_Out_of_Focus,mean_star_area,4,0.624,0.248,HIGH,10,50
02_Out_of_Focus,mean_star_area,5,0.522,0.04400000000000004,HIGH,10,50
02_Out_of_Focus,median_eccentricity,1,0.634,0.268,HIGH,10,50
02_Out_of_Focus,median_eccentricity,2,0.618,0.236,HIGH,10,50
02_Out_of_Focus,median_eccentricity,3,0.483,0.03400000000000003,LOW,10,50
02_Out_of_Focus,median_eccentricity,4,0.644,0.28800000000000003,HIGH,10,50
02_Out_of_Focus,median_eccentricity,5,0.634,0.268,HIGH,10,50
02_Out_of_Focus,median_fwhm,1,0.64,0.28,HIGH,10,50
02_Out_of_Focus,median_fwhm,2,0.754,0.508,HIGH,10,50
02_Out_of_Focus,median_fwhm,3,0.573,0.1459999999999999,HIGH,10,50
02_Out_of_Focus,median_fwhm,4,0.682,0.3640000000000001,HIGH,10,50
02_Out_of_Focus,median_fwhm,5,0.51,0.020000000000000018,HIGH,10,50
02_Out_of_Focus,median_fwhm_ratio,1,0.662,0.32400000000000007,HIGH,10,50
02_Out_of_Focus,median_fwhm_ratio,2,0.618,0.236,HIGH,10,50
02_Out_of_Focus,median_fwhm_ratio,3,0.483,0.03400000000000003,LOW,10,50
02_Out_of_Focus,median_fwhm_ratio,4,0.644,0.28800000000000003,HIGH,10,50
02_Out_of_Focus,median_fwhm_ratio,5,0.64,0.28,HIGH,10,50
02_Out_of_Focus,median_hfr,1,0.56,0.1200000000000001,HIGH,10,50
02_Out_of_Focus,median_hfr,2,0.628,0.256,HIGH,10,50
02_Out_of_Focus,median_hfr,3,0.507,0.014000000000000012,HIGH,10,50
02_Out_of_Focus,median_hfr,4,0.596,0.19199999999999995,HIGH,10,50
02_Out_of_Focus,median_hfr,5,0.484,0.03200000000000003,LOW,10,50
02_Out_of_Focus,saturated_ratio,1,0.291,0.41800000000000004,LOW,10,50
02_Out_of_Focus,saturated_ratio,2,0.384,0.23199999999999998,LOW,10,50
02_Out_of_Focus,saturated_ratio,3,0.304,0.392,LOW,10,50
02_Out_of_Focus,saturated_ratio,4,0.35,0.30000000000000004,LOW,10,50
02_Out_of_Focus,saturated_ratio,5,0.349,0.30200000000000005,LOW,10,50
02_Out_of_Focus,sharpness,1,0.288,0.42400000000000004,LOW,10,50
02_Out_of_Focus,sharpness,2,0.282,0.43600000000000005,LOW,10,50
02_Out_of_Focus,sharpness,3,0.374,0.252,LOW,10,50
02_Out_of_Focus,sharpness,4,0.338,0.32399999999999995,LOW,10,50
02_Out_of_Focus,sharpness,5,0.306,0.388,LOW,10,50
02_Out_of_Focus,star_count,1,0.374,0.252,LOW,10,50
02_Out_of_Focus,star_count,2,0.556,0.1120000000000001,HIGH,10,50
02_Out_of_Focus,star_count,3,0.434,0.132,LOW,10,50
02_Out_of_Focus,star_count,4,0.529,0.05800000000000005,HIGH,10,50
02_Out_of_Focus,star_count,5,0.467,0.06599999999999995,LOW,10,50
02_Out_of_Focus,std_intensity,1,0.208,0.5840000000000001,LOW,10,50
02_Out_of_Focus,std_intensity,2,0.31,0.38,LOW,10,50
02_Out_of_Focus,std_intensity,3,0.298,0.404,LOW,10,50
02_Out_of_Focus,std_intensity,4,0.306,0.388,LOW,10,50
02_Out_of_Focus,std_intensity,5,0.308,0.384,LOW,10,50
02_Out_of_Focus,streak_count,1,0.39,0.21999999999999997,LOW,10,50
02_Out_of_Focus,streak_count,2,0.39,0.21999999999999997,LOW,10,50
02_Out_of_Focus,streak_count,3,0.38,0.24,LOW,10,50
02_Out_of_Focus,streak_count,4,0.39,0.21999999999999997,LOW,10,50
02_Out_of_Focus,streak_count,5,0.42,0.16000000000000003,LOW,10,50
02_Out_of_Focus,valid_profile_count,1,0.374,0.252,LOW,10,50
02_Out_of_Focus,valid_profile_count,2,0.556,0.1120000000000001,HIGH,10,50
02_Out_of_Focus,valid_profile_count,3,0.434,0.132,LOW,10,50
02_Out_of_Focus,valid_profile_count,4,0.529,0.05800000000000005,HIGH,10,50
02_Out_of_Focus,valid_profile_count,5,0.467,0.06599999999999995,LOW,10,50
03_Tracking_Error,axis_aligned_line_ratio,1,0.456,0.08799999999999997,LOW,10,50
03_Tracking_Error,axis_aligned_line_ratio,2,0.526,0.052000000000000046,HIGH,10,50
03_Tracking_Error,axis_aligned_line_ratio,3,0.46,0.07999999999999996,LOW,10,50
03_Tracking_Error,axis_aligned_line_ratio,4,0.37,0.26,LOW,10,50
03_Tracking_Error,axis_aligned_line_ratio,5,0.462,0.07599999999999996,LOW,10,50
03_Tracking_Error,background_mad,1,0.559,0.1180000000000001,HIGH,10,50
03_Tracking_Error,background_mad,2,0.572,0.1439999999999999,HIGH,10,50
03_Tracking_Error,background_mad,3,0.466,0.06799999999999995,LOW,10,50
03_Tracking_Error,background_mad,4,0.625,0.25,HIGH,10,50
03_Tracking_Error,background_mad,5,0.7,0.3999999999999999,HIGH,10,50
03_Tracking_Error,background_median,1,0.48,0.040000000000000036,LOW,10,50
03_Tracking_Error,background_median,2,0.548,0.09600000000000009,HIGH,10,50
03_Tracking_Error,background_median,3,0.485,0.030000000000000027,LOW,10,50
03_Tracking_Error,background_median,4,0.563,0.1259999999999999,HIGH,10,50
03_Tracking_Error,background_median,5,0.647,0.29400000000000004,HIGH,10,50
03_Tracking_Error,bright_area_ratio,1,0.534,0.06800000000000006,HIGH,10,50
03_Tracking_Error,bright_area_ratio,2,0.446,0.10799999999999998,LOW,10,50
03_Tracking_Error,bright_area_ratio,3,0.644,0.28800000000000003,HIGH,10,50
03_Tracking_Error,bright_area_ratio,4,0.376,0.248,LOW,10,50
03_Tracking_Error,bright_area_ratio,5,0.51,0.020000000000000018,HIGH,10,50
03_Tracking_Error,diagonal_line_ratio,1,0.621,0.242,HIGH,10,50
03_Tracking_Error,diagonal_line_ratio,2,0.535,0.07000000000000006,HIGH,10,50
03_Tracking_Error,diagonal_line_ratio,3,0.552,0.10400000000000009,HIGH,10,50
03_Tracking_Error,diagonal_line_ratio,4,0.636,0.272,HIGH,10,50
03_Tracking_Error,diagonal_line_ratio,5,0.66,0.32000000000000006,HIGH,10,50
03_Tracking_Error,elongated_angle_consistency,1,0.582,0.16399999999999992,HIGH,10,50
03_Tracking_Error,elongated_angle_consistency,2,0.597,0.19399999999999995,HIGH,10,50
03_Tracking_Error,elongated_angle_consistency,3,0.651,0.30200000000000005,HIGH,10,50
03_Tracking_Error,elongated_angle_consistency,4,0.521,0.04200000000000004,HIGH,10,50
03_Tracking_Error,elongated_angle_consistency,5,0.549,0.09800000000000009,HIGH,10,50
03_Tracking_Error,elongated_angle_std,1,0.419,0.16200000000000003,LOW,10,50
03_Tracking_Error,elongated_angle_std,2,0.403,0.19399999999999995,LOW,10,50
03_Tracking_Error,elongated_angle_std,3,0.349,0.30200000000000005,LOW,10,50
03_Tracking_Error,elongated_angle_std,4,0.479,0.04200000000000004,LOW,10,50
03_Tracking_Error,elongated_angle_std,5,0.451,0.09799999999999998,LOW,10,50
03_Tracking_Error,elongated_star_count,1,0.653,0.30600000000000005,HIGH,10,50
03_Tracking_Error,elongated_star_count,2,0.533,0.06600000000000006,HIGH,10,50
03_Tracking_Error,elongated_star_count,3,0.692,0.3839999999999999,HIGH,10,50
03_Tracking_Error,elongated_star_count,4,0.486,0.028000000000000025,LOW,10,50
03_Tracking_Error,elongated_star_count,5,0.558,0.1160000000000001,HIGH,10,50
03_Tracking_Error,elongated_star_ratio,1,0.632,0.264,HIGH,10,50
03_Tracking_Error,elongated_star_ratio,2,0.613,0.22599999999999998,HIGH,10,50
03_Tracking_Error,elongated_star_ratio,3,0.621,0.242,HIGH,10,50
03_Tracking_Error,elongated_star_ratio,4,0.572,0.1439999999999999,HIGH,10,50
03_Tracking_Error,elongated_star_ratio,5,0.56,0.1200000000000001,HIGH,10,50
03_Tracking_Error,line_angle_std,1,0.44,0.12,LOW,10,50
03_Tracking_Error,line_angle_std,2,0.59,0.17999999999999994,HIGH,10,50
03_Tracking_Error,line_angle_std,3,0.474,0.052000000000000046,LOW,10,50
03_Tracking_Error,line_angle_std,4,0.524,0.04800000000000004,HIGH,10,50
03_Tracking_Error,line_angle_std,5,0.426,0.14800000000000002,LOW,10,50
03_Tracking_Error,long_line_count,1,0.576,0.1519999999999999,HIGH,10,50
03_Tracking_Error,long_line_count,2,0.566,0.1319999999999999,HIGH,10,50
03_Tracking_Error,long_line_count,3,0.372,0.256,LOW,10,50
03_Tracking_Error,long_line_count,4,0.527,0.05400000000000005,HIGH,10,50
03_Tracking_Error,long_line_count,5,0.565,0.1299999999999999,HIGH,10,50
03_Tracking_Error,longest_line_ratio,1,0.552,0.10400000000000009,HIGH,10,50
03_Tracking_Error,longest_line_ratio,2,0.601,0.20199999999999996,HIGH,10,50
03_Tracking_Error,longest_line_ratio,3,0.519,0.038000000000000034,HIGH,10,50
03_Tracking_Error,longest_line_ratio,4,0.514,0.028000000000000025,HIGH,10,50
03_Tracking_Error,longest_line_ratio,5,0.553,0.1060000000000001,HIGH,10,50
03_Tracking_Error,max_aspect_ratio,1,0.525,0.050000000000000044,HIGH,10,50
03_Tracking_Error,max_aspect_ratio,2,0.391,0.21799999999999997,LOW,10,50
03_Tracking_Error,max_aspect_ratio,3,0.564,0.1279999999999999,HIGH,10,50
03_Tracking_Error,max_aspect_ratio,4,0.458,0.08399999999999996,LOW,10,50
03_Tracking_Error,max_aspect_ratio,5,0.559,0.1180000000000001,HIGH,10,50
03_Tracking_Error,max_streak_area_ratio,1,0.582,0.16399999999999992,HIGH,10,50
03_Tracking_Error,max_streak_area_ratio,2,0.432,0.136,LOW,10,50
03_Tracking_Error,max_streak_area_ratio,3,0.45,0.09999999999999998,LOW,10,50
03_Tracking_Error,max_streak_area_ratio,4,0.588,0.17599999999999993,HIGH,10,50
03_Tracking_Error,max_streak_area_ratio,5,0.502,0.0040000000000000036,HIGH,10,50
03_Tracking_Error,max_streak_aspect_ratio,1,0.598,0.19599999999999995,HIGH,10,50
03_Tracking_Error,max_streak_aspect_ratio,2,0.666,0.3320000000000001,HIGH,10,50
03_Tracking_Error,max_streak_aspect_ratio,3,0.465,0.06999999999999995,LOW,10,50
03_Tracking_Error,max_streak_aspect_ratio,4,0.58,0.15999999999999992,HIGH,10,50
03_Tracking_Error,max_streak_aspect_ratio,5,0.518,0.03600000000000003,HIGH,10,50
03_Tracking_Error,max_streak_length_ratio,1,0.59,0.17999999999999994,HIGH,10,50
03_Tracking_Error,max_streak_length_ratio,2,0.55,0.10000000000000009,HIGH,10,50
03_Tracking_Error,max_streak_length_ratio,3,0.468,0.06399999999999995,LOW,10,50
03_Tracking_Error,max_streak_length_ratio,4,0.564,0.1279999999999999,HIGH,10,50
03_Tracking_Error,max_streak_length_ratio,5,0.488,0.02400000000000002,LOW,10,50
03_Tracking_Error,mean_aspect_ratio,1,0.608,0.21599999999999997,HIGH,10,50
03_Tracking_Error,mean_aspect_ratio,2,0.618,0.236,HIGH,10,50
03_Tracking_Error,mean_aspect_ratio,3,0.574,0.1479999999999999,HIGH,10,50
03_Tracking_Error,mean_aspect_ratio,4,0.566,0.1319999999999999,HIGH,10,50
03_Tracking_Error,mean_aspect_ratio,5,0.649,0.29800000000000004,HIGH,10,50
03_Tracking_Error,mean_circularity,1,0.426,0.14800000000000002,LOW,10,50
03_Tracking_Error,mean_circularity,2,0.306,0.388,LOW,10,50
03_Tracking_Error,mean_circularity,3,0.456,0.08799999999999997,LOW,10,50
03_Tracking_Error,mean_circularity,4,0.356,0.28800000000000003,LOW,10,50
03_Tracking_Error,mean_circularity,5,0.492,0.016000000000000014,LOW,10,50
03_Tracking_Error,mean_fwhm,1,0.686,0.3720000000000001,HIGH,10,50
03_Tracking_Error,mean_fwhm,2,0.684,0.3680000000000001,HIGH,10,50
03_Tracking_Error,mean_fwhm,3,0.642,0.28400000000000003,HIGH,10,50
03_Tracking_Error,mean_fwhm,4,0.5,0.0,NONE,10,50
03_Tracking_Error,mean_fwhm,5,0.664,0.32800000000000007,HIGH,10,50
03_Tracking_Error,mean_hfr,1,0.66,0.32000000000000006,HIGH,10,50
03_Tracking_Error,mean_hfr,2,0.716,0.43199999999999994,HIGH,10,50
03_Tracking_Error,mean_hfr,3,0.62,0.24,HIGH,10,50
03_Tracking_Error,mean_hfr,4,0.48,0.040000000000000036,LOW,10,50
03_Tracking_Error,mean_hfr,5,0.726,0.45199999999999996,HIGH,10,50
03_Tracking_Error,mean_hollowness,1,0.621,0.242,HIGH,10,50
03_Tracking_Error,mean_hollowness,2,0.498,0.0040000000000000036,LOW,10,50
03_Tracking_Error,mean_hollowness,3,0.644,0.28800000000000003,HIGH,10,50
03_Tracking_Error,mean_hollowness,4,0.428,0.14400000000000002,LOW,10,50
03_Tracking_Error,mean_hollowness,5,0.482,0.03600000000000003,LOW,10,50
03_Tracking_Error,mean_intensity,1,0.476,0.04800000000000004,LOW,10,50
03_Tracking_Error,mean_intensity,2,0.54,0.08000000000000007,HIGH,10,50
03_Tracking_Error,mean_intensity,3,0.484,0.03200000000000003,LOW,10,50
03_Tracking_Error,mean_intensity,4,0.568,0.1359999999999999,HIGH,10,50
03_Tracking_Error,mean_intensity,5,0.642,0.28400000000000003,HIGH,10,50
03_Tracking_Error,mean_star_area,1,0.634,0.268,HIGH,10,50
03_Tracking_Error,mean_star_area,2,0.582,0.16399999999999992,HIGH,10,50
03_Tracking_Error,mean_star_area,3,0.584,0.16799999999999993,HIGH,10,50
03_Tracking_Error,mean_star_area,4,0.452,0.09599999999999997,LOW,10,50
03_Tracking_Error,mean_star_area,5,0.53,0.06000000000000005,HIGH,10,50
03_Tracking_Error,median_eccentricity,1,0.598,0.19599999999999995,HIGH,10,50
03_Tracking_Error,median_eccentricity,2,0.612,0.22399999999999998,HIGH,10,50
03_Tracking_Error,median_eccentricity,3,0.634,0.268,HIGH,10,50
03_Tracking_Error,median_eccentricity,4,0.48,0.040000000000000036,LOW,10,50
03_Tracking_Error,median_eccentricity,5,0.424,0.15200000000000002,LOW,10,50
03_Tracking_Error,median_fwhm,1,0.702,0.4039999999999999,HIGH,10,50
03_Tracking_Error,median_fwhm,2,0.606,0.21199999999999997,HIGH,10,50
03_Tracking_Error,median_fwhm,3,0.602,0.20399999999999996,HIGH,10,50
03_Tracking_Error,median_fwhm,4,0.492,0.016000000000000014,LOW,10,50
03_Tracking_Error,median_fwhm,5,0.674,0.3480000000000001,HIGH,10,50
03_Tracking_Error,median_fwhm_ratio,1,0.59,0.17999999999999994,HIGH,10,50
03_Tracking_Error,median_fwhm_ratio,2,0.608,0.21599999999999997,HIGH,10,50
03_Tracking_Error,median_fwhm_ratio,3,0.634,0.268,HIGH,10,50
03_Tracking_Error,median_fwhm_ratio,4,0.48,0.040000000000000036,LOW,10,50
03_Tracking_Error,median_fwhm_ratio,5,0.424,0.15200000000000002,LOW,10,50
03_Tracking_Error,median_hfr,1,0.676,0.3520000000000001,HIGH,10,50
03_Tracking_Error,median_hfr,2,0.65,0.30000000000000004,HIGH,10,50
03_Tracking_Error,median_hfr,3,0.618,0.236,HIGH,10,50
03_Tracking_Error,median_hfr,4,0.486,0.028000000000000025,LOW,10,50
03_Tracking_Error,median_hfr,5,0.75,0.5,HIGH,10,50
03_Tracking_Error,saturated_ratio,1,0.525,0.050000000000000044,HIGH,10,50
03_Tracking_Error,saturated_ratio,2,0.45,0.09999999999999998,LOW,10,50
03_Tracking_Error,saturated_ratio,3,0.488,0.02400000000000002,LOW,10,50
03_Tracking_Error,saturated_ratio,4,0.562,0.12400000000000011,HIGH,10,50
03_Tracking_Error,saturated_ratio,5,0.54,0.08000000000000007,HIGH,10,50
03_Tracking_Error,sharpness,1,0.492,0.016000000000000014,LOW,10,50
03_Tracking_Error,sharpness,2,0.63,0.26,HIGH,10,50
03_Tracking_Error,sharpness,3,0.452,0.09599999999999997,LOW,10,50
03_Tracking_Error,sharpness,4,0.586,0.17199999999999993,HIGH,10,50
03_Tracking_Error,sharpness,5,0.686,0.3720000000000001,HIGH,10,50
03_Tracking_Error,star_count,1,0.551,0.10200000000000009,HIGH,10,50
03_Tracking_Error,star_count,2,0.461,0.07799999999999996,LOW,10,50
03_Tracking_Error,star_count,3,0.703,0.4059999999999999,HIGH,10,50
03_Tracking_Error,star_count,4,0.413,0.17400000000000004,LOW,10,50
03_Tracking_Error,star_count,5,0.552,0.10400000000000009,HIGH,10,50
03_Tracking_Error,std_intensity,1,0.538,0.07600000000000007,HIGH,10,50
03_Tracking_Error,std_intensity,2,0.56,0.1200000000000001,HIGH,10,50
03_Tracking_Error,std_intensity,3,0.492,0.016000000000000014,LOW,10,50
03_Tracking_Error,std_intensity,4,0.62,0.24,HIGH,10,50
03_Tracking_Error,std_intensity,5,0.632,0.264,HIGH,10,50
03_Tracking_Error,streak_count,1,0.51,0.020000000000000018,HIGH,10,50
03_Tracking_Error,streak_count,2,0.45,0.09999999999999998,LOW,10,50
03_Tracking_Error,streak_count,3,0.44,0.12,LOW,10,50
03_Tracking_Error,streak_count,4,0.45,0.09999999999999998,LOW,10,50
03_Tracking_Error,streak_count,5,0.42,0.16000000000000003,LOW,10,50
03_Tracking_Error,valid_profile_count,1,0.551,0.10200000000000009,HIGH,10,50
03_Tracking_Error,valid_profile_count,2,0.461,0.07799999999999996,LOW,10,50
03_Tracking_Error,valid_profile_count,3,0.703,0.4059999999999999,HIGH,10,50
03_Tracking_Error,valid_profile_count,4,0.413,0.17400000000000004,LOW,10,50
03_Tracking_Error,valid_profile_count,5,0.552,0.10400000000000009,HIGH,10,50
04_Over_Saturated,axis_aligned_line_ratio,1,0.507,0.014000000000000012,HIGH,10,50
04_Over_Saturated,axis_aligned_line_ratio,2,0.404,0.19199999999999995,LOW,10,50
04_Over_Saturated,axis_aligned_line_ratio,3,0.46,0.07999999999999996,LOW,10,50
04_Over_Saturated,axis_aligned_line_ratio,4,0.603,0.20599999999999996,HIGH,10,50
04_Over_Saturated,axis_aligned_line_ratio,5,0.15,0.7,LOW,10,50
04_Over_Saturated,background_mad,1,0.046,0.908,LOW,10,50
04_Over_Saturated,background_mad,2,0.043,0.914,LOW,10,50
04_Over_Saturated,background_mad,3,0.043,0.914,LOW,10,50
04_Over_Saturated,background_mad,4,0.087,0.8260000000000001,LOW,10,50
04_Over_Saturated,background_mad,5,0.098,0.804,LOW,10,50
04_Over_Saturated,background_median,1,0.03,0.94,LOW,10,50
04_Over_Saturated,background_median,2,0.037,0.926,LOW,10,50
04_Over_Saturated,background_median,3,0.042,0.916,LOW,10,50
04_Over_Saturated,background_median,4,0.076,0.848,LOW,10,50
04_Over_Saturated,background_median,5,0.113,0.774,LOW,10,50
04_Over_Saturated,bright_area_ratio,1,0.938,0.8759999999999999,HIGH,10,50
04_Over_Saturated,bright_area_ratio,2,0.86,0.72,HIGH,10,50
04_Over_Saturated,bright_area_ratio,3,0.858,0.716,HIGH,10,50
04_Over_Saturated,bright_area_ratio,4,0.846,0.692,HIGH,10,50
04_Over_Saturated,bright_area_ratio,5,0.792,0.5840000000000001,HIGH,10,50
04_Over_Saturated,diagonal_line_ratio,1,0.238,0.524,LOW,10,50
04_Over_Saturated,diagonal_line_ratio,2,0.527,0.05400000000000005,HIGH,10,50
04_Over_Saturated,diagonal_line_ratio,3,0.184,0.632,LOW,10,50
04_Over_Saturated,diagonal_line_ratio,4,0.116,0.768,LOW,10,50
04_Over_Saturated,diagonal_line_ratio,5,0.286,0.42800000000000005,LOW,10,50
04_Over_Saturated,elongated_angle_consistency,1,0.626,0.252,HIGH,10,50
04_Over_Saturated,elongated_angle_consistency,2,0.535,0.07000000000000006,HIGH,10,50
04_Over_Saturated,elongated_angle_consistency,3,0.673,0.3460000000000001,HIGH,10,50
04_Over_Saturated,elongated_angle_consistency,4,0.533,0.06600000000000006,HIGH,10,50
04_Over_Saturated,elongated_angle_consistency,5,0.664,0.32800000000000007,HIGH,10,50
04_Over_Saturated,elongated_angle_std,1,0.375,0.25,LOW,10,50
04_Over_Saturated,elongated_angle_std,2,0.465,0.06999999999999995,LOW,10,50
04_Over_Saturated,elongated_angle_std,3,0.327,0.346,LOW,10,50
04_Over_Saturated,elongated_angle_std,4,0.467,0.06599999999999995,LOW,10,50
04_Over_Saturated,elongated_angle_std,5,0.336,0.32799999999999996,LOW,10,50
04_Over_Saturated,elongated_star_count,1,0.735,0.47,HIGH,10,50
04_Over_Saturated,elongated_star_count,2,0.728,0.45599999999999996,HIGH,10,50
04_Over_Saturated,elongated_star_count,3,0.667,0.3340000000000001,HIGH,10,50
04_Over_Saturated,elongated_star_count,4,0.61,0.21999999999999997,HIGH,10,50
04_Over_Saturated,elongated_star_count,5,0.736,0.472,HIGH,10,50
04_Over_Saturated,elongated_star_ratio,1,0.512,0.02400000000000002,HIGH,10,50
04_Over_Saturated,elongated_star_ratio,2,0.41,0.18000000000000005,LOW,10,50
04_Over_Saturated,elongated_star_ratio,3,0.384,0.23199999999999998,LOW,10,50
04_Over_Saturated,elongated_star_ratio,4,0.449,0.10199999999999998,LOW,10,50
04_Over_Saturated,elongated_star_ratio,5,0.549,0.09800000000000009,HIGH,10,50
04_Over_Saturated,line_angle_std,1,0.415,0.17000000000000004,LOW,10,50
04_Over_Saturated,line_angle_std,2,0.196,0.608,LOW,10,50
04_Over_Saturated,line_angle_std,3,0.164,0.6719999999999999,LOW,10,50
04_Over_Saturated,line_angle_std,4,0.218,0.5640000000000001,LOW,10,50
04_Over_Saturated,line_angle_std,5,0.416,0.16800000000000004,LOW,10,50
04_Over_Saturated,long_line_count,1,0.061,0.878,LOW,10,50
04_Over_Saturated,long_line_count,2,0.123,0.754,LOW,10,50
04_Over_Saturated,long_line_count,3,0.105,0.79,LOW,10,50
04_Over_Saturated,long_line_count,4,0.27,0.45999999999999996,LOW,10,50
04_Over_Saturated,long_line_count,5,0.21,0.5800000000000001,LOW,10,50
04_Over_Saturated,longest_line_ratio,1,0.065,0.87,LOW,10,50
04_Over_Saturated,longest_line_ratio,2,0.135,0.73,LOW,10,50
04_Over_Saturated,longest_line_ratio,3,0.056,0.888,LOW,10,50
04_Over_Saturated,longest_line_ratio,4,0.197,0.606,LOW,10,50
04_Over_Saturated,longest_line_ratio,5,0.155,0.69,LOW,10,50
04_Over_Saturated,max_aspect_ratio,1,0.827,0.6539999999999999,HIGH,10,50
04_Over_Saturated,max_aspect_ratio,2,0.804,0.6080000000000001,HIGH,10,50
04_Over_Saturated,max_aspect_ratio,3,0.748,0.496,HIGH,10,50
04_Over_Saturated,max_aspect_ratio,4,0.819,0.6379999999999999,HIGH,10,50
04_Over_Saturated,max_aspect_ratio,5,0.703,0.4059999999999999,HIGH,10,50
04_Over_Saturated,max_streak_area_ratio,1,0.42,0.16000000000000003,LOW,10,50
04_Over_Saturated,max_streak_area_ratio,2,0.43,0.14,LOW,10,50
04_Over_Saturated,max_streak_area_ratio,3,0.47,0.06000000000000005,LOW,10,50
04_Over_Saturated,max_streak_area_ratio,4,0.546,0.09200000000000008,HIGH,10,50
04_Over_Saturated,max_streak_area_ratio,5,0.392,0.21599999999999997,LOW,10,50
04_Over_Saturated,max_streak_aspect_ratio,1,0.516,0.03200000000000003,HIGH,10,50
04_Over_Saturated,max_streak_aspect_ratio,2,0.609,0.21799999999999997,HIGH,10,50
04_Over_Saturated,max_streak_aspect_ratio,3,0.448,0.10399999999999998,LOW,10,50
04_Over_Saturated,max_streak_aspect_ratio,4,0.495,0.010000000000000009,LOW,10,50
04_Over_Saturated,max_streak_aspect_ratio,5,0.26,0.48,LOW,10,50
04_Over_Saturated,max_streak_length_ratio,1,0.542,0.08400000000000007,HIGH,10,50
04_Over_Saturated,max_streak_length_ratio,2,0.496,0.008000000000000007,LOW,10,50
04_Over_Saturated,max_streak_length_ratio,3,0.548,0.09600000000000009,HIGH,10,50
04_Over_Saturated,max_streak_length_ratio,4,0.634,0.268,HIGH,10,50
04_Over_Saturated,max_streak_length_ratio,5,0.434,0.132,LOW,10,50
04_Over_Saturated,mean_aspect_ratio,1,0.572,0.1439999999999999,HIGH,10,50
04_Over_Saturated,mean_aspect_ratio,2,0.466,0.06799999999999995,LOW,10,50
04_Over_Saturated,mean_aspect_ratio,3,0.54,0.08000000000000007,HIGH,10,50
04_Over_Saturated,mean_aspect_ratio,4,0.586,0.17199999999999993,HIGH,10,50
04_Over_Saturated,mean_aspect_ratio,5,0.504,0.008000000000000007,HIGH,10,50
04_Over_Saturated,mean_circularity,1,0.834,0.6679999999999999,HIGH,10,50
04_Over_Saturated,mean_circularity,2,0.83,0.6599999999999999,HIGH,10,50
04_Over_Saturated,mean_circularity,3,0.834,0.6679999999999999,HIGH,10,50
04_Over_Saturated,mean_circularity,4,0.858,0.716,HIGH,10,50
04_Over_Saturated,mean_circularity,5,0.822,0.6439999999999999,HIGH,10,50
04_Over_Saturated,mean_fwhm,1,0.288,0.42400000000000004,LOW,10,50
04_Over_Saturated,mean_fwhm,2,0.282,0.43600000000000005,LOW,10,50
04_Over_Saturated,mean_fwhm,3,0.324,0.352,LOW,10,50
04_Over_Saturated,mean_fwhm,4,0.408,0.18400000000000005,LOW,10,50
04_Over_Saturated,mean_fwhm,5,0.428,0.14400000000000002,LOW,10,50
04_Over_Saturated,mean_hfr,1,0.236,0.528,LOW,10,50
04_Over_Saturated,mean_hfr,2,0.27,0.45999999999999996,LOW,10,50
04_Over_Saturated,mean_hfr,3,0.27,0.45999999999999996,LOW,10,50
04_Over_Saturated,mean_hfr,4,0.356,0.28800000000000003,LOW,10,50
04_Over_Saturated,mean_hfr,5,0.364,0.272,LOW,10,50
04_Over_Saturated,mean_hollowness,1,0.694,0.3879999999999999,HIGH,10,50
04_Over_Saturated,mean_hollowness,2,0.56,0.1200000000000001,HIGH,10,50
04_Over_Saturated,mean_hollowness,3,0.618,0.236,HIGH,10,50
04_Over_Saturated,mean_hollowness,4,0.7,0.3999999999999999,HIGH,10,50
04_Over_Saturated,mean_hollowness,5,0.686,0.3720000000000001,HIGH,10,50
04_Over_Saturated,mean_intensity,1,0.042,0.916,LOW,10,50
04_Over_Saturated,mean_intensity,2,0.034,0.9319999999999999,LOW,10,50
04_Over_Saturated,mean_intensity,3,0.042,0.916,LOW,10,50
04_Over_Saturated,mean_intensity,4,0.076,0.848,LOW,10,50
04_Over_Saturated,mean_intensity,5,0.102,0.796,LOW,10,50
04_Over_Saturated,mean_star_area,1,0.424,0.15200000000000002,LOW,10,50
04_Over_Saturated,mean_star_area,2,0.378,0.244,LOW,10,50
04_Over_Saturated,mean_star_area,3,0.492,0.016000000000000014,LOW,10,50
04_Over_Saturated,mean_star_area,4,0.538,0.07600000000000007,HIGH,10,50
04_Over_Saturated,mean_star_area,5,0.606,0.21199999999999997,HIGH,10,50
04_Over_Saturated,median_eccentricity,1,0.924,0.8480000000000001,HIGH,10,50
04_Over_Saturated,median_eccentricity,2,0.866,0.732,HIGH,10,50
04_Over_Saturated,median_eccentricity,3,0.876,0.752,HIGH,10,50
04_Over_Saturated,median_eccentricity,4,0.792,0.5840000000000001,HIGH,10,50
04_Over_Saturated,median_eccentricity,5,0.824,0.6479999999999999,HIGH,10,50
04_Over_Saturated,median_fwhm,1,0.248,0.504,LOW,10,50
04_Over_Saturated,median_fwhm,2,0.272,0.45599999999999996,LOW,10,50
04_Over_Saturated,median_fwhm,3,0.322,0.356,LOW,10,50
04_Over_Saturated,median_fwhm,4,0.374,0.252,LOW,10,50
04_Over_Saturated,median_fwhm,5,0.374,0.252,LOW,10,50
04_Over_Saturated,median_fwhm_ratio,1,0.906,0.812,HIGH,10,50
04_Over_Saturated,median_fwhm_ratio,2,0.866,0.732,HIGH,10,50
04_Over_Saturated,median_fwhm_ratio,3,0.876,0.752,HIGH,10,50
04_Over_Saturated,median_fwhm_ratio,4,0.792,0.5840000000000001,HIGH,10,50
04_Over_Saturated,median_fwhm_ratio,5,0.822,0.6439999999999999,HIGH,10,50
04_Over_Saturated,median_hfr,1,0.228,0.544,LOW,10,50
04_Over_Saturated,median_hfr,2,0.264,0.472,LOW,10,50
04_Over_Saturated,median_hfr,3,0.26,0.48,LOW,10,50
04_Over_Saturated,median_hfr,4,0.362,0.276,LOW,10,50
04_Over_Saturated,median_hfr,5,0.33,0.33999999999999997,LOW,10,50
04_Over_Saturated,saturated_ratio,1,0.081,0.838,LOW,10,50
04_Over_Saturated,saturated_ratio,2,0.164,0.6719999999999999,LOW,10,50
04_Over_Saturated,saturated_ratio,3,0.156,0.688,LOW,10,50
04_Over_Saturated,saturated_ratio,4,0.188,0.624,LOW,10,50
04_Over_Saturated,saturated_ratio,5,0.233,0.534,LOW,10,50
04_Over_Saturated,sharpness,1,0.036,0.928,LOW,10,50
04_Over_Saturated,sharpness,2,0.078,0.844,LOW,10,50
04_Over_Saturated,sharpness,3,0.054,0.892,LOW,10,50
04_Over_Saturated,sharpness,4,0.094,0.812,LOW,10,50
04_Over_Saturated,sharpness,5,0.11,0.78,LOW,10,50
04_Over_Saturated,star_count,1,0.888,0.776,HIGH,10,50
04_Over_Saturated,star_count,2,0.843,0.6859999999999999,HIGH,10,50
04_Over_Saturated,star_count,3,0.822,0.6439999999999999,HIGH,10,50
04_Over_Saturated,star_count,4,0.815,0.6299999999999999,HIGH,10,50
04_Over_Saturated,star_count,5,0.792,0.5840000000000001,HIGH,10,50
04_Over_Saturated,std_intensity,1,0.09,0.8200000000000001,LOW,10,50
04_Over_Saturated,std_intensity,2,0.11,0.78,LOW,10,50
04_Over_Saturated,std_intensity,3,0.068,0.864,LOW,10,50
04_Over_Saturated,std_intensity,4,0.1,0.8,LOW,10,50
04_Over_Saturated,std_intensity,5,0.086,0.8280000000000001,LOW,10,50
04_Over_Saturated,streak_count,1,0.51,0.020000000000000018,HIGH,10,50
04_Over_Saturated,streak_count,2,0.57,0.1399999999999999,HIGH,10,50
04_Over_Saturated,streak_count,3,0.56,0.1200000000000001,HIGH,10,50
04_Over_Saturated,streak_count,4,0.57,0.1399999999999999,HIGH,10,50
04_Over_Saturated,streak_count,5,0.42,0.16000000000000003,LOW,10,50
04_Over_Saturated,valid_profile_count,1,0.888,0.776,HIGH,10,50
04_Over_Saturated,valid_profile_count,2,0.843,0.6859999999999999,HIGH,10,50
04_Over_Saturated,valid_profile_count,3,0.822,0.6439999999999999,HIGH,10,50
04_Over_Saturated,valid_profile_count,4,0.815,0.6299999999999999,HIGH,10,50
04_Over_Saturated,valid_profile_count,5,0.792,0.5840000000000001,HIGH,10,50
05_No_Star,axis_aligned_line_ratio,1,0.516,0.03200000000000003,HIGH,10,50
05_No_Star,axis_aligned_line_ratio,2,0.484,0.03200000000000003,LOW,10,50
05_No_Star,axis_aligned_line_ratio,3,0.549,0.09800000000000009,HIGH,10,50
05_No_Star,axis_aligned_line_ratio,4,0.514,0.028000000000000025,HIGH,10,50
05_No_Star,axis_aligned_line_ratio,5,0.556,0.1120000000000001,HIGH,10,50
05_No_Star,background_mad,1,0.881,0.762,HIGH,10,50
05_No_Star,background_mad,2,0.901,0.802,HIGH,10,50
05_No_Star,background_mad,3,0.92,0.8400000000000001,HIGH,10,50
05_No_Star,background_mad,4,0.94,0.8799999999999999,HIGH,10,50
05_No_Star,background_mad,5,0.885,0.77,HIGH,10,50
05_No_Star,background_median,1,0.948,0.8959999999999999,HIGH,10,50
05_No_Star,background_median,2,0.921,0.8420000000000001,HIGH,10,50
05_No_Star,background_median,3,0.963,0.9259999999999999,HIGH,10,50
05_No_Star,background_median,4,0.992,0.984,HIGH,10,50
05_No_Star,background_median,5,0.901,0.802,HIGH,10,50
05_No_Star,bright_area_ratio,1,0.022,0.956,LOW,10,50
05_No_Star,bright_area_ratio,2,0.012,0.976,LOW,10,50
05_No_Star,bright_area_ratio,3,0.008,0.984,LOW,10,50
05_No_Star,bright_area_ratio,4,0.04,0.92,LOW,10,50
05_No_Star,bright_area_ratio,5,0.02,0.96,LOW,10,50
05_No_Star,diagonal_line_ratio,1,0.576,0.1519999999999999,HIGH,10,50
05_No_Star,diagonal_line_ratio,2,0.571,0.1419999999999999,HIGH,10,50
05_No_Star,diagonal_line_ratio,3,0.569,0.1379999999999999,HIGH,10,50
05_No_Star,diagonal_line_ratio,4,0.666,0.3320000000000001,HIGH,10,50
05_No_Star,diagonal_line_ratio,5,0.674,0.3480000000000001,HIGH,10,50
05_No_Star,elongated_angle_consistency,1,0.12,0.76,LOW,10,50
05_No_Star,elongated_angle_consistency,2,0.06,0.88,LOW,10,50
05_No_Star,elongated_angle_consistency,3,0.13,0.74,LOW,10,50
05_No_Star,elongated_angle_consistency,4,0.13,0.74,LOW,10,50
05_No_Star,elongated_angle_consistency,5,0.12,0.76,LOW,10,50
05_No_Star,elongated_angle_std,1,0.88,0.76,HIGH,10,50
05_No_Star,elongated_angle_std,2,0.94,0.8799999999999999,HIGH,10,50
05_No_Star,elongated_angle_std,3,0.87,0.74,HIGH,10,50
05_No_Star,elongated_angle_std,4,0.87,0.74,HIGH,10,50
05_No_Star,elongated_angle_std,5,0.88,0.76,HIGH,10,50
05_No_Star,elongated_star_count,1,0.08,0.84,LOW,10,50
05_No_Star,elongated_star_count,2,0.04,0.92,LOW,10,50
05_No_Star,elongated_star_count,3,0.03,0.94,LOW,10,50
05_No_Star,elongated_star_count,4,0.09,0.8200000000000001,LOW,10,50
05_No_Star,elongated_star_count,5,0.06,0.88,LOW,10,50
05_No_Star,elongated_star_ratio,1,0.08,0.84,LOW,10,50
05_No_Star,elongated_star_ratio,2,0.04,0.92,LOW,10,50
05_No_Star,elongated_star_ratio,3,0.03,0.94,LOW,10,50
05_No_Star,elongated_star_ratio,4,0.09,0.8200000000000001,LOW,10,50
05_No_Star,elongated_star_ratio,5,0.06,0.88,LOW,10,50
05_No_Star,line_angle_std,1,0.608,0.21599999999999997,HIGH,10,50
05_No_Star,line_angle_std,2,0.546,0.09200000000000008,HIGH,10,50
05_No_Star,line_angle_std,3,0.656,0.31200000000000006,HIGH,10,50
05_No_Star,line_angle_std,4,0.624,0.248,HIGH,10,50
05_No_Star,line_angle_std,5,0.412,0.17600000000000005,LOW,10,50
05_No_Star,long_line_count,1,0.58,0.15999999999999992,HIGH,10,50
05_No_Star,long_line_count,2,0.606,0.21199999999999997,HIGH,10,50
05_No_Star,long_line_count,3,0.574,0.1479999999999999,HIGH,10,50
05_No_Star,long_line_count,4,0.409,0.18200000000000005,LOW,10,50
05_No_Star,long_line_count,5,0.396,0.20799999999999996,LOW,10,50
05_No_Star,longest_line_ratio,1,0.663,0.32600000000000007,HIGH,10,50
05_No_Star,longest_line_ratio,2,0.833,0.6659999999999999,HIGH,10,50
05_No_Star,longest_line_ratio,3,0.746,0.492,HIGH,10,50
05_No_Star,longest_line_ratio,4,0.68,0.3600000000000001,HIGH,10,50
05_No_Star,longest_line_ratio,5,0.791,0.5820000000000001,HIGH,10,50
05_No_Star,max_aspect_ratio,1,0.022,0.956,LOW,10,50
05_No_Star,max_aspect_ratio,2,0.012,0.976,LOW,10,50
05_No_Star,max_aspect_ratio,3,0.016,0.968,LOW,10,50
05_No_Star,max_aspect_ratio,4,0.044,0.912,LOW,10,50
05_No_Star,max_aspect_ratio,5,0.016,0.968,LOW,10,50
05_No_Star,max_streak_area_ratio,1,0.252,0.496,LOW,10,50
05_No_Star,max_streak_area_ratio,2,0.36,0.28,LOW,10,50
05_No_Star,max_streak_area_ratio,3,0.35,0.30000000000000004,LOW,10,50
05_No_Star,max_streak_area_ratio,4,0.118,0.764,LOW,10,50
05_No_Star,max_streak_area_ratio,5,0.36,0.28,LOW,10,50
05_No_Star,max_streak_aspect_ratio,1,0.382,0.236,LOW,10,50
05_No_Star,max_streak_aspect_ratio,2,0.499,0.0020000000000000018,LOW,10,50
05_No_Star,max_streak_aspect_ratio,3,0.562,0.12400000000000011,HIGH,10,50
05_No_Star,max_streak_aspect_ratio,4,0.572,0.1439999999999999,HIGH,10,50
05_No_Star,max_streak_aspect_ratio,5,0.401,0.19799999999999995,LOW,10,50
05_No_Star,max_streak_length_ratio,1,0.23,0.54,LOW,10,50
05_No_Star,max_streak_length_ratio,2,0.308,0.384,LOW,10,50
05_No_Star,max_streak_length_ratio,3,0.31,0.38,LOW,10,50
05_No_Star,max_streak_length_ratio,4,0.118,0.764,LOW,10,50
05_No_Star,max_streak_length_ratio,5,0.31,0.38,LOW,10,50
05_No_Star,mean_aspect_ratio,1,0.022,0.956,LOW,10,50
05_No_Star,mean_aspect_ratio,2,0.012,0.976,LOW,10,50
05_No_Star,mean_aspect_ratio,3,0.039,0.922,LOW,10,50
05_No_Star,mean_aspect_ratio,4,0.119,0.762,LOW,10,50
05_No_Star,mean_aspect_ratio,5,0.016,0.968,LOW,10,50
05_No_Star,mean_circularity,1,0.078,0.844,LOW,10,50
05_No_Star,mean_circularity,2,0.168,0.6639999999999999,LOW,10,50
05_No_Star,mean_circularity,3,0.201,0.598,LOW,10,50
05_No_Star,mean_circularity,4,0.154,0.692,LOW,10,50
05_No_Star,mean_circularity,5,0.162,0.6759999999999999,LOW,10,50
05_No_Star,mean_fwhm,1,0.028,0.944,LOW,10,50
05_No_Star,mean_fwhm,2,0.034,0.9319999999999999,LOW,10,50
05_No_Star,mean_fwhm,3,0.053,0.894,LOW,10,50
05_No_Star,mean_fwhm,4,0.056,0.888,LOW,10,50
05_No_Star,mean_fwhm,5,0.048,0.904,LOW,10,50
05_No_Star,mean_hfr,1,0.044,0.912,LOW,10,50
05_No_Star,mean_hfr,2,0.048,0.904,LOW,10,50
05_No_Star,mean_hfr,3,0.077,0.846,LOW,10,50
05_No_Star,mean_hfr,4,0.068,0.864,LOW,10,50
05_No_Star,mean_hfr,5,0.068,0.864,LOW,10,50
05_No_Star,mean_hollowness,1,0.033,0.9339999999999999,LOW,10,50
05_No_Star,mean_hollowness,2,0.028,0.944,LOW,10,50
05_No_Star,mean_hollowness,3,0.043,0.914,LOW,10,50
05_No_Star,mean_hollowness,4,0.056,0.888,LOW,10,50
05_No_Star,mean_hollowness,5,0.034,0.9319999999999999,LOW,10,50
05_No_Star,mean_intensity,1,0.96,0.9199999999999999,HIGH,10,50
05_No_Star,mean_intensity,2,0.93,0.8600000000000001,HIGH,10,50
05_No_Star,mean_intensity,3,0.962,0.9239999999999999,HIGH,10,50
05_No_Star,mean_intensity,4,0.98,0.96,HIGH,10,50
05_No_Star,mean_intensity,5,0.928,0.8560000000000001,HIGH,10,50
05_No_Star,mean_star_area,1,0.024,0.952,LOW,10,50
05_No_Star,mean_star_area,2,0.012,0.976,LOW,10,50
05_No_Star,mean_star_area,3,0.015,0.97,LOW,10,50
05_No_Star,mean_star_area,4,0.04,0.92,LOW,10,50
05_No_Star,mean_star_area,5,0.029,0.942,LOW,10,50
05_No_Star,median_eccentricity,1,0.076,0.848,LOW,10,50
05_No_Star,median_eccentricity,2,0.026,0.948,LOW,10,50
05_No_Star,median_eccentricity,3,0.065,0.87,LOW,10,50
05_No_Star,median_eccentricity,4,0.138,0.724,LOW,10,50
05_No_Star,median_eccentricity,5,0.062,0.876,LOW,10,50
05_No_Star,median_fwhm,1,0.042,0.916,LOW,10,50
05_No_Star,median_fwhm,2,0.052,0.896,LOW,10,50
05_No_Star,median_fwhm,3,0.093,0.8140000000000001,LOW,10,50
05_No_Star,median_fwhm,4,0.072,0.856,LOW,10,50
05_No_Star,median_fwhm,5,0.07,0.86,LOW,10,50
05_No_Star,median_fwhm_ratio,1,0.076,0.848,LOW,10,50
05_No_Star,median_fwhm_ratio,2,0.024,0.952,LOW,10,50
05_No_Star,median_fwhm_ratio,3,0.065,0.87,LOW,10,50
05_No_Star,median_fwhm_ratio,4,0.138,0.724,LOW,10,50
05_No_Star,median_fwhm_ratio,5,0.062,0.876,LOW,10,50
05_No_Star,median_hfr,1,0.056,0.888,LOW,10,50
05_No_Star,median_hfr,2,0.068,0.864,LOW,10,50
05_No_Star,median_hfr,3,0.109,0.782,LOW,10,50
05_No_Star,median_hfr,4,0.084,0.832,LOW,10,50
05_No_Star,median_hfr,5,0.09,0.8200000000000001,LOW,10,50
05_No_Star,saturated_ratio,1,0.88,0.76,HIGH,10,50
05_No_Star,saturated_ratio,2,0.906,0.812,HIGH,10,50
05_No_Star,saturated_ratio,3,0.878,0.756,HIGH,10,50
05_No_Star,saturated_ratio,4,0.894,0.788,HIGH,10,50
05_No_Star,saturated_ratio,5,0.918,0.8360000000000001,HIGH,10,50
05_No_Star,sharpness,1,0.898,0.796,HIGH,10,50
05_No_Star,sharpness,2,0.898,0.796,HIGH,10,50
05_No_Star,sharpness,3,0.888,0.776,HIGH,10,50
05_No_Star,sharpness,4,0.968,0.9359999999999999,HIGH,10,50
05_No_Star,sharpness,5,0.852,0.704,HIGH,10,50
05_No_Star,star_count,1,0.023,0.954,LOW,10,50
05_No_Star,star_count,2,0.014,0.972,LOW,10,50
05_No_Star,star_count,3,0.017,0.966,LOW,10,50
05_No_Star,star_count,4,0.039,0.922,LOW,10,50
05_No_Star,star_count,5,0.02,0.96,LOW,10,50
05_No_Star,std_intensity,1,0.938,0.8759999999999999,HIGH,10,50
05_No_Star,std_intensity,2,0.946,0.8919999999999999,HIGH,10,50
05_No_Star,std_intensity,3,0.974,0.948,HIGH,10,50
05_No_Star,std_intensity,4,0.97,0.94,HIGH,10,50
05_No_Star,std_intensity,5,0.972,0.944,HIGH,10,50
05_No_Star,streak_count,1,0.39,0.21999999999999997,LOW,10,50
05_No_Star,streak_count,2,0.39,0.21999999999999997,LOW,10,50
05_No_Star,streak_count,3,0.38,0.24,LOW,10,50
05_No_Star,streak_count,4,0.39,0.21999999999999997,LOW,10,50
05_No_Star,streak_count,5,0.42,0.16000000000000003,LOW,10,50
05_No_Star,valid_profile_count,1,0.023,0.954,LOW,10,50
05_No_Star,valid_profile_count,2,0.014,0.972,LOW,10,50
05_No_Star,valid_profile_count,3,0.017,0.966,LOW,10,50
05_No_Star,valid_profile_count,4,0.039,0.922,LOW,10,50
05_No_Star,valid_profile_count,5,0.02,0.96,LOW,10,50
06_Satellite,axis_aligned_line_ratio,1,0.587,0.17399999999999993,HIGH,10,50
06_Satellite,axis_aligned_line_ratio,2,0.47,0.06000000000000005,LOW,10,50
06_Satellite,axis_aligned_line_ratio,3,0.602,0.20399999999999996,HIGH,10,50
06_Satellite,axis_aligned_line_ratio,4,0.458,0.08399999999999996,LOW,10,50
06_Satellite,axis_aligned_line_ratio,5,0.678,0.3560000000000001,HIGH,10,50
06_Satellite,background_mad,1,0.574,0.1479999999999999,HIGH,10,50
06_Satellite,background_mad,2,0.536,0.07200000000000006,HIGH,10,50
06_Satellite,background_mad,3,0.626,0.252,HIGH,10,50
06_Satellite,background_mad,4,0.525,0.050000000000000044,HIGH,10,50
06_Satellite,background_mad,5,0.482,0.03600000000000003,LOW,10,50
06_Satellite,background_median,1,0.646,0.29200000000000004,HIGH,10,50
06_Satellite,background_median,2,0.626,0.252,HIGH,10,50
06_Satellite,background_median,3,0.544,0.08800000000000008,HIGH,10,50
06_Satellite,background_median,4,0.547,0.09400000000000008,HIGH,10,50
06_Satellite,background_median,5,0.511,0.02200000000000002,HIGH,10,50
06_Satellite,bright_area_ratio,1,0.554,0.1080000000000001,HIGH,10,50
06_Satellite,bright_area_ratio,2,0.516,0.03200000000000003,HIGH,10,50
06_Satellite,bright_area_ratio,3,0.474,0.052000000000000046,LOW,10,50
06_Satellite,bright_area_ratio,4,0.562,0.12400000000000011,HIGH,10,50
06_Satellite,bright_area_ratio,5,0.594,0.18799999999999994,HIGH,10,50
06_Satellite,diagonal_line_ratio,1,0.533,0.06600000000000006,HIGH,10,50
06_Satellite,diagonal_line_ratio,2,0.597,0.19399999999999995,HIGH,10,50
06_Satellite,diagonal_line_ratio,3,0.526,0.052000000000000046,HIGH,10,50
06_Satellite,diagonal_line_ratio,4,0.598,0.19599999999999995,HIGH,10,50
06_Satellite,diagonal_line_ratio,5,0.502,0.0040000000000000036,HIGH,10,50
06_Satellite,elongated_angle_consistency,1,0.721,0.44199999999999995,HIGH,10,50
06_Satellite,elongated_angle_consistency,2,0.806,0.6120000000000001,HIGH,10,50
06_Satellite,elongated_angle_consistency,3,0.536,0.07200000000000006,HIGH,10,50
06_Satellite,elongated_angle_consistency,4,0.727,0.45399999999999996,HIGH,10,50
06_Satellite,elongated_angle_consistency,5,0.679,0.3580000000000001,HIGH,10,50
06_Satellite,elongated_angle_std,1,0.277,0.44599999999999995,LOW,10,50
06_Satellite,elongated_angle_std,2,0.194,0.612,LOW,10,50
06_Satellite,elongated_angle_std,3,0.464,0.07199999999999995,LOW,10,50
06_Satellite,elongated_angle_std,4,0.273,0.45399999999999996,LOW,10,50
06_Satellite,elongated_angle_std,5,0.321,0.358,LOW,10,50
06_Satellite,elongated_star_count,1,0.496,0.008000000000000007,LOW,10,50
06_Satellite,elongated_star_count,2,0.558,0.1160000000000001,HIGH,10,50
06_Satellite,elongated_star_count,3,0.547,0.09400000000000008,HIGH,10,50
06_Satellite,elongated_star_count,4,0.625,0.25,HIGH,10,50
06_Satellite,elongated_star_count,5,0.566,0.1319999999999999,HIGH,10,50
06_Satellite,elongated_star_ratio,1,0.57,0.1399999999999999,HIGH,10,50
06_Satellite,elongated_star_ratio,2,0.66,0.32000000000000006,HIGH,10,50
06_Satellite,elongated_star_ratio,3,0.708,0.4159999999999999,HIGH,10,50
06_Satellite,elongated_star_ratio,4,0.687,0.3740000000000001,HIGH,10,50
06_Satellite,elongated_star_ratio,5,0.576,0.1519999999999999,HIGH,10,50
06_Satellite,line_angle_std,1,0.644,0.28800000000000003,HIGH,10,50
06_Satellite,line_angle_std,2,0.49,0.020000000000000018,LOW,10,50
06_Satellite,line_angle_std,3,0.698,0.3959999999999999,HIGH,10,50
06_Satellite,line_angle_std,4,0.546,0.09200000000000008,HIGH,10,50
06_Satellite,line_angle_std,5,0.568,0.1359999999999999,HIGH,10,50
06_Satellite,long_line_count,1,0.499,0.0020000000000000018,LOW,10,50
06_Satellite,long_line_count,2,0.579,0.15799999999999992,HIGH,10,50
06_Satellite,long_line_count,3,0.752,0.504,HIGH,10,50
06_Satellite,long_line_count,4,0.468,0.06399999999999995,LOW,10,50
06_Satellite,long_line_count,5,0.585,0.16999999999999993,HIGH,10,50
06_Satellite,longest_line_ratio,1,0.607,0.21399999999999997,HIGH,10,50
06_Satellite,longest_line_ratio,2,0.46,0.07999999999999996,LOW,10,50
06_Satellite,longest_line_ratio,3,0.646,0.29200000000000004,HIGH,10,50
06_Satellite,longest_line_ratio,4,0.54,0.08000000000000007,HIGH,10,50
06_Satellite,longest_line_ratio,5,0.525,0.050000000000000044,HIGH,10,50
06_Satellite,max_aspect_ratio,1,0.67,0.3400000000000001,HIGH,10,50
06_Satellite,max_aspect_ratio,2,0.623,0.246,HIGH,10,50
06_Satellite,max_aspect_ratio,3,0.593,0.18599999999999994,HIGH,10,50
06_Satellite,max_aspect_ratio,4,0.606,0.21199999999999997,HIGH,10,50
06_Satellite,max_aspect_ratio,5,0.58,0.15999999999999992,HIGH,10,50
06_Satellite,max_streak_area_ratio,1,0.676,0.3520000000000001,HIGH,10,50
06_Satellite,max_streak_area_ratio,2,0.71,0.41999999999999993,HIGH,10,50
06_Satellite,max_streak_area_ratio,3,0.764,0.528,HIGH,10,50
06_Satellite,max_streak_area_ratio,4,0.71,0.41999999999999993,HIGH,10,50
06_Satellite,max_streak_area_ratio,5,0.796,0.5920000000000001,HIGH,10,50
06_Satellite,max_streak_aspect_ratio,1,0.978,0.956,HIGH,10,50
06_Satellite,max_streak_aspect_ratio,2,0.866,0.732,HIGH,10,50
06_Satellite,max_streak_aspect_ratio,3,0.968,0.9359999999999999,HIGH,10,50
06_Satellite,max_streak_aspect_ratio,4,0.734,0.46799999999999997,HIGH,10,50
06_Satellite,max_streak_aspect_ratio,5,0.982,0.964,HIGH,10,50
06_Satellite,max_streak_length_ratio,1,0.914,0.8280000000000001,HIGH,10,50
06_Satellite,max_streak_length_ratio,2,0.904,0.808,HIGH,10,50
06_Satellite,max_streak_length_ratio,3,0.932,0.8640000000000001,HIGH,10,50
06_Satellite,max_streak_length_ratio,4,0.902,0.804,HIGH,10,50
06_Satellite,max_streak_length_ratio,5,0.984,0.968,HIGH,10,50
06_Satellite,mean_aspect_ratio,1,0.616,0.23199999999999998,HIGH,10,50
06_Satellite,mean_aspect_ratio,2,0.67,0.3400000000000001,HIGH,10,50
06_Satellite,mean_aspect_ratio,3,0.64,0.28,HIGH,10,50
06_Satellite,mean_aspect_ratio,4,0.65,0.30000000000000004,HIGH,10,50
06_Satellite,mean_aspect_ratio,5,0.578,0.15599999999999992,HIGH,10,50
06_Satellite,mean_circularity,1,0.66,0.32000000000000006,HIGH,10,50
06_Satellite,mean_circularity,2,0.542,0.08400000000000007,HIGH,10,50
06_Satellite,mean_circularity,3,0.534,0.06800000000000006,HIGH,10,50
06_Satellite,mean_circularity,4,0.576,0.1519999999999999,HIGH,10,50
06_Satellite,mean_circularity,5,0.498,0.0040000000000000036,LOW,10,50
06_Satellite,mean_fwhm,1,0.746,0.492,HIGH,10,50
06_Satellite,mean_fwhm,2,0.662,0.32400000000000007,HIGH,10,50
06_Satellite,mean_fwhm,3,0.712,0.42399999999999993,HIGH,10,50
06_Satellite,mean_fwhm,4,0.772,0.544,HIGH,10,50
06_Satellite,mean_fwhm,5,0.72,0.43999999999999995,HIGH,10,50
06_Satellite,mean_hfr,1,0.808,0.6160000000000001,HIGH,10,50
06_Satellite,mean_hfr,2,0.7,0.3999999999999999,HIGH,10,50
06_Satellite,mean_hfr,3,0.79,0.5800000000000001,HIGH,10,50
06_Satellite,mean_hfr,4,0.842,0.6839999999999999,HIGH,10,50
06_Satellite,mean_hfr,5,0.746,0.492,HIGH,10,50
06_Satellite,mean_hollowness,1,0.476,0.04800000000000004,LOW,10,50
06_Satellite,mean_hollowness,2,0.46,0.07999999999999996,LOW,10,50
06_Satellite,mean_hollowness,3,0.47,0.06000000000000005,LOW,10,50
06_Satellite,mean_hollowness,4,0.545,0.09000000000000008,HIGH,10,50
06_Satellite,mean_hollowness,5,0.466,0.06799999999999995,LOW,10,50
06_Satellite,mean_intensity,1,0.63,0.26,HIGH,10,50
06_Satellite,mean_intensity,2,0.616,0.23199999999999998,HIGH,10,50
06_Satellite,mean_intensity,3,0.544,0.08800000000000008,HIGH,10,50
06_Satellite,mean_intensity,4,0.546,0.09200000000000008,HIGH,10,50
06_Satellite,mean_intensity,5,0.502,0.0040000000000000036,HIGH,10,50
06_Satellite,mean_star_area,1,0.714,0.42799999999999994,HIGH,10,50
06_Satellite,mean_star_area,2,0.668,0.3360000000000001,HIGH,10,50
06_Satellite,mean_star_area,3,0.694,0.3879999999999999,HIGH,10,50
06_Satellite,mean_star_area,4,0.688,0.3759999999999999,HIGH,10,50
06_Satellite,mean_star_area,5,0.674,0.3480000000000001,HIGH,10,50
06_Satellite,median_eccentricity,1,0.416,0.16800000000000004,LOW,10,50
06_Satellite,median_eccentricity,2,0.53,0.06000000000000005,HIGH,10,50
06_Satellite,median_eccentricity,3,0.454,0.09199999999999997,LOW,10,50
06_Satellite,median_eccentricity,4,0.468,0.06399999999999995,LOW,10,50
06_Satellite,median_eccentricity,5,0.584,0.16799999999999993,HIGH,10,50
06_Satellite,median_fwhm,1,0.71,0.41999999999999993,HIGH,10,50
06_Satellite,median_fwhm,2,0.608,0.21599999999999997,HIGH,10,50
06_Satellite,median_fwhm,3,0.688,0.3759999999999999,HIGH,10,50
06_Satellite,median_fwhm,4,0.732,0.46399999999999997,HIGH,10,50
06_Satellite,median_fwhm,5,0.68,0.3600000000000001,HIGH,10,50
06_Satellite,median_fwhm_ratio,1,0.414,0.17200000000000004,LOW,10,50
06_Satellite,median_fwhm_ratio,2,0.524,0.04800000000000004,HIGH,10,50
06_Satellite,median_fwhm_ratio,3,0.454,0.09199999999999997,LOW,10,50
06_Satellite,median_fwhm_ratio,4,0.468,0.06399999999999995,LOW,10,50
06_Satellite,median_fwhm_ratio,5,0.582,0.16399999999999992,HIGH,10,50
06_Satellite,median_hfr,1,0.774,0.548,HIGH,10,50
06_Satellite,median_hfr,2,0.67,0.3400000000000001,HIGH,10,50
06_Satellite,median_hfr,3,0.742,0.484,HIGH,10,50
06_Satellite,median_hfr,4,0.798,0.5960000000000001,HIGH,10,50
06_Satellite,median_hfr,5,0.684,0.3680000000000001,HIGH,10,50
06_Satellite,saturated_ratio,1,0.573,0.1459999999999999,HIGH,10,50
06_Satellite,saturated_ratio,2,0.59,0.17999999999999994,HIGH,10,50
06_Satellite,saturated_ratio,3,0.598,0.19599999999999995,HIGH,10,50
06_Satellite,saturated_ratio,4,0.52,0.040000000000000036,HIGH,10,50
06_Satellite,saturated_ratio,5,0.561,0.12200000000000011,HIGH,10,50
06_Satellite,sharpness,1,0.61,0.21999999999999997,HIGH,10,50
06_Satellite,sharpness,2,0.548,0.09600000000000009,HIGH,10,50
06_Satellite,sharpness,3,0.64,0.28,HIGH,10,50
06_Satellite,sharpness,4,0.508,0.016000000000000014,HIGH,10,50
06_Satellite,sharpness,5,0.486,0.028000000000000025,LOW,10,50
06_Satellite,star_count,1,0.565,0.1299999999999999,HIGH,10,50
06_Satellite,star_count,2,0.537,0.07400000000000007,HIGH,10,50
06_Satellite,star_count,3,0.478,0.04400000000000004,LOW,10,50
06_Satellite,star_count,4,0.578,0.15599999999999992,HIGH,10,50
06_Satellite,star_count,5,0.598,0.19599999999999995,HIGH,10,50
06_Satellite,std_intensity,1,0.554,0.1080000000000001,HIGH,10,50
06_Satellite,std_intensity,2,0.496,0.008000000000000007,LOW,10,50
06_Satellite,std_intensity,3,0.56,0.1200000000000001,HIGH,10,50
06_Satellite,std_intensity,4,0.514,0.028000000000000025,HIGH,10,50
06_Satellite,std_intensity,5,0.472,0.05600000000000005,LOW,10,50
06_Satellite,streak_count,1,0.81,0.6200000000000001,HIGH,10,50
06_Satellite,streak_count,2,0.81,0.6200000000000001,HIGH,10,50
06_Satellite,streak_count,3,0.86,0.72,HIGH,10,50
06_Satellite,streak_count,4,0.81,0.6200000000000001,HIGH,10,50
06_Satellite,streak_count,5,0.9,0.8,HIGH,10,50
06_Satellite,valid_profile_count,1,0.565,0.1299999999999999,HIGH,10,50
06_Satellite,valid_profile_count,2,0.537,0.07400000000000007,HIGH,10,50
06_Satellite,valid_profile_count,3,0.478,0.04400000000000004,LOW,10,50
06_Satellite,valid_profile_count,4,0.578,0.15599999999999992,HIGH,10,50
06_Satellite,valid_profile_count,5,0.598,0.19599999999999995,HIGH,10,50
